case_id,finding_id,primary_package,purpose,environment,target_behavior,required_evidence,result,task_refs,decision_refs,gate_refs,expectation_status,prerequisites,no_side_effect_and_rollback,source_requirement,baseline_target_behavior,evidence_ref,owner,conditional_gate_requirements,activation_condition,case_definition_status,target_baseline,evidence_level
AC-B01-01,B01,RP01,FIX_ACCEPTANCE,ISOLATED_POSTGRES_API,"按批准范围及适用条件验收（D-S01-01, D-S01-02）；继承目标候选：ADMIN reset of SUPER_ADMIN is rejected and causes no credential/session changes。若裁定采用另一方案，补充具体断言和风险处置；不能沿用候选断言自动记PASS。",exact baseline+approved scope+owned fixture/auth success preconditions+command/exit/log+actual DB/IDB/file state+cleanup; document gates use attributable static review/approval artifacts,PASS,RP01-T02,D-S01-01;D-S01-02,D-S01-01;D-S01-02,PENDING_DECISION,Applicable conditional gates only; no execution authorization granted; before negative tests prove authorized success fixture and current candidate,Rejected operation: no unapproved durable changes; failed run retains recoverable copy/last safe state; rollback or containment must match current schema/protocol,V1_INHERITED,ADMIN reset of SUPER_ADMIN is rejected and causes no credential/session changes,execution/RP01/RP01-T02/runs/2026-10-06-continuous-remediation-01/acceptance.json,Codex single executor,"[{""taskId"":""RP01-T02"",""ref"":""D-S01-01"",""before"":""IMPLEMENTATION"",""condition"":""always""},{""taskId"":""RP01-T02"",""ref"":""D-S01-02"",""before"":""IMPLEMENTATION"",""condition"":""only forced-password-change/business allowlist sub-scope; rank/reset protection uses D-S01-01 independently""}]",APPLICABLE_ACTIVATED_SCOPE_ONLY,DRAFT_NOT_APPROVED,Current dirty-worktree hashes: execution/RP01/RP01-T02/runs/2026-10-06-continuous-remediation-01/evidence/source-hashes.json,CURRENT_LOCAL_OWNED_RUNTIME
AC-B01-02,B01,RP01,FIX_ACCEPTANCE,ISOLATED_POSTGRES_API,"按批准范围及适用条件验收（D-S01-01, D-S01-02）；继承目标候选：Permitted normal-target reset invalidates old refresh sessions。若裁定采用另一方案，补充具体断言和风险处置；不能沿用候选断言自动记PASS。",exact baseline+approved scope+owned fixture/auth success preconditions+command/exit/log+actual DB/IDB/file state+cleanup; document gates use attributable static review/approval artifacts,PASS,RP01-T02,D-S01-01;D-S01-02,D-S01-01;D-S01-02,PENDING_DECISION,Applicable conditional gates only; no execution authorization granted; before negative tests prove authorized success fixture and current candidate,Rejected operation: no unapproved durable changes; failed run retains recoverable copy/last safe state; rollback or containment must match current schema/protocol,V1_INHERITED,Permitted normal-target reset invalidates old refresh sessions,execution/RP01/RP01-T02/runs/2026-10-06-continuous-remediation-01/acceptance.json,Codex single executor,"[{""taskId"":""RP01-T02"",""ref"":""D-S01-01"",""before"":""IMPLEMENTATION"",""condition"":""always""},{""taskId"":""RP01-T02"",""ref"":""D-S01-02"",""before"":""IMPLEMENTATION"",""condition"":""only forced-password-change/business allowlist sub-scope; rank/reset protection uses D-S01-01 independently""}]",APPLICABLE_ACTIVATED_SCOPE_ONLY,DRAFT_NOT_APPROVED,Current dirty-worktree hashes: execution/RP01/RP01-T02/runs/2026-10-06-continuous-remediation-01/evidence/source-hashes.json,CURRENT_LOCAL_OWNED_RUNTIME
AC-B01-03,B01,RP01,FIX_ACCEPTANCE,ISOLATED_POSTGRES_API,"按批准范围及适用条件验收（D-S01-01, D-S01-02）；继承目标候选：force-change user cannot use ordinary business endpoints。若裁定采用另一方案，补充具体断言和风险处置；不能沿用候选断言自动记PASS。",exact baseline+approved scope+owned fixture/auth success preconditions+command/exit/log+actual DB/IDB/file state+cleanup; document gates use attributable static review/approval artifacts,PASS,RP01-T02,D-S01-01;D-S01-02,D-S01-01;D-S01-02,PENDING_DECISION,Applicable conditional gates only; no execution authorization granted; before negative tests prove authorized success fixture and current candidate,Rejected operation: no unapproved durable changes; failed run retains recoverable copy/last safe state; rollback or containment must match current schema/protocol,V1_INHERITED,force-change user cannot use ordinary business endpoints,execution/RP01/RP01-T02/runs/2026-10-06-continuous-remediation-01/acceptance.json,Codex single executor,"[{""taskId"":""RP01-T02"",""ref"":""D-S01-01"",""before"":""IMPLEMENTATION"",""condition"":""always""},{""taskId"":""RP01-T02"",""ref"":""D-S01-02"",""before"":""IMPLEMENTATION"",""condition"":""only forced-password-change/business allowlist sub-scope; rank/reset protection uses D-S01-01 independently""}]",APPLICABLE_ACTIVATED_SCOPE_ONLY,DRAFT_NOT_APPROVED,Current dirty-worktree hashes: execution/RP01/RP01-T02/runs/2026-10-06-continuous-remediation-01/evidence/source-hashes.json,CURRENT_LOCAL_OWNED_RUNTIME
AC-B01-04,B01,RP01,FIX_ACCEPTANCE,ISOLATED_POSTGRES_API,"按批准范围及适用条件验收（D-S01-01, D-S01-02）；继承目标候选：revocation/audit failure has documented consistent state semantics。若裁定采用另一方案，补充具体断言和风险处置；不能沿用候选断言自动记PASS。",exact baseline+approved scope+owned fixture/auth success preconditions+command/exit/log+actual DB/IDB/file state+cleanup; document gates use attributable static review/approval artifacts,PASS,RP01-T02,D-S01-01;D-S01-02,D-S01-01;D-S01-02,PENDING_DECISION,Applicable conditional gates only; no execution authorization granted; before negative tests prove authorized success fixture and current candidate,Rejected operation: no unapproved durable changes; failed run retains recoverable copy/last safe state; rollback or containment must match current schema/protocol,V1_INHERITED,revocation/audit failure has documented consistent state semantics,execution/RP01/RP01-T02/runs/2026-10-06-continuous-remediation-01/acceptance.json,Codex single executor,"[{""taskId"":""RP01-T02"",""ref"":""D-S01-01"",""before"":""IMPLEMENTATION"",""condition"":""always""},{""taskId"":""RP01-T02"",""ref"":""D-S01-02"",""before"":""IMPLEMENTATION"",""condition"":""only forced-password-change/business allowlist sub-scope; rank/reset protection uses D-S01-01 independently""}]",APPLICABLE_ACTIVATED_SCOPE_ONLY,DRAFT_NOT_APPROVED,Current dirty-worktree hashes: execution/RP01/RP01-T02/runs/2026-10-06-continuous-remediation-01/evidence/source-hashes.json,CURRENT_LOCAL_OWNED_RUNTIME
AC-B17-01,B17,RP01,FIX_ACCEPTANCE,ISOLATED_POSTGRES_API,Authorized valid code/name returns 201 and isSystem=false,exact baseline+approved scope+owned fixture/auth success preconditions+command/exit/log+actual DB/IDB/file state+cleanup; document gates use attributable static review/approval artifacts,PASS,RP01-T01,,,PROPOSED_ACCEPTANCE,Applicable conditional gates only; no execution authorization granted; before negative tests prove authorized success fixture and current candidate,Rejected operation: no unapproved durable changes; failed run retains recoverable copy/last safe state; rollback or containment must match current schema/protocol,V1_INHERITED,Authorized valid code/name returns 201 and isSystem=false,../2026-10-05-luna-remaining-execution/implementation/2026-10-06-continuous-remediation-01/FOLLOWUP-COMPILED-ACCEPTANCE/acceptance.json,Codex single executor,[],APPLICABLE_ACTIVATED_SCOPE_ONLY,DRAFT_NOT_APPROVED,roles.js SHA256 5b60d6af2f9c196a8836b195d507ed57bdd8f8d2d29c5e30d6bb76af56703aa9; current allsourcebindings in b17 attempt04; targetNOT_RUN,CURRENT_COMPILED_NATIVE_HTTP_PG
AC-B17-02,B17,RP01,FIX_ACCEPTANCE,ISOLATED_POSTGRES_API,Duplicate/invalid code rejected,exact baseline+approved scope+owned fixture/auth success preconditions+command/exit/log+actual DB/IDB/file state+cleanup; document gates use attributable static review/approval artifacts,PASS,RP01-T01,,,PROPOSED_ACCEPTANCE,Applicable conditional gates only; no execution authorization granted; before negative tests prove authorized success fixture and current candidate,Rejected operation: no unapproved durable changes; failed run retains recoverable copy/last safe state; rollback or containment must match current schema/protocol,V1_INHERITED,Duplicate/invalid code rejected,../2026-10-05-luna-remaining-execution/implementation/2026-10-06-continuous-remediation-01/FOLLOWUP-COMPILED-ACCEPTANCE/acceptance.json,Codex single executor,[],APPLICABLE_ACTIVATED_SCOPE_ONLY,DRAFT_NOT_APPROVED,roles.js SHA256 5b60d6af2f9c196a8836b195d507ed57bdd8f8d2d29c5e30d6bb76af56703aa9; current allsourcebindings in b17 attempt04; targetNOT_RUN,CURRENT_COMPILED_NATIVE_HTTP_PG
AC-B17-03,B17,RP01,FIX_ACCEPTANCE,ISOLATED_POSTGRES_API,"Client cannot set id, permission links or audit/system fields",exact baseline+approved scope+owned fixture/auth success preconditions+command/exit/log+actual DB/IDB/file state+cleanup; document gates use attributable static review/approval artifacts,PASS,RP01-T01,,,PROPOSED_ACCEPTANCE,Applicable conditional gates only; no execution authorization granted; before negative tests prove authorized success fixture and current candidate,Rejected operation: no unapproved durable changes; failed run retains recoverable copy/last safe state; rollback or containment must match current schema/protocol,V1_INHERITED,"Client cannot set id, permission links or audit/system fields",../2026-10-05-luna-remaining-execution/implementation/2026-10-06-continuous-remediation-01/FOLLOWUP-COMPILED-ACCEPTANCE/acceptance.json,Codex single executor,[],APPLICABLE_ACTIVATED_SCOPE_ONLY,DRAFT_NOT_APPROVED,roles.js SHA256 5b60d6af2f9c196a8836b195d507ed57bdd8f8d2d29c5e30d6bb76af56703aa9; current allsourcebindings in b17 attempt04; targetNOT_RUN,CURRENT_COMPILED_NATIVE_HTTP_PG
AC-B14-01,B14,RP02,FIX_ACCEPTANCE,ISOLATED_POSTGRES_API,The fifth failure enters the documented lock state.,exact baseline+approved scope+owned fixture/auth success preconditions+command/exit/log+actual DB/IDB/file state+cleanup; document gates use attributable static review/approval artifacts,PASS,RP02-T01,,,PROPOSED_ACCEPTANCE,Applicable conditional gates only; no execution authorization granted; before negative tests prove authorized success fixture and current candidate,Rejected operation: no unapproved durable changes; failed run retains recoverable copy/last safe state; rollback or containment must match current schema/protocol,V1_INHERITED,The fifth failure enters the documented lock state.,execution/RP02/RP02-T01/runs/2026-10-03-codebuddy-lr3-testonly/acceptance.json#AC-B14-01 (attempt-01; src:reports.js=1bcbef68fcf01cb3/reportCommands.ts=758cb5010beda8d5/sync.js=ad41610a6036f054/auth.js=8f736619a1526247); independent execution/reviews/2026-10-03-codebuddy-followup/validation-summary.json#AC-B14-01,Codex executor,[],APPLICABLE_ACTIVATED_SCOPE_ONLY,DRAFT_NOT_APPROVED,HEAD 138cf2da1b63195cef7e884f69bdf8ded6ed3c21; exact current dirty-worktree hashes execution/reviews/2026-10-03-codebuddy-followup/evidence/start-baseline.json; local scope only,LOCAL_CURRENT_CODE_EXECUTOR_PLUS_INDEPENDENT_EVIDENCE_SEE_LIMITS
AC-B14-02,B14,RP02,FIX_ACCEPTANCE,ISOLATED_POSTGRES_API,"At expiry, the documented automatic or manual recovery flow succeeds with correct credentials.",exact baseline+approved scope+owned fixture/auth success preconditions+command/exit/log+actual DB/IDB/file state+cleanup; document gates use attributable static review/approval artifacts,PASS,RP02-T01,,,PROPOSED_ACCEPTANCE,Applicable conditional gates only; no execution authorization granted; before negative tests prove authorized success fixture and current candidate,Rejected operation: no unapproved durable changes; failed run retains recoverable copy/last safe state; rollback or containment must match current schema/protocol,V1_INHERITED,"At expiry, the documented automatic or manual recovery flow succeeds with correct credentials.",execution/RP02/RP02-T01/runs/2026-10-03-codebuddy-lr3-testonly/acceptance.json#AC-B14-02 (attempt-01; src:reports.js=1bcbef68fcf01cb3/reportCommands.ts=758cb5010beda8d5/sync.js=ad41610a6036f054/auth.js=8f736619a1526247); independent execution/reviews/2026-10-03-codebuddy-followup/validation-summary.json#AC-B14-02,Codex executor,[],APPLICABLE_ACTIVATED_SCOPE_ONLY,DRAFT_NOT_APPROVED,HEAD 138cf2da1b63195cef7e884f69bdf8ded6ed3c21; exact current dirty-worktree hashes execution/reviews/2026-10-03-codebuddy-followup/evidence/start-baseline.json; local scope only,LOCAL_CURRENT_CODE_EXECUTOR_PLUS_INDEPENDENT_EVIDENCE_SEE_LIMITS
AC-B14-03,B14,RP02,FIX_ACCEPTANCE,ISOLATED_POSTGRES_API,DISABLED remains rejected.,exact baseline+approved scope+owned fixture/auth success preconditions+command/exit/log+actual DB/IDB/file state+cleanup; document gates use attributable static review/approval artifacts,PASS,RP02-T01,,,PROPOSED_ACCEPTANCE,Applicable conditional gates only; no execution authorization granted; before negative tests prove authorized success fixture and current candidate,Rejected operation: no unapproved durable changes; failed run retains recoverable copy/last safe state; rollback or containment must match current schema/protocol,V1_INHERITED,DISABLED remains rejected.,execution/RP02/RP02-T01/runs/2026-10-03-codebuddy-lr3-testonly/acceptance.json#AC-B14-03 (attempt-01 incl. C01 fence; src:reports.js=1bcbef68fcf01cb3/reportCommands.ts=758cb5010beda8d5/sync.js=ad41610a6036f054/auth.js=8f736619a1526247); independent execution/reviews/2026-10-03-codebuddy-followup/validation-summary.json#AC-B14-03,Codex executor,[],APPLICABLE_ACTIVATED_SCOPE_ONLY,DRAFT_NOT_APPROVED,HEAD 138cf2da1b63195cef7e884f69bdf8ded6ed3c21; exact current dirty-worktree hashes execution/reviews/2026-10-03-codebuddy-followup/evidence/start-baseline.json; local scope only,LOCAL_CURRENT_CODE_EXECUTOR_PLUS_INDEPENDENT_EVIDENCE_SEE_LIMITS
AC-B14-04,B14,RP02,FIX_ACCEPTANCE,ISOLATED_POSTGRES_API,Successful login clears failure count and timed-lock data.,exact baseline+approved scope+owned fixture/auth success preconditions+command/exit/log+actual DB/IDB/file state+cleanup; document gates use attributable static review/approval artifacts,PASS,RP02-T01,,,PROPOSED_ACCEPTANCE,Applicable conditional gates only; no execution authorization granted; before negative tests prove authorized success fixture and current candidate,Rejected operation: no unapproved durable changes; failed run retains recoverable copy/last safe state; rollback or containment must match current schema/protocol,V1_INHERITED,Successful login clears failure count and timed-lock data.,execution/RP02/RP02-T01/runs/2026-10-03-codebuddy-lr3-testonly/acceptance.json#AC-B14-04 (attempt-01; src:reports.js=1bcbef68fcf01cb3/reportCommands.ts=758cb5010beda8d5/sync.js=ad41610a6036f054/auth.js=8f736619a1526247); independent execution/reviews/2026-10-03-codebuddy-followup/validation-summary.json#AC-B14-04,Codex executor,[],APPLICABLE_ACTIVATED_SCOPE_ONLY,DRAFT_NOT_APPROVED,HEAD 138cf2da1b63195cef7e884f69bdf8ded6ed3c21; exact current dirty-worktree hashes execution/reviews/2026-10-03-codebuddy-followup/evidence/start-baseline.json; local scope only,LOCAL_CURRENT_CODE_EXECUTOR_PLUS_INDEPENDENT_EVIDENCE_SEE_LIMITS
AC-B15-01,B15,RP02,FIX_ACCEPTANCE,ISOLATED_POSTGRES_API,按批准范围及适用条件验收（T-RP-09）；继承目标候选：Controlled concurrent use of one refresh token yields at most one successor.。若裁定采用另一方案，补充具体断言和风险处置；不能沿用候选断言自动记PASS。,exact baseline+approved scope+owned fixture/auth success preconditions+command/exit/log+actual DB/IDB/file state+cleanup; document gates use attributable static review/approval artifacts,PASS,RP02-T02,T-RP-09,,PENDING_DECISION,Applicable conditional gates only; no execution authorization granted; before negative tests prove authorized success fixture and current candidate,Rejected operation: no unapproved durable changes; failed run retains recoverable copy/last safe state; rollback or containment must match current schema/protocol,V1_INHERITED,Controlled concurrent use of one refresh token yields at most one successor.,execution/RP02/RP02-T02/runs/2026-10-05-auth-lineage-01/acceptance.json,Codex single executor,"[{""taskId"":""RP02-T02"",""ref"":""T-RP-09"",""before"":""IMPLEMENTATION"",""condition"":""always""}]",APPLICABLE_ACTIVATED_SCOPE_ONLY,DRAFT_NOT_APPROVED,Current dirty-worktree hashes: execution/RP02/RP02-T02/runs/2026-10-05-auth-lineage-01/evidence/source-hashes.json,CURRENT_LOCAL_OWNED_RUNTIME
AC-B15-02,B15,RP02,FIX_ACCEPTANCE,ISOLATED_POSTGRES_API,按批准范围及适用条件验收（T-RP-09）；继承目标候选：A replay follows documented family-level response and cannot create another active branch.。若裁定采用另一方案，补充具体断言和风险处置；不能沿用候选断言自动记PASS。,exact baseline+approved scope+owned fixture/auth success preconditions+command/exit/log+actual DB/IDB/file state+cleanup; document gates use attributable static review/approval artifacts,PASS,RP02-T02,T-RP-09,,PENDING_DECISION,Applicable conditional gates only; no execution authorization granted; before negative tests prove authorized success fixture and current candidate,Rejected operation: no unapproved durable changes; failed run retains recoverable copy/last safe state; rollback or containment must match current schema/protocol,V1_INHERITED,A replay follows documented family-level response and cannot create another active branch.,execution/RP02/RP02-T02/runs/2026-10-05-auth-lineage-01/acceptance.json,Codex single executor,"[{""taskId"":""RP02-T02"",""ref"":""T-RP-09"",""before"":""IMPLEMENTATION"",""condition"":""always""}]",APPLICABLE_ACTIVATED_SCOPE_ONLY,DRAFT_NOT_APPROVED,Current dirty-worktree hashes: execution/RP02/RP02-T02/runs/2026-10-05-auth-lineage-01/evidence/source-hashes.json,CURRENT_LOCAL_OWNED_RUNTIME
AC-B15-03,B15,RP02,FIX_ACCEPTANCE,ISOLATED_POSTGRES_API,"按批准范围及适用条件验收（T-RP-09）；继承目标候选：Any failure after consuming a token leaves a recoverable, observable session outcome.。若裁定采用另一方案，补充具体断言和风险处置；不能沿用候选断言自动记PASS。",exact baseline+approved scope+owned fixture/auth success preconditions+command/exit/log+actual DB/IDB/file state+cleanup; document gates use attributable static review/approval artifacts,PASS,RP02-T02,T-RP-09,,PENDING_DECISION,Applicable conditional gates only; no execution authorization granted; before negative tests prove authorized success fixture and current candidate,Rejected operation: no unapproved durable changes; failed run retains recoverable copy/last safe state; rollback or containment must match current schema/protocol,V1_INHERITED,"Any failure after consuming a token leaves a recoverable, observable session outcome.",execution/RP02/RP02-T02/runs/2026-10-05-auth-lineage-01/acceptance.json,Codex single executor,"[{""taskId"":""RP02-T02"",""ref"":""T-RP-09"",""before"":""IMPLEMENTATION"",""condition"":""always""}]",APPLICABLE_ACTIVATED_SCOPE_ONLY,DRAFT_NOT_APPROVED,Current dirty-worktree hashes: execution/RP02/RP02-T02/runs/2026-10-05-auth-lineage-01/evidence/source-hashes.json,CURRENT_LOCAL_OWNED_RUNTIME
AC-B15-04,B15,RP02,FIX_ACCEPTANCE,ISOLATED_POSTGRES_API,按批准范围及适用条件验收（T-RP-09）；继承目标候选：Response expiresIn equals the access JWT remaining lifetime.。若裁定采用另一方案，补充具体断言和风险处置；不能沿用候选断言自动记PASS。,exact baseline+approved scope+owned fixture/auth success preconditions+command/exit/log+actual DB/IDB/file state+cleanup; document gates use attributable static review/approval artifacts,PASS,RP02-T02,T-RP-09,,PENDING_DECISION,Applicable conditional gates only; no execution authorization granted; before negative tests prove authorized success fixture and current candidate,Rejected operation: no unapproved durable changes; failed run retains recoverable copy/last safe state; rollback or containment must match current schema/protocol,V1_INHERITED,Response expiresIn equals the access JWT remaining lifetime.,execution/RP02/RP02-T02/runs/2026-10-05-auth-lineage-01/acceptance.json,Codex single executor,"[{""taskId"":""RP02-T02"",""ref"":""T-RP-09"",""before"":""IMPLEMENTATION"",""condition"":""always""}]",APPLICABLE_ACTIVATED_SCOPE_ONLY,DRAFT_NOT_APPROVED,Current dirty-worktree hashes: execution/RP02/RP02-T02/runs/2026-10-05-auth-lineage-01/evidence/source-hashes.json,CURRENT_LOCAL_OWNED_RUNTIME
AC-N-R02-01-01,N-R02-01,RP03,FIX_ACCEPTANCE,ISOLATED_BROWSER,"按批准范围及适用条件验收（T-RP-09）；继承目标候选：In two-browser-context controlled response ordering, a losing old-token response cannot clear a newer stored token.。若裁定采用另一方案，补充具体断言和风险处置；不能沿用候选断言自动记PASS。",exact baseline+approved scope+owned fixture/auth success preconditions+command/exit/log+actual DB/IDB/file state+cleanup; document gates use attributable static review/approval artifacts,PASS,RP03-T01,T-RP-09,S02-OPEN-05,PENDING_DECISION,Applicable conditional gates only; no execution authorization granted; before negative tests prove authorized success fixture and current candidate,Rejected operation: no unapproved durable changes; failed run retains recoverable copy/last safe state; rollback or containment must match current schema/protocol,V1_INHERITED,"In two-browser-context controlled response ordering, a losing old-token response cannot clear a newer stored token.",execution/RP03/RP03-T01/runs/2026-10-05-auth-lineage-01/acceptance.json,Codex single executor,"[{""taskId"":""RP03-T01"",""ref"":""T-RP-09"",""before"":""IMPLEMENTATION"",""condition"":""always""},{""taskId"":""RP03-T01"",""ref"":""S02-OPEN-05"",""before"":""VALIDATION"",""condition"":""always""}]",APPLICABLE_ACTIVATED_SCOPE_ONLY,DRAFT_NOT_APPROVED,Current dirty-worktree hashes: execution/RP03/RP03-T01/runs/2026-10-05-auth-lineage-01/evidence/source-hashes.json,CURRENT_LOCAL_OWNED_RUNTIME
AC-N-R02-01-02,N-R02-01,RP03,FIX_ACCEPTANCE,ISOLATED_BROWSER,按批准范围及适用条件验收（T-RP-09）；继承目标候选：A genuinely invalid current refresh still clears local session and routes to login.。若裁定采用另一方案，补充具体断言和风险处置；不能沿用候选断言自动记PASS。,exact baseline+approved scope+owned fixture/auth success preconditions+command/exit/log+actual DB/IDB/file state+cleanup; document gates use attributable static review/approval artifacts,PASS,RP03-T01,T-RP-09,S02-OPEN-05,PENDING_DECISION,Applicable conditional gates only; no execution authorization granted; before negative tests prove authorized success fixture and current candidate,Rejected operation: no unapproved durable changes; failed run retains recoverable copy/last safe state; rollback or containment must match current schema/protocol,V1_INHERITED,A genuinely invalid current refresh still clears local session and routes to login.,execution/RP03/RP03-T01/runs/2026-10-05-auth-lineage-01/acceptance.json,Codex single executor,"[{""taskId"":""RP03-T01"",""ref"":""T-RP-09"",""before"":""IMPLEMENTATION"",""condition"":""always""},{""taskId"":""RP03-T01"",""ref"":""S02-OPEN-05"",""before"":""VALIDATION"",""condition"":""always""}]",APPLICABLE_ACTIVATED_SCOPE_ONLY,DRAFT_NOT_APPROVED,Current dirty-worktree hashes: execution/RP03/RP03-T01/runs/2026-10-05-auth-lineage-01/evidence/source-hashes.json,CURRENT_LOCAL_OWNED_RUNTIME
AC-N-R02-02-01,N-R02-02,RP03,FIX_ACCEPTANCE,ISOLATED_POSTGRES_API,"按批准范围及适用条件验收（D-S01-04, T-RP-09）；继承目标候选：After the chosen contract window, old access and refresh credentials are both rejected following self-change and administrator reset.。若裁定采用另一方案，补充具体断言和风险处置；不能沿用候选断言自动记PASS。",exact baseline+approved scope+owned fixture/auth success preconditions+command/exit/log+actual DB/IDB/file state+cleanup; document gates use attributable static review/approval artifacts,PASS,RP03-T02,D-S01-04;T-RP-09,D-S01-04;S03-OI-06,PENDING_DECISION,Applicable conditional gates only; no execution authorization granted; before negative tests prove authorized success fixture and current candidate,Rejected operation: no unapproved durable changes; failed run retains recoverable copy/last safe state; rollback or containment must match current schema/protocol,V1_INHERITED,"After the chosen contract window, old access and refresh credentials are both rejected following self-change and administrator reset.",execution/RP03/RP03-T02/runs/2026-10-06-continuous-remediation-01/acceptance.json,Codex single executor,"[{""taskId"":""RP03-T02"",""ref"":""D-S01-04"",""before"":""IMPLEMENTATION"",""condition"":""always""},{""taskId"":""RP03-T02"",""ref"":""T-RP-09"",""before"":""IMPLEMENTATION"",""condition"":""always""},{""taskId"":""RP03-T02"",""ref"":""S03-OI-06"",""before"":""IMPLEMENTATION"",""condition"":""same D-S01-04 approval; no second approval required""}]",APPLICABLE_ACTIVATED_SCOPE_ONLY,DRAFT_NOT_APPROVED,Current dirty-worktree hashes: execution/RP03/RP03-T02/runs/2026-10-06-continuous-remediation-01/evidence/source-hashes.json,CURRENT_LOCAL_OWNED_RUNTIME
AC-N-R02-02-02,N-R02-02,RP03,FIX_ACCEPTANCE,ISOLATED_POSTGRES_API,"按批准范围及适用条件验收（D-S01-04, T-RP-09）；继承目标候选：New login using the resulting password works and must-change behavior remains enforced according to policy.。若裁定采用另一方案，补充具体断言和风险处置；不能沿用候选断言自动记PASS。",exact baseline+approved scope+owned fixture/auth success preconditions+command/exit/log+actual DB/IDB/file state+cleanup; document gates use attributable static review/approval artifacts,PASS,RP03-T02,D-S01-04;T-RP-09,D-S01-04;S03-OI-06,PENDING_DECISION,Applicable conditional gates only; no execution authorization granted; before negative tests prove authorized success fixture and current candidate,Rejected operation: no unapproved durable changes; failed run retains recoverable copy/last safe state; rollback or containment must match current schema/protocol,V1_INHERITED,New login using the resulting password works and must-change behavior remains enforced according to policy.,execution/RP03/RP03-T02/runs/2026-10-06-continuous-remediation-01/acceptance.json,Codex single executor,"[{""taskId"":""RP03-T02"",""ref"":""D-S01-04"",""before"":""IMPLEMENTATION"",""condition"":""always""},{""taskId"":""RP03-T02"",""ref"":""T-RP-09"",""before"":""IMPLEMENTATION"",""condition"":""always""},{""taskId"":""RP03-T02"",""ref"":""S03-OI-06"",""before"":""IMPLEMENTATION"",""condition"":""same D-S01-04 approval; no second approval required""}]",APPLICABLE_ACTIVATED_SCOPE_ONLY,DRAFT_NOT_APPROVED,Current dirty-worktree hashes: execution/RP03/RP03-T02/runs/2026-10-06-continuous-remediation-01/evidence/source-hashes.json,CURRENT_LOCAL_OWNED_RUNTIME
AC-B02-01,B02,RP05,FIX_ACCEPTANCE,ISOLATED_POSTGRES_API,"按批准范围及适用条件验收（D-S01-08, T-RP-07）；继承目标候选：Actor without tasks.delete cannot remove tasks through any project update payload.。若裁定采用另一方案，补充具体断言和风险处置；不能沿用候选断言自动记PASS。",exact baseline+approved scope+owned fixture/auth success preconditions+command/exit/log+actual DB/IDB/file state+cleanup; document gates use attributable static review/approval artifacts,PASS,RP05-T01;RP05-T02,D-S01-08;T-RP-07,D-S01-08;S03-OI-05,PENDING_DECISION,Applicable conditional gates only; no execution authorization granted; before negative tests prove authorized success fixture and current candidate,Rejected operation: no unapproved durable changes; failed run retains recoverable copy/last safe state; rollback or containment must match current schema/protocol,V1_INHERITED,Actor without tasks.delete cannot remove tasks through any project update payload.,execution/RP05/RP05-T02/runs/2026-10-06-continuous-remediation-01/acceptance.json,Codex single executor,"[{""taskId"":""RP05-T02"",""ref"":""D-S01-08"",""before"":""IMPLEMENTATION"",""condition"":""always""},{""taskId"":""RP05-T02"",""ref"":""T-RP-07"",""before"":""IMPLEMENTATION"",""condition"":""always""},{""taskId"":""RP05-T02"",""ref"":""S03-OI-05"",""before"":""IMPLEMENTATION"",""condition"":""only if stale/delete command adapter is changed; no gate on unrelated task fields or report snapshot""}]",APPLICABLE_ACTIVATED_SCOPE_ONLY,DRAFT_NOT_APPROVED,Current dirty-worktree hashes: execution/RP05/RP05-T02/runs/2026-10-06-continuous-remediation-01/evidence/source-hashes.json,CURRENT_LOCAL_OWNED_RUNTIME
AC-B02-02,B02,RP05,FIX_ACCEPTANCE,ISOLATED_POSTGRES_API,"按批准范围及适用条件验收（D-S01-08, T-RP-07）；继承目标候选：Updates preserve unchanged task IDs and associations.。若裁定采用另一方案，补充具体断言和风险处置；不能沿用候选断言自动记PASS。",exact baseline+approved scope+owned fixture/auth success preconditions+command/exit/log+actual DB/IDB/file state+cleanup; document gates use attributable static review/approval artifacts,PASS,RP05-T01;RP05-T02,D-S01-08;T-RP-07,D-S01-08;S03-OI-05,PENDING_DECISION,Applicable conditional gates only; no execution authorization granted; before negative tests prove authorized success fixture and current candidate,Rejected operation: no unapproved durable changes; failed run retains recoverable copy/last safe state; rollback or containment must match current schema/protocol,V1_INHERITED,Updates preserve unchanged task IDs and associations.,execution/RP05/RP05-T02/runs/2026-10-06-continuous-remediation-01/acceptance.json,Codex single executor,"[{""taskId"":""RP05-T02"",""ref"":""D-S01-08"",""before"":""IMPLEMENTATION"",""condition"":""always""},{""taskId"":""RP05-T02"",""ref"":""T-RP-07"",""before"":""IMPLEMENTATION"",""condition"":""always""},{""taskId"":""RP05-T02"",""ref"":""S03-OI-05"",""before"":""IMPLEMENTATION"",""condition"":""only if stale/delete command adapter is changed; no gate on unrelated task fields or report snapshot""}]",APPLICABLE_ACTIVATED_SCOPE_ONLY,DRAFT_NOT_APPROVED,Current dirty-worktree hashes: execution/RP05/RP05-T02/runs/2026-10-06-continuous-remediation-01/evidence/source-hashes.json,CURRENT_LOCAL_OWNED_RUNTIME
AC-B02-03,B02,RP05,FIX_ACCEPTANCE,ISOLATED_POSTGRES_API,"按批准范围及适用条件验收（D-S01-08, T-RP-07）；继承目标候选：Authorized deletion creates the documented tombstone or equivalent sync event.。若裁定采用另一方案，补充具体断言和风险处置；不能沿用候选断言自动记PASS。",exact baseline+approved scope+owned fixture/auth success preconditions+command/exit/log+actual DB/IDB/file state+cleanup; document gates use attributable static review/approval artifacts,PASS,RP05-T01;RP05-T02,D-S01-08;T-RP-07,D-S01-08;S03-OI-05,PENDING_DECISION,Applicable conditional gates only; no execution authorization granted; before negative tests prove authorized success fixture and current candidate,Rejected operation: no unapproved durable changes; failed run retains recoverable copy/last safe state; rollback or containment must match current schema/protocol,V1_INHERITED,Authorized deletion creates the documented tombstone or equivalent sync event.,execution/RP05/RP05-T02/runs/2026-10-06-continuous-remediation-01/acceptance.json,Codex single executor,"[{""taskId"":""RP05-T02"",""ref"":""D-S01-08"",""before"":""IMPLEMENTATION"",""condition"":""always""},{""taskId"":""RP05-T02"",""ref"":""T-RP-07"",""before"":""IMPLEMENTATION"",""condition"":""always""},{""taskId"":""RP05-T02"",""ref"":""S03-OI-05"",""before"":""IMPLEMENTATION"",""condition"":""only if stale/delete command adapter is changed; no gate on unrelated task fields or report snapshot""}]",APPLICABLE_ACTIVATED_SCOPE_ONLY,DRAFT_NOT_APPROVED,Current dirty-worktree hashes: execution/RP05/RP05-T02/runs/2026-10-06-continuous-remediation-01/evidence/source-hashes.json,CURRENT_LOCAL_OWNED_RUNTIME
AC-B03-01,B03,RP04,FIX_ACCEPTANCE,ISOLATED_POSTGRES_API,Legal project status transition succeeds and illegal transition remains rejected.,exact baseline+approved scope+owned fixture/auth success preconditions+command/exit/log+actual DB/IDB/file state+cleanup; document gates use attributable static review/approval artifacts,PASS,RP04-T01,,,PROPOSED_ACCEPTANCE,Applicable conditional gates only; no execution authorization granted; before negative tests prove authorized success fixture and current candidate,Rejected operation: no unapproved durable changes; failed run retains recoverable copy/last safe state; rollback or containment must match current schema/protocol,V1_INHERITED,Legal project status transition succeeds and illegal transition remains rejected.,execution/final-regression-2026-10-02/RP04/rp04-project-snapshot-active/attempt-01/integration-suite.log; execution/RP04/RP04-T01/runs/2026-10-02-followup-validation/evidence/source-hash.json,Codex executor,[],APPLICABLE_ACTIVATED_SCOPE_ONLY,DRAFT_NOT_APPROVED,HEAD 138cf2da1b63195cef7e884f69bdf8ded6ed3c21; final worktree file SHA-256 in execution/RP04/RP04-T01/runs/2026-10-02-followup-validation/evidence/source-hash.json,LOCAL_SCOPED_EVIDENCE_SEE_REFERENCED_LIMITS
AC-B03-02,B03,RP04,FIX_ACCEPTANCE,ISOLATED_POSTGRES_API,Template without explicit date derives schedule from stored project startDate.,exact baseline+approved scope+owned fixture/auth success preconditions+command/exit/log+actual DB/IDB/file state+cleanup; document gates use attributable static review/approval artifacts,PASS,RP04-T01,,,PROPOSED_ACCEPTANCE,Applicable conditional gates only; no execution authorization granted; before negative tests prove authorized success fixture and current candidate,Rejected operation: no unapproved durable changes; failed run retains recoverable copy/last safe state; rollback or containment must match current schema/protocol,V1_INHERITED,Template without explicit date derives schedule from stored project startDate.,execution/final-regression-2026-10-02/RP04/rp04-project-snapshot-active/attempt-01/integration-suite.log; execution/RP04/RP04-T01/runs/2026-10-02-followup-validation/evidence/source-hash.json,Codex executor,[],APPLICABLE_ACTIVATED_SCOPE_ONLY,DRAFT_NOT_APPROVED,HEAD 138cf2da1b63195cef7e884f69bdf8ded6ed3c21; final worktree file SHA-256 in execution/RP04/RP04-T01/runs/2026-10-02-followup-validation/evidence/source-hash.json,LOCAL_SCOPED_EVIDENCE_SEE_REFERENCED_LIMITS
AC-B03-03,B03,RP04,FIX_ACCEPTANCE,ISOLATED_POSTGRES_API,Ordinary edit with unchanged status remains valid.,exact baseline+approved scope+owned fixture/auth success preconditions+command/exit/log+actual DB/IDB/file state+cleanup; document gates use attributable static review/approval artifacts,PASS,RP04-T01,,,PROPOSED_ACCEPTANCE,Applicable conditional gates only; no execution authorization granted; before negative tests prove authorized success fixture and current candidate,Rejected operation: no unapproved durable changes; failed run retains recoverable copy/last safe state; rollback or containment must match current schema/protocol,V1_INHERITED,Ordinary edit with unchanged status remains valid.,execution/final-regression-2026-10-02/RP04/rp04-project-snapshot-active/attempt-01/integration-suite.log; execution/RP04/RP04-T01/runs/2026-10-02-followup-validation/evidence/source-hash.json,Codex executor,[],APPLICABLE_ACTIVATED_SCOPE_ONLY,DRAFT_NOT_APPROVED,HEAD 138cf2da1b63195cef7e884f69bdf8ded6ed3c21; final worktree file SHA-256 in execution/RP04/RP04-T01/runs/2026-10-02-followup-validation/evidence/source-hash.json,LOCAL_SCOPED_EVIDENCE_SEE_REFERENCED_LIMITS
AC-B18-01,B18,RP04,FIX_ACCEPTANCE,ISOLATED_POSTGRES_API,Fault at each child write leaves no partial project aggregate.,exact baseline+approved scope+owned fixture/auth success preconditions+command/exit/log+actual DB/IDB/file state+cleanup; document gates use attributable static review/approval artifacts,PASS,RP04-T02,,,PROPOSED_ACCEPTANCE,Applicable conditional gates only; no execution authorization granted; before negative tests prove authorized success fixture and current candidate,Rejected operation: no unapproved durable changes; failed run retains recoverable copy/last safe state; rollback or containment must match current schema/protocol,V1_INHERITED,Fault at each child write leaves no partial project aggregate.,execution/RP04/RP04-T02/runs/2026-10-03-codebuddy-b18-rework/acceptance.json#AC-B18-01 (evidence/attempt-02),Codex executor,[],APPLICABLE_ACTIVATED_SCOPE_ONLY,DRAFT_NOT_APPROVED,HEAD 138cf2da1b63195cef7e884f69bdf8ded6ed3c21; current dirty-worktree SHA-256: execution/reviews/2026-10-03-codebuddy/evidence/start-baseline.json; evidence/delivery-check.json; inspect case/run limitations,LOCAL_SCOPED_EVIDENCE_SEE_REFERENCED_LIMITS
AC-B18-02,B18,RP04,FIX_ACCEPTANCE,ISOLATED_POSTGRES_API,Retry with same idempotency key does not duplicate project or children.,exact baseline+approved scope+owned fixture/auth success preconditions+command/exit/log+actual DB/IDB/file state+cleanup; document gates use attributable static review/approval artifacts,PASS,RP04-T02,,,PROPOSED_ACCEPTANCE,Applicable conditional gates only; no execution authorization granted; before negative tests prove authorized success fixture and current candidate,Rejected operation: no unapproved durable changes; failed run retains recoverable copy/last safe state; rollback or containment must match current schema/protocol,V1_INHERITED,Retry with same idempotency key does not duplicate project or children.,execution/RP04/RP04-T02/runs/2026-10-03-codebuddy-b18-rework/acceptance.json#AC-B18-02 (evidence/attempt-02),Codex executor,[],APPLICABLE_ACTIVATED_SCOPE_ONLY,DRAFT_NOT_APPROVED,HEAD 138cf2da1b63195cef7e884f69bdf8ded6ed3c21; current dirty-worktree SHA-256: execution/reviews/2026-10-03-codebuddy/evidence/start-baseline.json; evidence/delivery-check.json; inspect case/run limitations,LOCAL_SCOPED_EVIDENCE_SEE_REFERENCED_LIMITS
AC-B18-03,B18,RP04,FIX_ACCEPTANCE,ISOLATED_POSTGRES_API,Audit/recovery outcome is observable when audit cannot share the transaction.,exact baseline+approved scope+owned fixture/auth success preconditions+command/exit/log+actual DB/IDB/file state+cleanup; document gates use attributable static review/approval artifacts,PASS,RP04-T02,,,PROPOSED_ACCEPTANCE,Applicable conditional gates only; no execution authorization granted; before negative tests prove authorized success fixture and current candidate,Rejected operation: no unapproved durable changes; failed run retains recoverable copy/last safe state; rollback or containment must match current schema/protocol,V1_INHERITED,Audit/recovery outcome is observable when audit cannot share the transaction.,execution/RP04/RP04-T02/runs/2026-10-03-codebuddy-b18-rework/acceptance.json#AC-B18-03 (evidence/attempt-02),Codex executor,[],APPLICABLE_ACTIVATED_SCOPE_ONLY,DRAFT_NOT_APPROVED,HEAD 138cf2da1b63195cef7e884f69bdf8ded6ed3c21; current dirty-worktree SHA-256: execution/reviews/2026-10-03-codebuddy/evidence/start-baseline.json; evidence/delivery-check.json; inspect case/run limitations,LOCAL_SCOPED_EVIDENCE_SEE_REFERENCED_LIMITS
AC-B20-01,B20,RP04,FIX_ACCEPTANCE,ISOLATED_POSTGRES_API,"Soft-deleted projects are absent from list, total count, search and ordinary statistics.",exact baseline+approved scope+owned fixture/auth success preconditions+command/exit/log+actual DB/IDB/file state+cleanup; document gates use attributable static review/approval artifacts,PASS,RP04-T01,,,PROPOSED_ACCEPTANCE,Applicable conditional gates only; no execution authorization granted; before negative tests prove authorized success fixture and current candidate,Rejected operation: no unapproved durable changes; failed run retains recoverable copy/last safe state; rollback or containment must match current schema/protocol,V1_INHERITED,"Soft-deleted projects are absent from list, total count, search and ordinary statistics.",execution/final-regression-2026-10-02/RP04/rp04-project-snapshot-active/attempt-01/integration-suite.log; execution/RP04/RP04-T01/runs/2026-10-02-followup-validation/evidence/source-hash.json,Codex executor,[],APPLICABLE_ACTIVATED_SCOPE_ONLY,DRAFT_NOT_APPROVED,HEAD 138cf2da1b63195cef7e884f69bdf8ded6ed3c21; final worktree file SHA-256 in execution/RP04/RP04-T01/runs/2026-10-02-followup-validation/evidence/source-hash.json,LOCAL_SCOPED_EVIDENCE_SEE_REFERENCED_LIMITS
AC-B20-02,B20,RP04,FIX_ACCEPTANCE,ISOLATED_POSTGRES_API,Detail continues returning not found for deleted projects.,exact baseline+approved scope+owned fixture/auth success preconditions+command/exit/log+actual DB/IDB/file state+cleanup; document gates use attributable static review/approval artifacts,PASS,RP04-T01,,,PROPOSED_ACCEPTANCE,Applicable conditional gates only; no execution authorization granted; before negative tests prove authorized success fixture and current candidate,Rejected operation: no unapproved durable changes; failed run retains recoverable copy/last safe state; rollback or containment must match current schema/protocol,V1_INHERITED,Detail continues returning not found for deleted projects.,execution/final-regression-2026-10-02/RP04/rp04-project-snapshot-active/attempt-01/integration-suite.log; execution/RP04/RP04-T01/runs/2026-10-02-followup-validation/evidence/source-hash.json,Codex executor,[],APPLICABLE_ACTIVATED_SCOPE_ONLY,DRAFT_NOT_APPROVED,HEAD 138cf2da1b63195cef7e884f69bdf8ded6ed3c21; final worktree file SHA-256 in execution/RP04/RP04-T01/runs/2026-10-02-followup-validation/evidence/source-hash.json,LOCAL_SCOPED_EVIDENCE_SEE_REFERENCED_LIMITS
AC-B20-03,B20,RP04,FIX_ACCEPTANCE,ISOLATED_POSTGRES_API,"Dedicated recycle-bin query, if present, remains explicit.",exact baseline+approved scope+owned fixture/auth success preconditions+command/exit/log+actual DB/IDB/file state+cleanup; document gates use attributable static review/approval artifacts,PASS,RP04-T01,,,PROPOSED_ACCEPTANCE,Applicable conditional gates only; no execution authorization granted; before negative tests prove authorized success fixture and current candidate,Rejected operation: no unapproved durable changes; failed run retains recoverable copy/last safe state; rollback or containment must match current schema/protocol,V1_INHERITED,"Dedicated recycle-bin query, if present, remains explicit.",execution/final-regression-2026-10-02/RP04/rp04-project-snapshot-active/attempt-01/integration-suite.log; execution/RP04/RP04-T01/runs/2026-10-02-followup-validation/evidence/source-hash.json,Codex executor,[],APPLICABLE_ACTIVATED_SCOPE_ONLY,DRAFT_NOT_APPROVED,HEAD 138cf2da1b63195cef7e884f69bdf8ded6ed3c21; final worktree file SHA-256 in execution/RP04/RP04-T01/runs/2026-10-02-followup-validation/evidence/source-hash.json,LOCAL_SCOPED_EVIDENCE_SEE_REFERENCED_LIMITS
AC-B21-01,B21,RP06,FIX_ACCEPTANCE,ISOLATED_POSTGRES_API,"按批准范围及适用条件验收（D-S01-05, D-S01-06）；继承目标候选：Test list/stats/detail/update/stage/profile for missing system permission, member capability, nonmember, left member, deleted project, and SUPER_ADMIN exception.。若裁定采用另一方案，补充具体断言和风险处置；不能沿用候选断言自动记PASS。",exact baseline+approved scope+owned fixture/auth success preconditions+command/exit/log+actual DB/IDB/file state+cleanup; document gates use attributable static review/approval artifacts,PASS,RP06-T01;RP06-T02,D-S01-05;D-S01-06,D-S01-05;D-S01-06,PENDING_DECISION,Applicable conditional gates only; no execution authorization granted; before negative tests prove authorized success fixture and current candidate,Rejected operation: no unapproved durable changes; failed run retains recoverable copy/last safe state; rollback or containment must match current schema/protocol,V1_INHERITED,"Test list/stats/detail/update/stage/profile for missing system permission, member capability, nonmember, left member, deleted project, and SUPER_ADMIN exception.",execution/RP06/RP06-T01/runs/2026-10-06-continuous-remediation-01/acceptance.json,Codex single executor,"[{""taskId"":""RP06-T01"",""ref"":""D-S01-05"",""before"":""IMPLEMENTATION"",""condition"":""always""},{""taskId"":""RP06-T02"",""ref"":""D-S01-06"",""before"":""IMPLEMENTATION"",""condition"":""always""}]",APPLICABLE_ACTIVATED_SCOPE_ONLY,DRAFT_NOT_APPROVED,Current dirty-worktree hashes: execution/RP06/RP06-T01/runs/2026-10-06-continuous-remediation-01/evidence/source-hashes.json,CURRENT_LOCAL_OWNED_RUNTIME
AC-B21-02,B21,RP06,FIX_ACCEPTANCE,ISOLATED_POSTGRES_API,"按批准范围及适用条件验收（D-S01-05, D-S01-06）；继承目标候选：Unauthorized operations return the documented status and leave project/profile state unchanged.。若裁定采用另一方案，补充具体断言和风险处置；不能沿用候选断言自动记PASS。",exact baseline+approved scope+owned fixture/auth success preconditions+command/exit/log+actual DB/IDB/file state+cleanup; document gates use attributable static review/approval artifacts,PASS,RP06-T01;RP06-T02,D-S01-05;D-S01-06,D-S01-05;D-S01-06,PENDING_DECISION,Applicable conditional gates only; no execution authorization granted; before negative tests prove authorized success fixture and current candidate,Rejected operation: no unapproved durable changes; failed run retains recoverable copy/last safe state; rollback or containment must match current schema/protocol,V1_INHERITED,Unauthorized operations return the documented status and leave project/profile state unchanged.,execution/RP06/RP06-T01/runs/2026-10-06-continuous-remediation-01/acceptance.json,Codex single executor,"[{""taskId"":""RP06-T01"",""ref"":""D-S01-05"",""before"":""IMPLEMENTATION"",""condition"":""always""},{""taskId"":""RP06-T02"",""ref"":""D-S01-06"",""before"":""IMPLEMENTATION"",""condition"":""always""}]",APPLICABLE_ACTIVATED_SCOPE_ONLY,DRAFT_NOT_APPROVED,Current dirty-worktree hashes: execution/RP06/RP06-T01/runs/2026-10-06-continuous-remediation-01/evidence/source-hashes.json,CURRENT_LOCAL_OWNED_RUNTIME
AC-B21-03,B21,RP06,FIX_ACCEPTANCE,ISOLATED_POSTGRES_API,"按批准范围及适用条件验收（D-S01-05, D-S01-06）；继承目标候选：SUPER_ADMIN nonmember access follows the shared elevated audit policy.。若裁定采用另一方案，补充具体断言和风险处置；不能沿用候选断言自动记PASS。",exact baseline+approved scope+owned fixture/auth success preconditions+command/exit/log+actual DB/IDB/file state+cleanup; document gates use attributable static review/approval artifacts,PASS,RP06-T01;RP06-T02,D-S01-05;D-S01-06,D-S01-05;D-S01-06,PENDING_DECISION,Applicable conditional gates only; no execution authorization granted; before negative tests prove authorized success fixture and current candidate,Rejected operation: no unapproved durable changes; failed run retains recoverable copy/last safe state; rollback or containment must match current schema/protocol,V1_INHERITED,SUPER_ADMIN nonmember access follows the shared elevated audit policy.,execution/RP06/RP06-T01/runs/2026-10-06-continuous-remediation-01/acceptance.json,Codex single executor,"[{""taskId"":""RP06-T01"",""ref"":""D-S01-05"",""before"":""IMPLEMENTATION"",""condition"":""always""},{""taskId"":""RP06-T02"",""ref"":""D-S01-06"",""before"":""IMPLEMENTATION"",""condition"":""always""}]",APPLICABLE_ACTIVATED_SCOPE_ONLY,DRAFT_NOT_APPROVED,Current dirty-worktree hashes: execution/RP06/RP06-T01/runs/2026-10-06-continuous-remediation-01/evidence/source-hashes.json,CURRENT_LOCAL_OWNED_RUNTIME
AC-B21-04,B21,RP06,FIX_ACCEPTANCE,ISOLATED_POSTGRES_API,"按批准范围及适用条件验收（D-S01-05, D-S01-06）；继承目标候选：Manager transfer updates or deliberately preserves membership according to an explicit policy.。若裁定采用另一方案，补充具体断言和风险处置；不能沿用候选断言自动记PASS。",exact baseline+approved scope+owned fixture/auth success preconditions+command/exit/log+actual DB/IDB/file state+cleanup; document gates use attributable static review/approval artifacts,PASS,RP06-T01;RP06-T02,D-S01-05;D-S01-06,D-S01-05;D-S01-06,PENDING_DECISION,Applicable conditional gates only; no execution authorization granted; before negative tests prove authorized success fixture and current candidate,Rejected operation: no unapproved durable changes; failed run retains recoverable copy/last safe state; rollback or containment must match current schema/protocol,V1_INHERITED,Manager transfer updates or deliberately preserves membership according to an explicit policy.,execution/RP06/RP06-T02/runs/2026-10-06-continuous-remediation-01/acceptance.json,Codex single executor,"[{""taskId"":""RP06-T01"",""ref"":""D-S01-05"",""before"":""IMPLEMENTATION"",""condition"":""always""},{""taskId"":""RP06-T02"",""ref"":""D-S01-06"",""before"":""IMPLEMENTATION"",""condition"":""always""}]",APPLICABLE_ACTIVATED_SCOPE_ONLY,DRAFT_NOT_APPROVED,Current dirty-worktree hashes: execution/RP06/RP06-T02/runs/2026-10-06-continuous-remediation-01/evidence/source-hashes.json,CURRENT_LOCAL_OWNED_RUNTIME
AC-B04-01,B04,RP08,FIX_ACCEPTANCE,ISOLATED_POSTGRES_API,按批准范围及适用条件验收（D-S01-05）；继承目标候选：Any entity denied by equivalent online read authorization is absent from sync response.。若裁定采用另一方案，补充具体断言和风险处置；不能沿用候选断言自动记PASS。,exact baseline+approved scope+owned fixture/auth success preconditions+command/exit/log+actual DB/IDB/file state+cleanup; document gates use attributable static review/approval artifacts,PASS,RP08-T01,D-S01-05,D-S01-05,PENDING_DECISION,Applicable conditional gates only; no execution authorization granted; before negative tests prove authorized success fixture and current candidate,Rejected operation: no unapproved durable changes; failed run retains recoverable copy/last safe state; rollback or containment must match current schema/protocol,V1_INHERITED,Any entity denied by equivalent online read authorization is absent from sync response.,execution/RP08/RP08-T01/runs/2026-10-03-codebuddy-lr3-validation/acceptance.json#AC-B04-01 (B1/B1b paired ordinary API; attempt-03; src:reports.js=1bcbef68fcf01cb3/reportCommands.ts=758cb5010beda8d5/sync.js=ad41610a6036f054/auth.js=8f736619a1526247); independent execution/reviews/2026-10-03-codebuddy-followup/validation-summary.json#AC-B04-01,UNASSIGNED,"[{""taskId"":""RP08-T01"",""ref"":""D-S01-05"",""before"":""IMPLEMENTATION"",""condition"":""only if registration global exception is requested""}]",APPLICABLE_ACTIVATED_SCOPE_ONLY,DRAFT_NOT_APPROVED,HEAD 138cf2da1b63195cef7e884f69bdf8ded6ed3c21; exact current dirty-worktree hashes execution/reviews/2026-10-03-codebuddy-followup/evidence/start-baseline.json; local scope only,LOCAL_CURRENT_CODE_EXECUTOR_PLUS_INDEPENDENT_EVIDENCE_SEE_LIMITS
AC-B04-02,B04,RP08,FIX_ACCEPTANCE,ISOLATED_POSTGRES_API,按批准范围及适用条件验收（D-S01-05）；继承目标候选：Revoking one entity permission in a still-visible project removes its cached rows and prevents future pulls.。若裁定采用另一方案，补充具体断言和风险处置；不能沿用候选断言自动记PASS。,exact baseline+approved scope+owned fixture/auth success preconditions+command/exit/log+actual DB/IDB/file state+cleanup; document gates use attributable static review/approval artifacts,PASS,RP08-T01,D-S01-05,D-S01-05,PENDING_DECISION,Applicable conditional gates only; no execution authorization granted; before negative tests prove authorized success fixture and current candidate,Rejected operation: no unapproved durable changes; failed run retains recoverable copy/last safe state; rollback or containment must match current schema/protocol,V1_INHERITED,Revoking one entity permission in a still-visible project removes its cached rows and prevents future pulls.,execution/RP08/RP08-T02/runs/2026-10-06-continuous-remediation-01/acceptance.json,Codex single executor,"[{""taskId"":""RP08-T01"",""ref"":""D-S01-05"",""before"":""IMPLEMENTATION"",""condition"":""only if registration global exception is requested""}]",APPLICABLE_ACTIVATED_SCOPE_ONLY,DRAFT_NOT_APPROVED,Current dirty-worktree hashes: execution/RP08/RP08-T02/runs/2026-10-06-continuous-remediation-01/evidence/source-hashes.json,CURRENT_LOCAL_OWNED_RUNTIME
AC-B04-03,B04,RP08,FIX_ACCEPTANCE,ISOLATED_POSTGRES_API,按批准范围及适用条件验收（D-S01-05）；继承目标候选：Own-only reports remain restricted to their author.。若裁定采用另一方案，补充具体断言和风险处置；不能沿用候选断言自动记PASS。,exact baseline+approved scope+owned fixture/auth success preconditions+command/exit/log+actual DB/IDB/file state+cleanup; document gates use attributable static review/approval artifacts,PASS,RP08-T01,D-S01-05,D-S01-05,PENDING_DECISION,Applicable conditional gates only; no execution authorization granted; before negative tests prove authorized success fixture and current candidate,Rejected operation: no unapproved durable changes; failed run retains recoverable copy/last safe state; rollback or containment must match current schema/protocol,V1_INHERITED,Own-only reports remain restricted to their author.,execution/RP08/RP08-T01/runs/2026-10-03-codebuddy-lr3-validation/acceptance.json#AC-B04-03 (B2/B3 elevated own-only non-empty; attempt-03; src:reports.js=1bcbef68fcf01cb3/reportCommands.ts=758cb5010beda8d5/sync.js=ad41610a6036f054/auth.js=8f736619a1526247); independent execution/reviews/2026-10-03-codebuddy-followup/validation-summary.json#AC-B04-03,UNASSIGNED,"[{""taskId"":""RP08-T01"",""ref"":""D-S01-05"",""before"":""IMPLEMENTATION"",""condition"":""only if registration global exception is requested""}]",APPLICABLE_ACTIVATED_SCOPE_ONLY,DRAFT_NOT_APPROVED,HEAD 138cf2da1b63195cef7e884f69bdf8ded6ed3c21; exact current dirty-worktree hashes execution/reviews/2026-10-03-codebuddy-followup/evidence/start-baseline.json; local scope only,LOCAL_CURRENT_CODE_EXECUTOR_PLUS_INDEPENDENT_EVIDENCE_SEE_LIMITS
AC-B07-01,B07,RP13,FIX_ACCEPTANCE,ISOLATED_POSTGRES_API,"按批准范围及适用条件验收（T-RP-04, T-RP-10, D-S01-08）；继承目标候选：More than 3000 upserts and 5000 tombstones are fully paged before checkpoint commit.。若裁定采用另一方案，补充具体断言和风险处置；不能沿用候选断言自动记PASS。",exact baseline+approved scope+owned fixture/auth success preconditions+command/exit/log+actual DB/IDB/file state+cleanup; document gates use attributable static review/approval artifacts,PASS,RP13-T01;RP13-T02;RP13-T03,T-RP-04;T-RP-10;D-S01-08,S03-OI-01;S03-OI-04;D-S01-08,PENDING_DECISION,Applicable conditional gates only; no execution authorization granted; before negative tests prove authorized success fixture and current candidate,Rejected operation: no unapproved durable changes; failed run retains recoverable copy/last safe state; rollback or containment must match current schema/protocol,V1_INHERITED,More than 3000 upserts and 5000 tombstones are fully paged before checkpoint commit.,execution/RP13/RP13-T03/runs/2026-10-06-continuous-remediation-01/acceptance.json,Codex single executor,"[{""taskId"":""RP13-T02"",""ref"":""T-RP-04"",""before"":""VALIDATION"",""condition"":""always""},{""taskId"":""RP13-T02"",""ref"":""T-RP-10"",""before"":""VALIDATION"",""condition"":""always""},{""taskId"":""RP13-T02"",""ref"":""S03-OI-01"",""before"":""VALIDATION"",""condition"":""always""},{""taskId"":""RP13-T03"",""ref"":""T-RP-04"",""before"":""IMPLEMENTATION"",""condition"":""always""},{""taskId"":""RP13-T03"",""ref"":""T-RP-10"",""before"":""IMPLEMENTATION"",""condition"":""always""},{""taskId"":""RP13-T03"",""ref"":""S03-OI-04"",""before"":""RELEASE"",""condition"":""always""},{""taskId"":""RP13-T03"",""ref"":""D-S01-08"",""before"":""IMPLEMENTATION"",""condition"":""only when approved delete/live-reference/tombstone semantics are changed""}]",APPLICABLE_ACTIVATED_SCOPE_ONLY,DRAFT_NOT_APPROVED,Current dirty-worktree hashes: execution/RP13/RP13-T03/runs/2026-10-06-continuous-remediation-01/evidence/source-hashes.json,CURRENT_LOCAL_OWNED_RUNTIME
AC-B07-02,B07,RP13,FIX_ACCEPTANCE,ISOLATED_POSTGRES_API,"按批准范围及适用条件验收（T-RP-04, T-RP-10, D-S01-08）；继承目标候选：Equal timestamp rows are neither skipped nor duplicated.。若裁定采用另一方案，补充具体断言和风险处置；不能沿用候选断言自动记PASS。",exact baseline+approved scope+owned fixture/auth success preconditions+command/exit/log+actual DB/IDB/file state+cleanup; document gates use attributable static review/approval artifacts,PASS,RP13-T01;RP13-T02;RP13-T03,T-RP-04;T-RP-10;D-S01-08,S03-OI-01;S03-OI-04;D-S01-08,PENDING_DECISION,Applicable conditional gates only; no execution authorization granted; before negative tests prove authorized success fixture and current candidate,Rejected operation: no unapproved durable changes; failed run retains recoverable copy/last safe state; rollback or containment must match current schema/protocol,V1_INHERITED,Equal timestamp rows are neither skipped nor duplicated.,execution/RP13/RP13-T03/runs/2026-10-06-continuous-remediation-01/acceptance.json,Codex single executor,"[{""taskId"":""RP13-T02"",""ref"":""T-RP-04"",""before"":""VALIDATION"",""condition"":""always""},{""taskId"":""RP13-T02"",""ref"":""T-RP-10"",""before"":""VALIDATION"",""condition"":""always""},{""taskId"":""RP13-T02"",""ref"":""S03-OI-01"",""before"":""VALIDATION"",""condition"":""always""},{""taskId"":""RP13-T03"",""ref"":""T-RP-04"",""before"":""IMPLEMENTATION"",""condition"":""always""},{""taskId"":""RP13-T03"",""ref"":""T-RP-10"",""before"":""IMPLEMENTATION"",""condition"":""always""},{""taskId"":""RP13-T03"",""ref"":""S03-OI-04"",""before"":""RELEASE"",""condition"":""always""},{""taskId"":""RP13-T03"",""ref"":""D-S01-08"",""before"":""IMPLEMENTATION"",""condition"":""only when approved delete/live-reference/tombstone semantics are changed""}]",APPLICABLE_ACTIVATED_SCOPE_ONLY,DRAFT_NOT_APPROVED,Current dirty-worktree hashes: execution/RP13/RP13-T03/runs/2026-10-06-continuous-remediation-01/evidence/source-hashes.json,CURRENT_LOCAL_OWNED_RUNTIME
AC-B07-03,B07,RP13,FIX_ACCEPTANCE,ISOLATED_POSTGRES_API,"按批准范围及适用条件验收（T-RP-04, T-RP-10, D-S01-08）；继承目标候选：A concurrent write is returned in this or the following pull, never behind an already committed cursor.。若裁定采用另一方案，补充具体断言和风险处置；不能沿用候选断言自动记PASS。",exact baseline+approved scope+owned fixture/auth success preconditions+command/exit/log+actual DB/IDB/file state+cleanup; document gates use attributable static review/approval artifacts,PASS,RP13-T01;RP13-T02;RP13-T03,T-RP-04;T-RP-10;D-S01-08,S03-OI-01;S03-OI-04;D-S01-08,PENDING_DECISION,Applicable conditional gates only; no execution authorization granted; before negative tests prove authorized success fixture and current candidate,Rejected operation: no unapproved durable changes; failed run retains recoverable copy/last safe state; rollback or containment must match current schema/protocol,V1_INHERITED,"A concurrent write is returned in this or the following pull, never behind an already committed cursor.",execution/RP13/RP13-T03/runs/2026-10-06-continuous-remediation-01/acceptance.json,Codex single executor,"[{""taskId"":""RP13-T02"",""ref"":""T-RP-04"",""before"":""VALIDATION"",""condition"":""always""},{""taskId"":""RP13-T02"",""ref"":""T-RP-10"",""before"":""VALIDATION"",""condition"":""always""},{""taskId"":""RP13-T02"",""ref"":""S03-OI-01"",""before"":""VALIDATION"",""condition"":""always""},{""taskId"":""RP13-T03"",""ref"":""T-RP-04"",""before"":""IMPLEMENTATION"",""condition"":""always""},{""taskId"":""RP13-T03"",""ref"":""T-RP-10"",""before"":""IMPLEMENTATION"",""condition"":""always""},{""taskId"":""RP13-T03"",""ref"":""S03-OI-04"",""before"":""RELEASE"",""condition"":""always""},{""taskId"":""RP13-T03"",""ref"":""D-S01-08"",""before"":""IMPLEMENTATION"",""condition"":""only when approved delete/live-reference/tombstone semantics are changed""}]",APPLICABLE_ACTIVATED_SCOPE_ONLY,DRAFT_NOT_APPROVED,Current dirty-worktree hashes: execution/RP13/RP13-T03/runs/2026-10-06-continuous-remediation-01/evidence/source-hashes.json,CURRENT_LOCAL_OWNED_RUNTIME
AC-B08-01,B08,RP08,FIX_ACCEPTANCE,ISOLATED_POSTGRES_API,"按批准范围及适用条件验收（T-RP-04, T-RP-12）；继承目标候选：A user with an existing cursor who joins an old project receives its current project and historical rows.。若裁定采用另一方案，补充具体断言和风险处置；不能沿用候选断言自动记PASS。",exact baseline+approved scope+owned fixture/auth success preconditions+command/exit/log+actual DB/IDB/file state+cleanup; document gates use attributable static review/approval artifacts,PASS,RP08-T02,T-RP-04;T-RP-12,S02-OPEN-02,PENDING_DECISION,Applicable conditional gates only; no execution authorization granted; before negative tests prove authorized success fixture and current candidate,Rejected operation: no unapproved durable changes; failed run retains recoverable copy/last safe state; rollback or containment must match current schema/protocol,V1_INHERITED,A user with an existing cursor who joins an old project receives its current project and historical rows.,execution/RP08/RP08-T02/runs/2026-10-06-continuous-remediation-01/acceptance.json,Codex single executor,"[{""taskId"":""RP08-T02"",""ref"":""T-RP-04"",""before"":""IMPLEMENTATION"",""condition"":""always""},{""taskId"":""RP08-T02"",""ref"":""T-RP-12"",""before"":""IMPLEMENTATION"",""condition"":""always""},{""taskId"":""RP08-T02"",""ref"":""S02-OPEN-02"",""before"":""VALIDATION"",""condition"":""joint authorized cache/page fallback acceptance""}]",APPLICABLE_ACTIVATED_SCOPE_ONLY,DRAFT_NOT_APPROVED,Current dirty-worktree hashes: execution/RP08/RP08-T02/runs/2026-10-06-continuous-remediation-01/evidence/source-hashes.json,CURRENT_LOCAL_OWNED_RUNTIME
AC-B08-02,B08,RP08,FIX_ACCEPTANCE,ISOLATED_POSTGRES_API,"按批准范围及适用条件验收（T-RP-04, T-RP-12）；继承目标候选：Revoke/leave removes local data before the new ACL version is committed.。若裁定采用另一方案，补充具体断言和风险处置；不能沿用候选断言自动记PASS。",exact baseline+approved scope+owned fixture/auth success preconditions+command/exit/log+actual DB/IDB/file state+cleanup; document gates use attributable static review/approval artifacts,PASS,RP08-T02,T-RP-04;T-RP-12,S02-OPEN-02,PENDING_DECISION,Applicable conditional gates only; no execution authorization granted; before negative tests prove authorized success fixture and current candidate,Rejected operation: no unapproved durable changes; failed run retains recoverable copy/last safe state; rollback or containment must match current schema/protocol,V1_INHERITED,Revoke/leave removes local data before the new ACL version is committed.,execution/RP08/RP08-T02/runs/2026-10-06-continuous-remediation-01/acceptance.json,Codex single executor,"[{""taskId"":""RP08-T02"",""ref"":""T-RP-04"",""before"":""IMPLEMENTATION"",""condition"":""always""},{""taskId"":""RP08-T02"",""ref"":""T-RP-12"",""before"":""IMPLEMENTATION"",""condition"":""always""},{""taskId"":""RP08-T02"",""ref"":""S02-OPEN-02"",""before"":""VALIDATION"",""condition"":""joint authorized cache/page fallback acceptance""}]",APPLICABLE_ACTIVATED_SCOPE_ONLY,DRAFT_NOT_APPROVED,Current dirty-worktree hashes: execution/RP08/RP08-T02/runs/2026-10-06-continuous-remediation-01/evidence/source-hashes.json,CURRENT_LOCAL_OWNED_RUNTIME
AC-B08-03,B08,RP08,FIX_ACCEPTANCE,ISOLATED_POSTGRES_API,"按批准范围及适用条件验收（T-RP-04, T-RP-12）；继承目标候选：Leave/rejoin and role changes produce complete permission-aware refreshes.。若裁定采用另一方案，补充具体断言和风险处置；不能沿用候选断言自动记PASS。",exact baseline+approved scope+owned fixture/auth success preconditions+command/exit/log+actual DB/IDB/file state+cleanup; document gates use attributable static review/approval artifacts,PASS,RP08-T02,T-RP-04;T-RP-12,S02-OPEN-02,PENDING_DECISION,Applicable conditional gates only; no execution authorization granted; before negative tests prove authorized success fixture and current candidate,Rejected operation: no unapproved durable changes; failed run retains recoverable copy/last safe state; rollback or containment must match current schema/protocol,V1_INHERITED,Leave/rejoin and role changes produce complete permission-aware refreshes.,execution/RP08/RP08-T02/runs/2026-10-06-continuous-remediation-01/acceptance.json,Codex single executor,"[{""taskId"":""RP08-T02"",""ref"":""T-RP-04"",""before"":""IMPLEMENTATION"",""condition"":""always""},{""taskId"":""RP08-T02"",""ref"":""T-RP-12"",""before"":""IMPLEMENTATION"",""condition"":""always""},{""taskId"":""RP08-T02"",""ref"":""S02-OPEN-02"",""before"":""VALIDATION"",""condition"":""joint authorized cache/page fallback acceptance""}]",APPLICABLE_ACTIVATED_SCOPE_ONLY,DRAFT_NOT_APPROVED,Current dirty-worktree hashes: execution/RP08/RP08-T02/runs/2026-10-06-continuous-remediation-01/evidence/source-hashes.json,CURRENT_LOCAL_OWNED_RUNTIME
AC-B05-01,B05,RP09,FIX_ACCEPTANCE,ISOLATED_POSTGRES_API,"按批准范围及适用条件验收（T-RP-02, T-RP-07）；继承目标候选：Known key replay by another actor is denied after current resource authorization.。若裁定采用另一方案，补充具体断言和风险处置；不能沿用候选断言自动记PASS。",exact baseline+approved scope+owned fixture/auth success preconditions+command/exit/log+actual DB/IDB/file state+cleanup; document gates use attributable static review/approval artifacts,PASS,RP09-T01,T-RP-02;T-RP-07,S03-OI-05,PENDING_DECISION,Applicable conditional gates only; no execution authorization granted; before negative tests prove authorized success fixture and current candidate,Rejected operation: no unapproved durable changes; failed run retains recoverable copy/last safe state; rollback or containment must match current schema/protocol,V1_INHERITED,Known key replay by another actor is denied after current resource authorization.,execution/RP09/RP09-T01/runs/2026-10-05-sync-receipts-01/acceptance.json,Codex single executor,"[{""taskId"":""RP09-T01"",""ref"":""T-RP-02"",""before"":""IMPLEMENTATION"",""condition"":""always""},{""taskId"":""RP09-T01"",""ref"":""T-RP-07"",""before"":""IMPLEMENTATION"",""condition"":""delete command adapter modified""},{""taskId"":""RP09-T01"",""ref"":""S03-OI-05"",""before"":""IMPLEMENTATION"",""condition"":""only if stale/delete command adapter is changed; no gate on unrelated task fields or report snapshot""}]",APPLICABLE_ACTIVATED_SCOPE_ONLY,DRAFT_NOT_APPROVED,Current dirty-worktree hashes: execution/RP09/RP09-T01/runs/2026-10-05-sync-receipts-01/evidence/source-hashes.json,CURRENT_LOCAL_OWNED_RUNTIME
AC-B05-02,B05,RP09,FIX_ACCEPTANCE,ISOLATED_POSTGRES_API,"按批准范围及适用条件验收（T-RP-02, T-RP-07）；继承目标候选：Same actor/resource/key with changed payload returns 409 and does not replay.。若裁定采用另一方案，补充具体断言和风险处置；不能沿用候选断言自动记PASS。",exact baseline+approved scope+owned fixture/auth success preconditions+command/exit/log+actual DB/IDB/file state+cleanup; document gates use attributable static review/approval artifacts,PASS,RP09-T01,T-RP-02;T-RP-07,S03-OI-05,PENDING_DECISION,Applicable conditional gates only; no execution authorization granted; before negative tests prove authorized success fixture and current candidate,Rejected operation: no unapproved durable changes; failed run retains recoverable copy/last safe state; rollback or containment must match current schema/protocol,V1_INHERITED,Same actor/resource/key with changed payload returns 409 and does not replay.,execution/RP09/RP09-T01/runs/2026-10-05-sync-receipts-01/acceptance.json,Codex single executor,"[{""taskId"":""RP09-T01"",""ref"":""T-RP-02"",""before"":""IMPLEMENTATION"",""condition"":""always""},{""taskId"":""RP09-T01"",""ref"":""T-RP-07"",""before"":""IMPLEMENTATION"",""condition"":""delete command adapter modified""},{""taskId"":""RP09-T01"",""ref"":""S03-OI-05"",""before"":""IMPLEMENTATION"",""condition"":""only if stale/delete command adapter is changed; no gate on unrelated task fields or report snapshot""}]",APPLICABLE_ACTIVATED_SCOPE_ONLY,DRAFT_NOT_APPROVED,Current dirty-worktree hashes: execution/RP09/RP09-T01/runs/2026-10-05-sync-receipts-01/evidence/source-hashes.json,CURRENT_LOCAL_OWNED_RUNTIME
AC-B05-03,B05,RP09,FIX_ACCEPTANCE,ISOLATED_POSTGRES_API,"按批准范围及适用条件验收（T-RP-02, T-RP-07）；继承目标候选：Same actor/resource/key with identical payload returns the original result.。若裁定采用另一方案，补充具体断言和风险处置；不能沿用候选断言自动记PASS。",exact baseline+approved scope+owned fixture/auth success preconditions+command/exit/log+actual DB/IDB/file state+cleanup; document gates use attributable static review/approval artifacts,PASS,RP09-T01,T-RP-02;T-RP-07,S03-OI-05,PENDING_DECISION,Applicable conditional gates only; no execution authorization granted; before negative tests prove authorized success fixture and current candidate,Rejected operation: no unapproved durable changes; failed run retains recoverable copy/last safe state; rollback or containment must match current schema/protocol,V1_INHERITED,Same actor/resource/key with identical payload returns the original result.,execution/RP09/RP09-T01/runs/2026-10-05-sync-receipts-01/acceptance.json,Codex single executor,"[{""taskId"":""RP09-T01"",""ref"":""T-RP-02"",""before"":""IMPLEMENTATION"",""condition"":""always""},{""taskId"":""RP09-T01"",""ref"":""T-RP-07"",""before"":""IMPLEMENTATION"",""condition"":""delete command adapter modified""},{""taskId"":""RP09-T01"",""ref"":""S03-OI-05"",""before"":""IMPLEMENTATION"",""condition"":""only if stale/delete command adapter is changed; no gate on unrelated task fields or report snapshot""}]",APPLICABLE_ACTIVATED_SCOPE_ONLY,DRAFT_NOT_APPROVED,Current dirty-worktree hashes: execution/RP09/RP09-T01/runs/2026-10-05-sync-receipts-01/evidence/source-hashes.json,CURRENT_LOCAL_OWNED_RUNTIME
AC-B06-01,B06,RP09,FIX_ACCEPTANCE,ISOLATED_POSTGRES_API,"按批准范围及适用条件验收（T-RP-02, T-RP-07）；继承目标候选：Receipt persistence failure rolls back that mutation's business state and required audit.。若裁定采用另一方案，补充具体断言和风险处置；不能沿用候选断言自动记PASS。",exact baseline+approved scope+owned fixture/auth success preconditions+command/exit/log+actual DB/IDB/file state+cleanup; document gates use attributable static review/approval artifacts,PASS,RP09-T01;RP09-T02,T-RP-02;T-RP-07,S03-OI-05;S03-OI-02;S03-OI-04,PENDING_DECISION,Applicable conditional gates only; no execution authorization granted; before negative tests prove authorized success fixture and current candidate,Rejected operation: no unapproved durable changes; failed run retains recoverable copy/last safe state; rollback or containment must match current schema/protocol,V1_INHERITED,Receipt persistence failure rolls back that mutation's business state and required audit.,execution/RP09/RP09-T02/runs/2026-10-05-sync-receipts-01/acceptance.json,Codex single executor,"[{""taskId"":""RP09-T01"",""ref"":""T-RP-02"",""before"":""IMPLEMENTATION"",""condition"":""always""},{""taskId"":""RP09-T01"",""ref"":""T-RP-07"",""before"":""IMPLEMENTATION"",""condition"":""delete command adapter modified""},{""taskId"":""RP09-T01"",""ref"":""S03-OI-05"",""before"":""IMPLEMENTATION"",""condition"":""only if stale/delete command adapter is changed; no gate on unrelated task fields or report snapshot""},{""taskId"":""RP09-T02"",""ref"":""S03-OI-02"",""before"":""VALIDATION"",""condition"":""always""},{""taskId"":""RP09-T02"",""ref"":""S03-OI-04"",""before"":""RELEASE"",""condition"":""always""},{""taskId"":""RP09-T02"",""ref"":""T-RP-02"",""before"":""IMPLEMENTATION"",""condition"":""always""}]",APPLICABLE_ACTIVATED_SCOPE_ONLY,DRAFT_NOT_APPROVED,Current dirty-worktree hashes: execution/RP09/RP09-T02/runs/2026-10-05-sync-receipts-01/evidence/source-hashes.json,CURRENT_LOCAL_OWNED_RUNTIME
AC-B06-02,B06,RP09,FIX_ACCEPTANCE,ISOLATED_POSTGRES_API,"按批准范围及适用条件验收（T-RP-02, T-RP-07）；继承目标候选：Successful business write and success receipt commit together and can be replayed.。若裁定采用另一方案，补充具体断言和风险处置；不能沿用候选断言自动记PASS。",exact baseline+approved scope+owned fixture/auth success preconditions+command/exit/log+actual DB/IDB/file state+cleanup; document gates use attributable static review/approval artifacts,PASS,RP09-T01;RP09-T02,T-RP-02;T-RP-07,S03-OI-05;S03-OI-02;S03-OI-04,PENDING_DECISION,Applicable conditional gates only; no execution authorization granted; before negative tests prove authorized success fixture and current candidate,Rejected operation: no unapproved durable changes; failed run retains recoverable copy/last safe state; rollback or containment must match current schema/protocol,V1_INHERITED,Successful business write and success receipt commit together and can be replayed.,execution/RP09/RP09-T02/runs/2026-10-05-sync-receipts-01/acceptance.json,Codex single executor,"[{""taskId"":""RP09-T01"",""ref"":""T-RP-02"",""before"":""IMPLEMENTATION"",""condition"":""always""},{""taskId"":""RP09-T01"",""ref"":""T-RP-07"",""before"":""IMPLEMENTATION"",""condition"":""delete command adapter modified""},{""taskId"":""RP09-T01"",""ref"":""S03-OI-05"",""before"":""IMPLEMENTATION"",""condition"":""only if stale/delete command adapter is changed; no gate on unrelated task fields or report snapshot""},{""taskId"":""RP09-T02"",""ref"":""S03-OI-02"",""before"":""VALIDATION"",""condition"":""always""},{""taskId"":""RP09-T02"",""ref"":""S03-OI-04"",""before"":""RELEASE"",""condition"":""always""},{""taskId"":""RP09-T02"",""ref"":""T-RP-02"",""before"":""IMPLEMENTATION"",""condition"":""always""}]",APPLICABLE_ACTIVATED_SCOPE_ONLY,DRAFT_NOT_APPROVED,Current dirty-worktree hashes: execution/RP09/RP09-T02/runs/2026-10-05-sync-receipts-01/evidence/source-hashes.json,CURRENT_LOCAL_OWNED_RUNTIME
AC-B06-03,B06,RP09,FIX_ACCEPTANCE,ISOLATED_POSTGRES_API,"按批准范围及适用条件验收（T-RP-02, T-RP-07）；继承目标候选：A partially completed multi-item batch reports/reconstructs each item without requiring all-batch rollback.。若裁定采用另一方案，补充具体断言和风险处置；不能沿用候选断言自动记PASS。",exact baseline+approved scope+owned fixture/auth success preconditions+command/exit/log+actual DB/IDB/file state+cleanup; document gates use attributable static review/approval artifacts,PASS,RP09-T01;RP09-T02,T-RP-02;T-RP-07,S03-OI-05;S03-OI-02;S03-OI-04,PENDING_DECISION,Applicable conditional gates only; no execution authorization granted; before negative tests prove authorized success fixture and current candidate,Rejected operation: no unapproved durable changes; failed run retains recoverable copy/last safe state; rollback or containment must match current schema/protocol,V1_INHERITED,A partially completed multi-item batch reports/reconstructs each item without requiring all-batch rollback.,execution/RP09/RP09-T02/runs/2026-10-05-sync-receipts-01/acceptance.json,Codex single executor,"[{""taskId"":""RP09-T01"",""ref"":""T-RP-02"",""before"":""IMPLEMENTATION"",""condition"":""always""},{""taskId"":""RP09-T01"",""ref"":""T-RP-07"",""before"":""IMPLEMENTATION"",""condition"":""delete command adapter modified""},{""taskId"":""RP09-T01"",""ref"":""S03-OI-05"",""before"":""IMPLEMENTATION"",""condition"":""only if stale/delete command adapter is changed; no gate on unrelated task fields or report snapshot""},{""taskId"":""RP09-T02"",""ref"":""S03-OI-02"",""before"":""VALIDATION"",""condition"":""always""},{""taskId"":""RP09-T02"",""ref"":""S03-OI-04"",""before"":""RELEASE"",""condition"":""always""},{""taskId"":""RP09-T02"",""ref"":""T-RP-02"",""before"":""IMPLEMENTATION"",""condition"":""always""}]",APPLICABLE_ACTIVATED_SCOPE_ONLY,DRAFT_NOT_APPROVED,Current dirty-worktree hashes: execution/RP09/RP09-T02/runs/2026-10-05-sync-receipts-01/evidence/source-hashes.json,CURRENT_LOCAL_OWNED_RUNTIME
AC-B09-01,B09,RP07,FIX_ACCEPTANCE,ISOLATED_POSTGRES_API,A projects.update-only MEMBER cannot archive by sync.,exact baseline+approved scope+owned fixture/auth success preconditions+command/exit/log+actual DB/IDB/file state+cleanup; document gates use attributable static review/approval artifacts,PASS,RP07-T01,,,PROPOSED_ACCEPTANCE,Applicable conditional gates only; no execution authorization granted; before negative tests prove authorized success fixture and current candidate,Rejected operation: no unapproved durable changes; failed run retains recoverable copy/last safe state; rollback or containment must match current schema/protocol,V1_INHERITED,A projects.update-only MEMBER cannot archive by sync.,execution/final-regression-2026-10-02/RP07/rp07-project-status-shared/attempt-01/integration-suite.log; execution/RP07/RP07-T01/runs/2026-10-02-followup-validation/evidence/source-hash.json,Codex executor,[],APPLICABLE_ACTIVATED_SCOPE_ONLY,DRAFT_NOT_APPROVED,HEAD 138cf2da1b63195cef7e884f69bdf8ded6ed3c21; final worktree file SHA-256 in execution/RP07/RP07-T01/runs/2026-10-02-followup-validation/evidence/source-hash.json,LOCAL_SCOPED_EVIDENCE_SEE_REFERENCED_LIMITS
AC-B09-02,B09,RP07,FIX_ACCEPTANCE,ISOLATED_POSTGRES_API,An actor with archive permission still cannot take an edge absent from STATUS_TRANSITIONS.,exact baseline+approved scope+owned fixture/auth success preconditions+command/exit/log+actual DB/IDB/file state+cleanup; document gates use attributable static review/approval artifacts,PASS,RP07-T01,,,PROPOSED_ACCEPTANCE,Applicable conditional gates only; no execution authorization granted; before negative tests prove authorized success fixture and current candidate,Rejected operation: no unapproved durable changes; failed run retains recoverable copy/last safe state; rollback or containment must match current schema/protocol,V1_INHERITED,An actor with archive permission still cannot take an edge absent from STATUS_TRANSITIONS.,execution/final-regression-2026-10-02/RP07/rp07-project-status-shared/attempt-01/integration-suite.log; execution/RP07/RP07-T01/runs/2026-10-02-followup-validation/evidence/source-hash.json,Codex executor,[],APPLICABLE_ACTIVATED_SCOPE_ONLY,DRAFT_NOT_APPROVED,HEAD 138cf2da1b63195cef7e884f69bdf8ded6ed3c21; final worktree file SHA-256 in execution/RP07/RP07-T01/runs/2026-10-02-followup-validation/evidence/source-hash.json,LOCAL_SCOPED_EVIDENCE_SEE_REFERENCED_LIMITS
AC-B09-03,B09,RP07,FIX_ACCEPTANCE,ISOLATED_POSTGRES_API,HTTP and sync apply identical authorization and transition rules.,exact baseline+approved scope+owned fixture/auth success preconditions+command/exit/log+actual DB/IDB/file state+cleanup; document gates use attributable static review/approval artifacts,PASS,RP07-T01,,,PROPOSED_ACCEPTANCE,Applicable conditional gates only; no execution authorization granted; before negative tests prove authorized success fixture and current candidate,Rejected operation: no unapproved durable changes; failed run retains recoverable copy/last safe state; rollback or containment must match current schema/protocol,V1_INHERITED,HTTP and sync apply identical authorization and transition rules.,execution/final-regression-2026-10-02/RP07/rp07-project-status-shared/attempt-01/integration-suite.log; execution/RP07/RP07-T01/runs/2026-10-02-followup-validation/evidence/source-hash.json,Codex executor,[],APPLICABLE_ACTIVATED_SCOPE_ONLY,DRAFT_NOT_APPROVED,HEAD 138cf2da1b63195cef7e884f69bdf8ded6ed3c21; final worktree file SHA-256 in execution/RP07/RP07-T01/runs/2026-10-02-followup-validation/evidence/source-hash.json,LOCAL_SCOPED_EVIDENCE_SEE_REFERENCED_LIMITS
AC-R06-N01-01,R06-N01,RP07,FIX_ACCEPTANCE,ISOLATED_POSTGRES_API,按批准范围及适用条件验收（D-S01-06）；继承目标候选：Equivalent managerId changes from HTTP and sync leave project.managerId and active ProjectMember roles consistent.。若裁定采用另一方案，补充具体断言和风险处置；不能沿用候选断言自动记PASS。,exact baseline+approved scope+owned fixture/auth success preconditions+command/exit/log+actual DB/IDB/file state+cleanup; document gates use attributable static review/approval artifacts,PASS,RP07-T02,D-S01-06,D-S01-06;S03-OI-07,PENDING_DECISION,Applicable conditional gates only; no execution authorization granted; before negative tests prove authorized success fixture and current candidate,Rejected operation: no unapproved durable changes; failed run retains recoverable copy/last safe state; rollback or containment must match current schema/protocol,V1_INHERITED,Equivalent managerId changes from HTTP and sync leave project.managerId and active ProjectMember roles consistent.,execution/RP07/RP07-T02/runs/2026-10-06-continuous-remediation-01/acceptance.json,Codex single executor,"[{""taskId"":""RP07-T02"",""ref"":""D-S01-06"",""before"":""IMPLEMENTATION"",""condition"":""always""},{""taskId"":""RP07-T02"",""ref"":""S03-OI-07"",""before"":""IMPLEMENTATION"",""condition"":""same D-S01-06 approval; no second approval required""}]",APPLICABLE_ACTIVATED_SCOPE_ONLY,DRAFT_NOT_APPROVED,Current dirty-worktree hashes: execution/RP07/RP07-T02/runs/2026-10-06-continuous-remediation-01/evidence/source-hashes.json,CURRENT_LOCAL_OWNED_RUNTIME
AC-R06-N01-02,R06-N01,RP07,FIX_ACCEPTANCE,ISOLATED_POSTGRES_API,按批准范围及适用条件验收（D-S01-06）；继承目标候选：Resolver visibility and capability access for the new and previous manager match the documented policy.。若裁定采用另一方案，补充具体断言和风险处置；不能沿用候选断言自动记PASS。,exact baseline+approved scope+owned fixture/auth success preconditions+command/exit/log+actual DB/IDB/file state+cleanup; document gates use attributable static review/approval artifacts,PASS,RP07-T02,D-S01-06,D-S01-06;S03-OI-07,PENDING_DECISION,Applicable conditional gates only; no execution authorization granted; before negative tests prove authorized success fixture and current candidate,Rejected operation: no unapproved durable changes; failed run retains recoverable copy/last safe state; rollback or containment must match current schema/protocol,V1_INHERITED,Resolver visibility and capability access for the new and previous manager match the documented policy.,execution/RP07/RP07-T02/runs/2026-10-06-continuous-remediation-01/acceptance.json,Codex single executor,"[{""taskId"":""RP07-T02"",""ref"":""D-S01-06"",""before"":""IMPLEMENTATION"",""condition"":""always""},{""taskId"":""RP07-T02"",""ref"":""S03-OI-07"",""before"":""IMPLEMENTATION"",""condition"":""same D-S01-06 approval; no second approval required""}]",APPLICABLE_ACTIVATED_SCOPE_ONLY,DRAFT_NOT_APPROVED,Current dirty-worktree hashes: execution/RP07/RP07-T02/runs/2026-10-06-continuous-remediation-01/evidence/source-hashes.json,CURRENT_LOCAL_OWNED_RUNTIME
AC-R06-N01-03,R06-N01,RP07,FIX_ACCEPTANCE,ISOLATED_POSTGRES_API,按批准范围及适用条件验收（D-S01-06）；继承目标候选：Failure during membership synchronization rolls back the managerId change.。若裁定采用另一方案，补充具体断言和风险处置；不能沿用候选断言自动记PASS。,exact baseline+approved scope+owned fixture/auth success preconditions+command/exit/log+actual DB/IDB/file state+cleanup; document gates use attributable static review/approval artifacts,PASS,RP07-T02,D-S01-06,D-S01-06;S03-OI-07,PENDING_DECISION,Applicable conditional gates only; no execution authorization granted; before negative tests prove authorized success fixture and current candidate,Rejected operation: no unapproved durable changes; failed run retains recoverable copy/last safe state; rollback or containment must match current schema/protocol,V1_INHERITED,Failure during membership synchronization rolls back the managerId change.,execution/RP07/RP07-T02/runs/2026-10-06-continuous-remediation-01/acceptance.json,Codex single executor,"[{""taskId"":""RP07-T02"",""ref"":""D-S01-06"",""before"":""IMPLEMENTATION"",""condition"":""always""},{""taskId"":""RP07-T02"",""ref"":""S03-OI-07"",""before"":""IMPLEMENTATION"",""condition"":""same D-S01-06 approval; no second approval required""}]",APPLICABLE_ACTIVATED_SCOPE_ONLY,DRAFT_NOT_APPROVED,Current dirty-worktree hashes: execution/RP07/RP07-T02/runs/2026-10-06-continuous-remediation-01/evidence/source-hashes.json,CURRENT_LOCAL_OWNED_RUNTIME
AC-F01-01,F01,RP11,FIX_ACCEPTANCE,ISOLATED_BROWSER,"按批准范围及适用条件验收（T-RP-09, T-RP-12）；继承目标候选：断网刷新时 A 的待同步变更不因 bootstrapping 而清除。。若裁定采用另一方案，补充具体断言和风险处置；不能沿用候选断言自动记PASS。",exact baseline+approved scope+owned fixture/auth success preconditions+command/exit/log+actual DB/IDB/file state+cleanup; document gates use attributable static review/approval artifacts,PASS,RP11-T01,T-RP-09;T-RP-12,S02-OPEN-01;S02-OPEN-02,PENDING_DECISION,Applicable conditional gates only; no execution authorization granted; before negative tests prove authorized success fixture and current candidate,Rejected operation: no unapproved durable changes; failed run retains recoverable copy/last safe state; rollback or containment must match current schema/protocol,V1_INHERITED,断网刷新时 A 的待同步变更不因 bootstrapping 而清除。,execution/RP11/RP11-T01/runs/2026-10-06-continuous-remediation-01/acceptance.json,Codex single executor,"[{""taskId"":""RP11-T01"",""ref"":""T-RP-09"",""before"":""IMPLEMENTATION"",""condition"":""always""},{""taskId"":""RP11-T01"",""ref"":""T-RP-12"",""before"":""IMPLEMENTATION"",""condition"":""always""},{""taskId"":""RP11-T01"",""ref"":""S02-OPEN-01"",""before"":""VALIDATION"",""condition"":""always""},{""taskId"":""RP11-T01"",""ref"":""S02-OPEN-02"",""before"":""VALIDATION"",""condition"":""always""}]",APPLICABLE_ACTIVATED_SCOPE_ONLY,DRAFT_NOT_APPROVED,Current dirty-worktree hashes: execution/RP11/RP11-T01/runs/2026-10-06-continuous-remediation-01/evidence/source-hashes.json,CURRENT_LOCAL_OWNED_RUNTIME
AC-F01-02,F01,RP11,FIX_ACCEPTANCE,ISOLATED_BROWSER,"按批准范围及适用条件验收（T-RP-09, T-RP-12）；继承目标候选：显式退出后 A 的队列只能由 A 恢复，不由 B 代发；A 再登录可重试。。若裁定采用另一方案，补充具体断言和风险处置；不能沿用候选断言自动记PASS。",exact baseline+approved scope+owned fixture/auth success preconditions+command/exit/log+actual DB/IDB/file state+cleanup; document gates use attributable static review/approval artifacts,PASS,RP11-T01,T-RP-09;T-RP-12,S02-OPEN-01;S02-OPEN-02,PENDING_DECISION,Applicable conditional gates only; no execution authorization granted; before negative tests prove authorized success fixture and current candidate,Rejected operation: no unapproved durable changes; failed run retains recoverable copy/last safe state; rollback or containment must match current schema/protocol,V1_INHERITED,显式退出后 A 的队列只能由 A 恢复，不由 B 代发；A 再登录可重试。,execution/RP11/RP11-T01/runs/2026-10-06-continuous-remediation-01/acceptance.json,Codex single executor,"[{""taskId"":""RP11-T01"",""ref"":""T-RP-09"",""before"":""IMPLEMENTATION"",""condition"":""always""},{""taskId"":""RP11-T01"",""ref"":""T-RP-12"",""before"":""IMPLEMENTATION"",""condition"":""always""},{""taskId"":""RP11-T01"",""ref"":""S02-OPEN-01"",""before"":""VALIDATION"",""condition"":""always""},{""taskId"":""RP11-T01"",""ref"":""S02-OPEN-02"",""before"":""VALIDATION"",""condition"":""always""}]",APPLICABLE_ACTIVATED_SCOPE_ONLY,DRAFT_NOT_APPROVED,Current dirty-worktree hashes: execution/RP11/RP11-T01/runs/2026-10-06-continuous-remediation-01/evidence/source-hashes.json,CURRENT_LOCAL_OWNED_RUNTIME
AC-F01-03,F01,RP11,FIX_ACCEPTANCE,ISOLATED_BROWSER,"按批准范围及适用条件验收（T-RP-09, T-RP-12）；继承目标候选：快速退出/登录时旧会话清理不能删除新账号数据。。若裁定采用另一方案，补充具体断言和风险处置；不能沿用候选断言自动记PASS。",exact baseline+approved scope+owned fixture/auth success preconditions+command/exit/log+actual DB/IDB/file state+cleanup; document gates use attributable static review/approval artifacts,PASS,RP11-T01,T-RP-09;T-RP-12,S02-OPEN-01;S02-OPEN-02,PENDING_DECISION,Applicable conditional gates only; no execution authorization granted; before negative tests prove authorized success fixture and current candidate,Rejected operation: no unapproved durable changes; failed run retains recoverable copy/last safe state; rollback or containment must match current schema/protocol,V1_INHERITED,快速退出/登录时旧会话清理不能删除新账号数据。,execution/RP11/RP11-T01/runs/2026-10-06-continuous-remediation-01/acceptance.json,Codex single executor,"[{""taskId"":""RP11-T01"",""ref"":""T-RP-09"",""before"":""IMPLEMENTATION"",""condition"":""always""},{""taskId"":""RP11-T01"",""ref"":""T-RP-12"",""before"":""IMPLEMENTATION"",""condition"":""always""},{""taskId"":""RP11-T01"",""ref"":""S02-OPEN-01"",""before"":""VALIDATION"",""condition"":""always""},{""taskId"":""RP11-T01"",""ref"":""S02-OPEN-02"",""before"":""VALIDATION"",""condition"":""always""}]",APPLICABLE_ACTIVATED_SCOPE_ONLY,DRAFT_NOT_APPROVED,Current dirty-worktree hashes: execution/RP11/RP11-T01/runs/2026-10-06-continuous-remediation-01/evidence/source-hashes.json,CURRENT_LOCAL_OWNED_RUNTIME
AC-F03-01,F03,RP11,FIX_ACCEPTANCE,ISOLATED_BROWSER,"按批准范围及适用条件验收（T-RP-09, T-RP-12）；继承目标候选：同一共享项目中 A 写入/拉取的缓存不会被 B 的缓存读取 API 返回。。若裁定采用另一方案，补充具体断言和风险处置；不能沿用候选断言自动记PASS。",exact baseline+approved scope+owned fixture/auth success preconditions+command/exit/log+actual DB/IDB/file state+cleanup; document gates use attributable static review/approval artifacts,PASS,RP11-T01,T-RP-09;T-RP-12,S02-OPEN-01;S02-OPEN-02,PENDING_DECISION,Applicable conditional gates only; no execution authorization granted; before negative tests prove authorized success fixture and current candidate,Rejected operation: no unapproved durable changes; failed run retains recoverable copy/last safe state; rollback or containment must match current schema/protocol,V1_INHERITED,同一共享项目中 A 写入/拉取的缓存不会被 B 的缓存读取 API 返回。,execution/RP11/RP11-T01/runs/2026-10-06-continuous-remediation-01/acceptance.json,Codex single executor,"[{""taskId"":""RP11-T01"",""ref"":""T-RP-09"",""before"":""IMPLEMENTATION"",""condition"":""always""},{""taskId"":""RP11-T01"",""ref"":""T-RP-12"",""before"":""IMPLEMENTATION"",""condition"":""always""},{""taskId"":""RP11-T01"",""ref"":""S02-OPEN-01"",""before"":""VALIDATION"",""condition"":""always""},{""taskId"":""RP11-T01"",""ref"":""S02-OPEN-02"",""before"":""VALIDATION"",""condition"":""always""}]",APPLICABLE_ACTIVATED_SCOPE_ONLY,DRAFT_NOT_APPROVED,Current dirty-worktree hashes: execution/RP11/RP11-T01/runs/2026-10-06-continuous-remediation-01/evidence/source-hashes.json,CURRENT_LOCAL_OWNED_RUNTIME
AC-F03-02,F03,RP11,FIX_ACCEPTANCE,ISOLATED_BROWSER,"按批准范围及适用条件验收（T-RP-09, T-RP-12）；继承目标候选：在线请求失败时每个缓存消费者仅显示当前用户获准数据。。若裁定采用另一方案，补充具体断言和风险处置；不能沿用候选断言自动记PASS。",exact baseline+approved scope+owned fixture/auth success preconditions+command/exit/log+actual DB/IDB/file state+cleanup; document gates use attributable static review/approval artifacts,PASS,RP11-T01,T-RP-09;T-RP-12,S02-OPEN-01;S02-OPEN-02,PENDING_DECISION,Applicable conditional gates only; no execution authorization granted; before negative tests prove authorized success fixture and current candidate,Rejected operation: no unapproved durable changes; failed run retains recoverable copy/last safe state; rollback or containment must match current schema/protocol,V1_INHERITED,在线请求失败时每个缓存消费者仅显示当前用户获准数据。,execution/RP11/RP11-T01/runs/2026-10-06-continuous-remediation-01/acceptance.json,Codex single executor,"[{""taskId"":""RP11-T01"",""ref"":""T-RP-09"",""before"":""IMPLEMENTATION"",""condition"":""always""},{""taskId"":""RP11-T01"",""ref"":""T-RP-12"",""before"":""IMPLEMENTATION"",""condition"":""always""},{""taskId"":""RP11-T01"",""ref"":""S02-OPEN-01"",""before"":""VALIDATION"",""condition"":""always""},{""taskId"":""RP11-T01"",""ref"":""S02-OPEN-02"",""before"":""VALIDATION"",""condition"":""always""}]",APPLICABLE_ACTIVATED_SCOPE_ONLY,DRAFT_NOT_APPROVED,Current dirty-worktree hashes: execution/RP11/RP11-T01/runs/2026-10-06-continuous-remediation-01/evidence/source-hashes.json,CURRENT_LOCAL_OWNED_RUNTIME
AC-F03-03,F03,RP11,FIX_ACCEPTANCE,ISOLATED_BROWSER,"按批准范围及适用条件验收（T-RP-09, T-RP-12）；继承目标候选：A 再登录可恢复其缓存；旧版本存储升级不会丢失 outbox。。若裁定采用另一方案，补充具体断言和风险处置；不能沿用候选断言自动记PASS。",exact baseline+approved scope+owned fixture/auth success preconditions+command/exit/log+actual DB/IDB/file state+cleanup; document gates use attributable static review/approval artifacts,PASS,RP11-T01,T-RP-09;T-RP-12,S02-OPEN-01;S02-OPEN-02,PENDING_DECISION,Applicable conditional gates only; no execution authorization granted; before negative tests prove authorized success fixture and current candidate,Rejected operation: no unapproved durable changes; failed run retains recoverable copy/last safe state; rollback or containment must match current schema/protocol,V1_INHERITED,A 再登录可恢复其缓存；旧版本存储升级不会丢失 outbox。,execution/RP11/RP11-T02/runs/2026-10-06-continuous-remediation-01/acceptance.json,Codex single executor,"[{""taskId"":""RP11-T01"",""ref"":""T-RP-09"",""before"":""IMPLEMENTATION"",""condition"":""always""},{""taskId"":""RP11-T01"",""ref"":""T-RP-12"",""before"":""IMPLEMENTATION"",""condition"":""always""},{""taskId"":""RP11-T01"",""ref"":""S02-OPEN-01"",""before"":""VALIDATION"",""condition"":""always""},{""taskId"":""RP11-T01"",""ref"":""S02-OPEN-02"",""before"":""VALIDATION"",""condition"":""always""}]",APPLICABLE_ACTIVATED_SCOPE_ONLY,DRAFT_NOT_APPROVED,Current dirty-worktree hashes: execution/RP11/RP11-T02/runs/2026-10-06-continuous-remediation-01/evidence/source-hashes.json,CURRENT_LOCAL_OWNED_RUNTIME
AC-F02-01,F02,RP11,FIX_ACCEPTANCE,ISOLATED_BROWSER,按批准范围及适用条件验收（T-RP-12）；继承目标候选：冲突记录写入失败时原 outbox 项仍在；事务提交成功后只存在一份可恢复的 conflict payload。。若裁定采用另一方案，补充具体断言和风险处置；不能沿用候选断言自动记PASS。,exact baseline+approved scope+owned fixture/auth success preconditions+command/exit/log+actual DB/IDB/file state+cleanup; document gates use attributable static review/approval artifacts,PASS,RP11-T03,T-RP-12,S02-OPEN-03,PENDING_DECISION,Applicable conditional gates only; no execution authorization granted; before negative tests prove authorized success fixture and current candidate,Rejected operation: no unapproved durable changes; failed run retains recoverable copy/last safe state; rollback or containment must match current schema/protocol,V1_INHERITED,冲突记录写入失败时原 outbox 项仍在；事务提交成功后只存在一份可恢复的 conflict payload。,execution/RP11/RP11-T03/runs/2026-10-06-continuous-remediation-01/acceptance.json,Codex single executor,"[{""taskId"":""RP11-T03"",""ref"":""T-RP-12"",""before"":""IMPLEMENTATION"",""condition"":""always""},{""taskId"":""RP11-T03"",""ref"":""S02-OPEN-03"",""before"":""VALIDATION"",""condition"":""always""}]",APPLICABLE_ACTIVATED_SCOPE_ONLY,DRAFT_NOT_APPROVED,Current dirty-worktree hashes: execution/RP11/RP11-T03/runs/2026-10-06-continuous-remediation-01/evidence/source-hashes.json,CURRENT_LOCAL_OWNED_RUNTIME
AC-F02-02,F02,RP11,FIX_ACCEPTANCE,ISOLATED_BROWSER,按批准范围及适用条件验收（T-RP-12）；继承目标候选：对存储失败点重启后验证 payload 可再次处置；重复回包不丢失且不重复产生冲突副本。。若裁定采用另一方案，补充具体断言和风险处置；不能沿用候选断言自动记PASS。,exact baseline+approved scope+owned fixture/auth success preconditions+command/exit/log+actual DB/IDB/file state+cleanup; document gates use attributable static review/approval artifacts,PASS,RP11-T03,T-RP-12,S02-OPEN-03,PENDING_DECISION,Applicable conditional gates only; no execution authorization granted; before negative tests prove authorized success fixture and current candidate,Rejected operation: no unapproved durable changes; failed run retains recoverable copy/last safe state; rollback or containment must match current schema/protocol,V1_INHERITED,对存储失败点重启后验证 payload 可再次处置；重复回包不丢失且不重复产生冲突副本。,execution/RP11/RP11-T03/runs/2026-10-06-continuous-remediation-01/acceptance.json,Codex single executor,"[{""taskId"":""RP11-T03"",""ref"":""T-RP-12"",""before"":""IMPLEMENTATION"",""condition"":""always""},{""taskId"":""RP11-T03"",""ref"":""S02-OPEN-03"",""before"":""VALIDATION"",""condition"":""always""}]",APPLICABLE_ACTIVATED_SCOPE_ONLY,DRAFT_NOT_APPROVED,Current dirty-worktree hashes: execution/RP11/RP11-T03/runs/2026-10-06-continuous-remediation-01/evidence/source-hashes.json,CURRENT_LOCAL_OWNED_RUNTIME
AC-F04-01,F04,RP12,FIX_ACCEPTANCE,ISOLATED_BROWSER,"按批准范围及适用条件验收（T-RP-11, T-RP-02, T-RP-12）；继承目标候选：501/1001 条队列可分批推进，批间失败只保留未确认与依赖未满足的项目。。若裁定采用另一方案，补充具体断言和风险处置；不能沿用候选断言自动记PASS。",exact baseline+approved scope+owned fixture/auth success preconditions+command/exit/log+actual DB/IDB/file state+cleanup; document gates use attributable static review/approval artifacts,PASS,RP12-T01;RP12-T02,T-RP-11;T-RP-02;T-RP-12,S02-OPEN-04,PENDING_DECISION,Applicable conditional gates only; no execution authorization granted; before negative tests prove authorized success fixture and current candidate,Rejected operation: no unapproved durable changes; failed run retains recoverable copy/last safe state; rollback or containment must match current schema/protocol,V1_INHERITED,501/1001 条队列可分批推进，批间失败只保留未确认与依赖未满足的项目。,execution/RP12/RP12-T02/runs/2026-10-06-continuous-remediation-01/acceptance.json,Codex single executor,"[{""taskId"":""RP12-T01"",""ref"":""S02-OPEN-04"",""before"":""VALIDATION"",""condition"":""always""},{""taskId"":""RP12-T01"",""ref"":""T-RP-11"",""before"":""IMPLEMENTATION"",""condition"":""always""},{""taskId"":""RP12-T02"",""ref"":""T-RP-02"",""before"":""IMPLEMENTATION"",""condition"":""always""},{""taskId"":""RP12-T02"",""ref"":""T-RP-12"",""before"":""IMPLEMENTATION"",""condition"":""always""}]",APPLICABLE_ACTIVATED_SCOPE_ONLY,DRAFT_NOT_APPROVED,Current dirty-worktree hashes: execution/RP12/RP12-T02/runs/2026-10-06-continuous-remediation-01/evidence/source-hashes.json,CURRENT_LOCAL_OWNED_RUNTIME
AC-F04-02,F04,RP12,FIX_ACCEPTANCE,ISOLATED_BROWSER,"按批准范围及适用条件验收（T-RP-11, T-RP-02, T-RP-12）；继承目标候选：父子实体依赖顺序有协议表达并按需等待；字节预算达到阈值时主动切批。。若裁定采用另一方案，补充具体断言和风险处置；不能沿用候选断言自动记PASS。",exact baseline+approved scope+owned fixture/auth success preconditions+command/exit/log+actual DB/IDB/file state+cleanup; document gates use attributable static review/approval artifacts,PASS,RP12-T01;RP12-T02,T-RP-11;T-RP-02;T-RP-12,S02-OPEN-04,PENDING_DECISION,Applicable conditional gates only; no execution authorization granted; before negative tests prove authorized success fixture and current candidate,Rejected operation: no unapproved durable changes; failed run retains recoverable copy/last safe state; rollback or containment must match current schema/protocol,V1_INHERITED,父子实体依赖顺序有协议表达并按需等待；字节预算达到阈值时主动切批。,execution/RP12/RP12-T02/runs/2026-10-06-continuous-remediation-01/acceptance.json,Codex single executor,"[{""taskId"":""RP12-T01"",""ref"":""S02-OPEN-04"",""before"":""VALIDATION"",""condition"":""always""},{""taskId"":""RP12-T01"",""ref"":""T-RP-11"",""before"":""IMPLEMENTATION"",""condition"":""always""},{""taskId"":""RP12-T02"",""ref"":""T-RP-02"",""before"":""IMPLEMENTATION"",""condition"":""always""},{""taskId"":""RP12-T02"",""ref"":""T-RP-12"",""before"":""IMPLEMENTATION"",""condition"":""always""}]",APPLICABLE_ACTIVATED_SCOPE_ONLY,DRAFT_NOT_APPROVED,Current dirty-worktree hashes: execution/RP12/RP12-T02/runs/2026-10-06-continuous-remediation-01/evidence/source-hashes.json,CURRENT_LOCAL_OWNED_RUNTIME
AC-F04-03,F04,RP12,FIX_ACCEPTANCE,ISOLATED_BROWSER,"按批准范围及适用条件验收（T-RP-11, T-RP-02, T-RP-12）；继承目标候选：响应缺项、重复 mutationId、未知 status、超时均不得删除未确认 payload；重启后状态仍一致。。若裁定采用另一方案，补充具体断言和风险处置；不能沿用候选断言自动记PASS。",exact baseline+approved scope+owned fixture/auth success preconditions+command/exit/log+actual DB/IDB/file state+cleanup; document gates use attributable static review/approval artifacts,PASS,RP12-T01;RP12-T02,T-RP-11;T-RP-02;T-RP-12,S02-OPEN-04,PENDING_DECISION,Applicable conditional gates only; no execution authorization granted; before negative tests prove authorized success fixture and current candidate,Rejected operation: no unapproved durable changes; failed run retains recoverable copy/last safe state; rollback or containment must match current schema/protocol,V1_INHERITED,响应缺项、重复 mutationId、未知 status、超时均不得删除未确认 payload；重启后状态仍一致。,execution/RP12/RP12-T02/runs/2026-10-06-continuous-remediation-01/acceptance.json,Codex single executor,"[{""taskId"":""RP12-T01"",""ref"":""S02-OPEN-04"",""before"":""VALIDATION"",""condition"":""always""},{""taskId"":""RP12-T01"",""ref"":""T-RP-11"",""before"":""IMPLEMENTATION"",""condition"":""always""},{""taskId"":""RP12-T02"",""ref"":""T-RP-02"",""before"":""IMPLEMENTATION"",""condition"":""always""},{""taskId"":""RP12-T02"",""ref"":""T-RP-12"",""before"":""IMPLEMENTATION"",""condition"":""always""}]",APPLICABLE_ACTIVATED_SCOPE_ONLY,DRAFT_NOT_APPROVED,Current dirty-worktree hashes: execution/RP12/RP12-T02/runs/2026-10-06-continuous-remediation-01/evidence/source-hashes.json,CURRENT_LOCAL_OWNED_RUNTIME
AC-B10-01,B10,RP10,FIX_ACCEPTANCE,ISOLATED_POSTGRES_API,按批准范围及适用条件验收（D-S01-07）；继承目标候选：控制保存与提交交错时，快照与成功提交的同一revision一致；过期基线返回409且不留版本/receipt。。若裁定采用另一方案，补充具体断言和风险处置；不能沿用候选断言自动记PASS。,exact baseline+approved scope+owned fixture/auth success preconditions+command/exit/log+actual DB/IDB/file state+cleanup; document gates use attributable static review/approval artifacts,PASS,RP10-T02;RP10-T03,D-S01-07,D-S01-07;S03-OI-08,APPROVED_SCOPED_ACCEPTANCE,Applicable conditional gates only; no execution authorization granted; before negative tests prove authorized success fixture and current candidate,Rejected operation: no unapproved durable changes; failed run retains recoverable copy/last safe state; rollback or containment must match current schema/protocol,V1_INHERITED,控制保存与提交交错时，快照与成功提交的同一revision一致；过期基线返回409且不留版本/receipt。,execution/RP10/RP10-T03/runs/2026-10-05-approved-contracts-01/acceptance.json,Codex single executor,"[{""taskId"":""RP10-T02"",""ref"":""D-S01-07"",""before"":""IMPLEMENTATION"",""condition"":""source-state behavior changed""},{""taskId"":""RP10-T03"",""ref"":""D-S01-07"",""before"":""IMPLEMENTATION"",""condition"":""always""},{""taskId"":""RP10-T03"",""ref"":""S03-OI-08"",""before"":""VALIDATION"",""condition"":""always""}]",APPLICABLE_ACTIVATED_SCOPE_ONLY,EXECUTED_APPROVED_LOCAL_SCOPE,Current dirty-worktree hashes: execution/RP10/RP10-T03/runs/2026-10-05-approved-contracts-01/evidence/source-hashes.json,CURRENT_LOCAL_OWNED_RUNTIME
AC-B10-02,B10,RP10,FIX_ACCEPTANCE,ISOLATED_POSTGRES_API,按批准范围及适用条件验收（D-S01-07）；继承目标候选：已SUBMITTED记录以新幂等键提交按状态规则拒绝。。若裁定采用另一方案，补充具体断言和风险处置；不能沿用候选断言自动记PASS。,exact baseline+approved scope+owned fixture/auth success preconditions+command/exit/log+actual DB/IDB/file state+cleanup; document gates use attributable static review/approval artifacts,PASS,RP10-T02;RP10-T03,D-S01-07,D-S01-07;S03-OI-08,APPROVED_SCOPED_ACCEPTANCE,Applicable conditional gates only; no execution authorization granted; before negative tests prove authorized success fixture and current candidate,Rejected operation: no unapproved durable changes; failed run retains recoverable copy/last safe state; rollback or containment must match current schema/protocol,V1_INHERITED,已SUBMITTED记录以新幂等键提交按状态规则拒绝。,execution/RP10/RP10-T03/runs/2026-10-05-approved-contracts-01/acceptance.json,Codex single executor,"[{""taskId"":""RP10-T02"",""ref"":""D-S01-07"",""before"":""IMPLEMENTATION"",""condition"":""source-state behavior changed""},{""taskId"":""RP10-T03"",""ref"":""D-S01-07"",""before"":""IMPLEMENTATION"",""condition"":""always""},{""taskId"":""RP10-T03"",""ref"":""S03-OI-08"",""before"":""VALIDATION"",""condition"":""always""}]",APPLICABLE_ACTIVATED_SCOPE_ONLY,EXECUTED_APPROVED_LOCAL_SCOPE,Current dirty-worktree hashes: execution/RP10/RP10-T03/runs/2026-10-05-approved-contracts-01/evidence/source-hashes.json,CURRENT_LOCAL_OWNED_RUNTIME
AC-B10-03,B10,RP10,FIX_ACCEPTANCE,ISOLATED_POSTGRES_API,按批准范围及适用条件验收（D-S01-07）；继承目标候选：并发版本分配不会产生重复版本或部分状态。。若裁定采用另一方案，补充具体断言和风险处置；不能沿用候选断言自动记PASS。,exact baseline+approved scope+owned fixture/auth success preconditions+command/exit/log+actual DB/IDB/file state+cleanup; document gates use attributable static review/approval artifacts,PASS,RP10-T02;RP10-T03,D-S01-07,D-S01-07;S03-OI-08,APPROVED_SCOPED_ACCEPTANCE,Applicable conditional gates only; no execution authorization granted; before negative tests prove authorized success fixture and current candidate,Rejected operation: no unapproved durable changes; failed run retains recoverable copy/last safe state; rollback or containment must match current schema/protocol,V1_INHERITED,并发版本分配不会产生重复版本或部分状态。,execution/RP10/RP10-T03/runs/2026-10-05-approved-contracts-01/acceptance.json,Codex single executor,"[{""taskId"":""RP10-T02"",""ref"":""D-S01-07"",""before"":""IMPLEMENTATION"",""condition"":""source-state behavior changed""},{""taskId"":""RP10-T03"",""ref"":""D-S01-07"",""before"":""IMPLEMENTATION"",""condition"":""always""},{""taskId"":""RP10-T03"",""ref"":""S03-OI-08"",""before"":""VALIDATION"",""condition"":""always""}]",APPLICABLE_ACTIVATED_SCOPE_ONLY,EXECUTED_APPROVED_LOCAL_SCOPE,Current dirty-worktree hashes: execution/RP10/RP10-T03/runs/2026-10-05-approved-contracts-01/evidence/source-hashes.json,CURRENT_LOCAL_OWNED_RUNTIME
AC-B16-01,B16,RP10,FIX_ACCEPTANCE,ISOLATED_POSTGRES_API,按批准范围及适用条件验收（T-RP-03）；继承目标候选：两客户端同revision首写成功、第二写409且不会覆盖首写。。若裁定采用另一方案，补充具体断言和风险处置；不能沿用候选断言自动记PASS。,exact baseline+approved scope+owned fixture/auth success preconditions+command/exit/log+actual DB/IDB/file state+cleanup; document gates use attributable static review/approval artifacts,NOT_RUN,RP10-T01,T-RP-03,S03-OI-05,PENDING_DECISION,Applicable conditional gates only; no execution authorization granted; before negative tests prove authorized success fixture and current candidate,Rejected operation: no unapproved durable changes; failed run retains recoverable copy/last safe state; rollback or containment must match current schema/protocol,V1_INHERITED,两客户端同revision首写成功、第二写409且不会覆盖首写。,,UNASSIGNED,"[{""taskId"":""RP10-T01"",""ref"":""T-RP-03"",""before"":""IMPLEMENTATION"",""condition"":""always""},{""taskId"":""RP10-T01"",""ref"":""S03-OI-05"",""before"":""IMPLEMENTATION"",""condition"":""only if stale/delete command adapter is changed; no gate on unrelated task fields or report snapshot""}]",APPLICABLE_ACTIVATED_SCOPE_ONLY,DRAFT_NOT_APPROVED,TO_BE_RECORDED_ON_EXECUTION,PLANNED_ONLY_NOT_EVIDENCE
AC-B16-02,B16,RP10,FIX_ACCEPTANCE,ISOLATED_POSTGRES_API,按批准范围及适用条件验收（T-RP-03）；继承目标候选：覆盖普通字段、状态、指派及混合PUT与状态PATCH。。若裁定采用另一方案，补充具体断言和风险处置；不能沿用候选断言自动记PASS。,exact baseline+approved scope+owned fixture/auth success preconditions+command/exit/log+actual DB/IDB/file state+cleanup; document gates use attributable static review/approval artifacts,NOT_RUN,RP10-T01,T-RP-03,S03-OI-05,PENDING_DECISION,Applicable conditional gates only; no execution authorization granted; before negative tests prove authorized success fixture and current candidate,Rejected operation: no unapproved durable changes; failed run retains recoverable copy/last safe state; rollback or containment must match current schema/protocol,V1_INHERITED,覆盖普通字段、状态、指派及混合PUT与状态PATCH。,,UNASSIGNED,"[{""taskId"":""RP10-T01"",""ref"":""T-RP-03"",""before"":""IMPLEMENTATION"",""condition"":""always""},{""taskId"":""RP10-T01"",""ref"":""S03-OI-05"",""before"":""IMPLEMENTATION"",""condition"":""only if stale/delete command adapter is changed; no gate on unrelated task fields or report snapshot""}]",APPLICABLE_ACTIVATED_SCOPE_ONLY,DRAFT_NOT_APPROVED,TO_BE_RECORDED_ON_EXECUTION,PLANNED_ONLY_NOT_EVIDENCE
AC-B16-03,B16,RP10,FIX_ACCEPTANCE,ISOLATED_POSTGRES_API,按批准范围及适用条件验收（T-RP-03）；继承目标候选：modern client缺基线拒绝；旧兼容路径有清晰期限和审计。。若裁定采用另一方案，补充具体断言和风险处置；不能沿用候选断言自动记PASS。,exact baseline+approved scope+owned fixture/auth success preconditions+command/exit/log+actual DB/IDB/file state+cleanup; document gates use attributable static review/approval artifacts,NOT_RUN,RP10-T01,T-RP-03,S03-OI-05,PENDING_DECISION,Applicable conditional gates only; no execution authorization granted; before negative tests prove authorized success fixture and current candidate,Rejected operation: no unapproved durable changes; failed run retains recoverable copy/last safe state; rollback or containment must match current schema/protocol,V1_INHERITED,modern client缺基线拒绝；旧兼容路径有清晰期限和审计。,,UNASSIGNED,"[{""taskId"":""RP10-T01"",""ref"":""T-RP-03"",""before"":""IMPLEMENTATION"",""condition"":""always""},{""taskId"":""RP10-T01"",""ref"":""S03-OI-05"",""before"":""IMPLEMENTATION"",""condition"":""only if stale/delete command adapter is changed; no gate on unrelated task fields or report snapshot""}]",APPLICABLE_ACTIVATED_SCOPE_ONLY,DRAFT_NOT_APPROVED,TO_BE_RECORDED_ON_EXECUTION,PLANNED_ONLY_NOT_EVIDENCE
AC-B11-01,B11,RP14,FIX_ACCEPTANCE,ISOLATED_POSTGRES_API,"INFECTED files are rejected by /files/:id, /files/:id/download, and regulatory original-file alias.",exact baseline+approved scope+owned fixture/auth success preconditions+command/exit/log+actual DB/IDB/file state+cleanup; document gates use attributable static review/approval artifacts,PASS,RP14-T01,,,PROPOSED_ACCEPTANCE,Applicable conditional gates only; no execution authorization granted; before negative tests prove authorized success fixture and current candidate,Rejected operation: no unapproved durable changes; failed run retains recoverable copy/last safe state; rollback or containment must match current schema/protocol,V1_INHERITED,"INFECTED files are rejected by /files/:id, /files/:id/download, and regulatory original-file alias.",execution/final-regression-2026-10-02/RP14/rp14-infected-file-read/attempt-01/integration-suite.log; execution/RP14/RP14-T01/runs/2026-10-02-followup-validation/evidence/source-hash.json,UNASSIGNED,[],APPLICABLE_ACTIVATED_SCOPE_ONLY,DRAFT_NOT_APPROVED,HEAD 138cf2da1b63195cef7e884f69bdf8ded6ed3c21; final worktree file SHA-256 in execution/RP14/RP14-T01/runs/2026-10-02-followup-validation/evidence/source-hash.json,LOCAL_SCOPED_EVIDENCE_SEE_REFERENCED_LIMITS
AC-B11-02,B11,RP14,FIX_ACCEPTANCE,ISOLATED_POSTGRES_API,Scan policy for FAILED and SKIPPED states is explicit and does not imply a scan passed.,exact baseline+approved scope+owned fixture/auth success preconditions+command/exit/log+actual DB/IDB/file state+cleanup; document gates use attributable static review/approval artifacts,PASS,RP14-T01,,,APPROVED_SCOPED_ACCEPTANCE,Applicable conditional gates only; no execution authorization granted; before negative tests prove authorized success fixture and current candidate,Rejected operation: no unapproved durable changes; failed run retains recoverable copy/last safe state; rollback or containment must match current schema/protocol,V1_INHERITED,Scan policy for FAILED and SKIPPED states is explicit and does not imply a scan passed.,execution/RP14/RP14-T02/runs/2026-10-05-approved-contracts-01/acceptance.json,Codex single executor,[],APPLICABLE_ACTIVATED_SCOPE_ONLY,EXECUTED_APPROVED_LOCAL_SCOPE,Current dirty-worktree hashes: execution/RP14/RP14-T02/runs/2026-10-05-approved-contracts-01/evidence/source-hashes.json,CURRENT_LOCAL_OWNED_RUNTIME
AC-B11-03,B11,RP14,FIX_ACCEPTANCE,ISOLATED_POSTGRES_API,All denied infected reads emit the required audit event.,exact baseline+approved scope+owned fixture/auth success preconditions+command/exit/log+actual DB/IDB/file state+cleanup; document gates use attributable static review/approval artifacts,PASS,RP14-T01,,,PROPOSED_ACCEPTANCE,Applicable conditional gates only; no execution authorization granted; before negative tests prove authorized success fixture and current candidate,Rejected operation: no unapproved durable changes; failed run retains recoverable copy/last safe state; rollback or containment must match current schema/protocol,V1_INHERITED,All denied infected reads emit the required audit event.,execution/final-regression-2026-10-02/RP14/rp14-infected-file-read/attempt-01/integration-suite.log; execution/RP14/RP14-T01/runs/2026-10-02-followup-validation/evidence/source-hash.json,UNASSIGNED,[],APPLICABLE_ACTIVATED_SCOPE_ONLY,DRAFT_NOT_APPROVED,HEAD 138cf2da1b63195cef7e884f69bdf8ded6ed3c21; final worktree file SHA-256 in execution/RP14/RP14-T01/runs/2026-10-02-followup-validation/evidence/source-hash.json,LOCAL_SCOPED_EVIDENCE_SEE_REFERENCED_LIMITS
AC-B12-01,B12,RP14,FIX_ACCEPTANCE,ISOLATED_POSTGRES_API,按批准范围及适用条件验收（T-RP-05）；继承目标候选：Ordinary nonmembers remain denied.。若裁定采用另一方案，补充具体断言和风险处置；不能沿用候选断言自动记PASS。,exact baseline+approved scope+owned fixture/auth success preconditions+command/exit/log+actual DB/IDB/file state+cleanup; document gates use attributable static review/approval artifacts,PASS,RP14-T02,T-RP-05,,APPROVED_SCOPED_ACCEPTANCE,Applicable conditional gates only; no execution authorization granted; before negative tests prove authorized success fixture and current candidate,Rejected operation: no unapproved durable changes; failed run retains recoverable copy/last safe state; rollback or containment must match current schema/protocol,V1_INHERITED,Ordinary nonmembers remain denied.,execution/RP14/RP14-T02/runs/2026-10-05-approved-contracts-01/acceptance.json,Codex single executor,"[{""taskId"":""RP14-T02"",""ref"":""T-RP-05"",""before"":""IMPLEMENTATION"",""condition"":""always""}]",APPLICABLE_ACTIVATED_SCOPE_ONLY,EXECUTED_APPROVED_LOCAL_SCOPE,Current dirty-worktree hashes: execution/RP14/RP14-T02/runs/2026-10-05-approved-contracts-01/evidence/source-hashes.json,CURRENT_LOCAL_OWNED_RUNTIME
AC-B12-02,B12,RP14,FIX_ACCEPTANCE,ISOLATED_POSTGRES_API,按批准范围及适用条件验收（T-RP-05）；继承目标候选：Project members are evaluated using the declared project role and file scope.。若裁定采用另一方案，补充具体断言和风险处置；不能沿用候选断言自动记PASS。,exact baseline+approved scope+owned fixture/auth success preconditions+command/exit/log+actual DB/IDB/file state+cleanup; document gates use attributable static review/approval artifacts,PASS,RP14-T02,T-RP-05,,APPROVED_SCOPED_ACCEPTANCE,Applicable conditional gates only; no execution authorization granted; before negative tests prove authorized success fixture and current candidate,Rejected operation: no unapproved durable changes; failed run retains recoverable copy/last safe state; rollback or containment must match current schema/protocol,V1_INHERITED,Project members are evaluated using the declared project role and file scope.,execution/RP14/RP14-T02/runs/2026-10-05-approved-contracts-01/acceptance.json,Codex single executor,"[{""taskId"":""RP14-T02"",""ref"":""T-RP-05"",""before"":""IMPLEMENTATION"",""condition"":""always""}]",APPLICABLE_ACTIVATED_SCOPE_ONLY,EXECUTED_APPROVED_LOCAL_SCOPE,Current dirty-worktree hashes: execution/RP14/RP14-T02/runs/2026-10-05-approved-contracts-01/evidence/source-hashes.json,CURRENT_LOCAL_OWNED_RUNTIME
AC-B12-03,B12,RP14,FIX_ACCEPTANCE,ISOLATED_POSTGRES_API,按批准范围及适用条件验收（T-RP-05）；继承目标候选：SUPER_ADMIN nonmember access requires the intended system permission and emits elevated audit.。若裁定采用另一方案，补充具体断言和风险处置；不能沿用候选断言自动记PASS。,exact baseline+approved scope+owned fixture/auth success preconditions+command/exit/log+actual DB/IDB/file state+cleanup; document gates use attributable static review/approval artifacts,PASS,RP14-T02,T-RP-05,,APPROVED_SCOPED_ACCEPTANCE,Applicable conditional gates only; no execution authorization granted; before negative tests prove authorized success fixture and current candidate,Rejected operation: no unapproved durable changes; failed run retains recoverable copy/last safe state; rollback or containment must match current schema/protocol,V1_INHERITED,SUPER_ADMIN nonmember access requires the intended system permission and emits elevated audit.,execution/RP14/RP14-T02/runs/2026-10-05-approved-contracts-01/acceptance.json,Codex single executor,"[{""taskId"":""RP14-T02"",""ref"":""T-RP-05"",""before"":""IMPLEMENTATION"",""condition"":""always""}]",APPLICABLE_ACTIVATED_SCOPE_ONLY,EXECUTED_APPROVED_LOCAL_SCOPE,Current dirty-worktree hashes: execution/RP14/RP14-T02/runs/2026-10-05-approved-contracts-01/evidence/source-hashes.json,CURRENT_LOCAL_OWNED_RUNTIME
AC-B19-01,B19,RP05,FIX_ACCEPTANCE,ISOLATED_POSTGRES_API,Sync and online paths reject parent links across projects.,exact baseline+approved scope+owned fixture/auth success preconditions+command/exit/log+actual DB/IDB/file state+cleanup; document gates use attributable static review/approval artifacts,ENV_BLOCKED,RP05-T01,,,PROPOSED_ACCEPTANCE,Applicable conditional gates only; no execution authorization granted; before negative tests prove authorized success fixture and current candidate,Rejected operation: no unapproved durable changes; failed run retains recoverable copy/last safe state; rollback or containment must match current schema/protocol,V1_INHERITED,Sync and online paths reject parent links across projects.,docs/remediation/2026-10-01-rdpms/execution/RP05/RP05-T01/acceptance.json,Codex executor,[],APPLICABLE_ACTIVATED_SCOPE_ONLY,DRAFT_NOT_APPROVED,138cf2da1b63195cef7e884f69bdf8ded6ed3c21,IMPLEMENTATION_STATIC_ONLY_RUNTIME_NOT_RUN
AC-B19-02,B19,RP05,FIX_ACCEPTANCE,ISOLATED_POSTGRES_API,All cycle lengths are rejected while valid same-project trees remain writable.,exact baseline+approved scope+owned fixture/auth success preconditions+command/exit/log+actual DB/IDB/file state+cleanup; document gates use attributable static review/approval artifacts,NOT_RUN,RP05-T01,,,PROPOSED_ACCEPTANCE,Applicable conditional gates only; no execution authorization granted; before negative tests prove authorized success fixture and current candidate,Rejected operation: no unapproved durable changes; failed run retains recoverable copy/last safe state; rollback or containment must match current schema/protocol,V1_INHERITED,All cycle lengths are rejected while valid same-project trees remain writable.,,UNASSIGNED,[],APPLICABLE_ACTIVATED_SCOPE_ONLY,DRAFT_NOT_APPROVED,TO_BE_RECORDED_ON_EXECUTION,PLANNED_ONLY_NOT_EVIDENCE
AC-B19-03,B19,RP05,FIX_ACCEPTANCE,ISOLATED_POSTGRES_API,Recursive operations carry projectId and cannot cross project scope.,exact baseline+approved scope+owned fixture/auth success preconditions+command/exit/log+actual DB/IDB/file state+cleanup; document gates use attributable static review/approval artifacts,ENV_BLOCKED,RP05-T01,,,PROPOSED_ACCEPTANCE,Applicable conditional gates only; no execution authorization granted; before negative tests prove authorized success fixture and current candidate,Rejected operation: no unapproved durable changes; failed run retains recoverable copy/last safe state; rollback or containment must match current schema/protocol,V1_INHERITED,Recursive operations carry projectId and cannot cross project scope.,docs/remediation/2026-10-01-rdpms/execution/RP05/RP05-T01/acceptance.json,Codex executor,[],APPLICABLE_ACTIVATED_SCOPE_ONLY,DRAFT_NOT_APPROVED,138cf2da1b63195cef7e884f69bdf8ded6ed3c21,IMPLEMENTATION_STATIC_ONLY_RUNTIME_NOT_RUN
AC-B19-04,B19,RP05,FIX_ACCEPTANCE,ISOLATED_POSTGRES_API,Legacy anomalous edges are reconciled only under an approved data plan.,exact baseline+approved scope+owned fixture/auth success preconditions+command/exit/log+actual DB/IDB/file state+cleanup; document gates use attributable static review/approval artifacts,NOT_RUN,RP05-T01,,,PROPOSED_ACCEPTANCE,Applicable conditional gates only; no execution authorization granted; before negative tests prove authorized success fixture and current candidate,Rejected operation: no unapproved durable changes; failed run retains recoverable copy/last safe state; rollback or containment must match current schema/protocol,V1_INHERITED,Legacy anomalous edges are reconciled only under an approved data plan.,,UNASSIGNED,[],APPLICABLE_ACTIVATED_SCOPE_ONLY,DRAFT_NOT_APPROVED,TO_BE_RECORDED_ON_EXECUTION,PLANNED_ONLY_NOT_EVIDENCE
AC-B13-01,B13,RP16,FIX_ACCEPTANCE,ISOLATED_POSTGRES_API,"按批准范围及适用条件验收（T-RP-06, T-RP-10）；继承目标候选：Per-table reported inserted/updated/deleted counts equal database effects for every supported table.。若裁定采用另一方案，补充具体断言和风险处置；不能沿用候选断言自动记PASS。",exact baseline+approved scope+owned fixture/auth success preconditions+command/exit/log+actual DB/IDB/file state+cleanup; document gates use attributable static review/approval artifacts,PASS,RP16-T01;RP16-T02;RP16-T03,T-RP-06;T-RP-10,S05-OI-03,PENDING_DECISION,Applicable conditional gates only; no execution authorization granted; before negative tests prove authorized success fixture and current candidate,Rejected operation: no unapproved durable changes; failed run retains recoverable copy/last safe state; rollback or containment must match current schema/protocol,V1_INHERITED,Per-table reported inserted/updated/deleted counts equal database effects for every supported table.,execution/RP16/RP16-T02/runs/2026-10-06-continuous-remediation-01/acceptance.json,Codex single executor,"[{""taskId"":""RP16-T01"",""ref"":""T-RP-06"",""before"":""IMPLEMENTATION"",""condition"":""always""},{""taskId"":""RP16-T02"",""ref"":""T-RP-06"",""before"":""IMPLEMENTATION"",""condition"":""always""},{""taskId"":""RP16-T02"",""ref"":""S05-OI-03"",""before"":""VALIDATION"",""condition"":""always""},{""taskId"":""RP16-T03"",""ref"":""T-RP-10"",""before"":""IMPLEMENTATION"",""condition"":""always""}]",APPLICABLE_ACTIVATED_SCOPE_ONLY,DRAFT_NOT_APPROVED,Current dirty-worktree hashes: execution/RP16/RP16-T02/runs/2026-10-06-continuous-remediation-01/evidence/source-hashes.json,CURRENT_LOCAL_OWNED_RUNTIME
AC-B13-02,B13,RP16,FIX_ACCEPTANCE,ISOLATED_POSTGRES_API,"按批准范围及适用条件验收（T-RP-06, T-RP-10）；继承目标候选：Duplicate payload values for every single and composite unique constraint are rejected before writes or cause explicit full rollback.。若裁定采用另一方案，补充具体断言和风险处置；不能沿用候选断言自动记PASS。",exact baseline+approved scope+owned fixture/auth success preconditions+command/exit/log+actual DB/IDB/file state+cleanup; document gates use attributable static review/approval artifacts,PASS,RP16-T01;RP16-T02;RP16-T03,T-RP-06;T-RP-10,S05-OI-03,PENDING_DECISION,Applicable conditional gates only; no execution authorization granted; before negative tests prove authorized success fixture and current candidate,Rejected operation: no unapproved durable changes; failed run retains recoverable copy/last safe state; rollback or containment must match current schema/protocol,V1_INHERITED,Duplicate payload values for every single and composite unique constraint are rejected before writes or cause explicit full rollback.,execution/RP16/RP16-T02/runs/2026-10-06-continuous-remediation-01/acceptance.json,Codex single executor,"[{""taskId"":""RP16-T01"",""ref"":""T-RP-06"",""before"":""IMPLEMENTATION"",""condition"":""always""},{""taskId"":""RP16-T02"",""ref"":""T-RP-06"",""before"":""IMPLEMENTATION"",""condition"":""always""},{""taskId"":""RP16-T02"",""ref"":""S05-OI-03"",""before"":""VALIDATION"",""condition"":""always""},{""taskId"":""RP16-T03"",""ref"":""T-RP-10"",""before"":""IMPLEMENTATION"",""condition"":""always""}]",APPLICABLE_ACTIVATED_SCOPE_ONLY,DRAFT_NOT_APPROVED,Current dirty-worktree hashes: execution/RP16/RP16-T02/runs/2026-10-06-continuous-remediation-01/evidence/source-hashes.json,CURRENT_LOCAL_OWNED_RUNTIME
AC-B13-03,B13,RP16,FIX_ACCEPTANCE,ISOLATED_POSTGRES_API,"按批准范围及适用条件验收（T-RP-06, T-RP-10）；继承目标候选：Test the 500/501 check boundary and target changes between preview and apply in isolated environments.。若裁定采用另一方案，补充具体断言和风险处置；不能沿用候选断言自动记PASS。",exact baseline+approved scope+owned fixture/auth success preconditions+command/exit/log+actual DB/IDB/file state+cleanup; document gates use attributable static review/approval artifacts,PASS,RP16-T01;RP16-T02;RP16-T03,T-RP-06;T-RP-10,S05-OI-03,PENDING_DECISION,Applicable conditional gates only; no execution authorization granted; before negative tests prove authorized success fixture and current candidate,Rejected operation: no unapproved durable changes; failed run retains recoverable copy/last safe state; rollback or containment must match current schema/protocol,V1_INHERITED,Test the 500/501 check boundary and target changes between preview and apply in isolated environments.,execution/RP16/RP16-T02/runs/2026-10-06-continuous-remediation-01/acceptance.json,Codex single executor,"[{""taskId"":""RP16-T01"",""ref"":""T-RP-06"",""before"":""IMPLEMENTATION"",""condition"":""always""},{""taskId"":""RP16-T02"",""ref"":""T-RP-06"",""before"":""IMPLEMENTATION"",""condition"":""always""},{""taskId"":""RP16-T02"",""ref"":""S05-OI-03"",""before"":""VALIDATION"",""condition"":""always""},{""taskId"":""RP16-T03"",""ref"":""T-RP-10"",""before"":""IMPLEMENTATION"",""condition"":""always""}]",APPLICABLE_ACTIVATED_SCOPE_ONLY,DRAFT_NOT_APPROVED,Current dirty-worktree hashes: execution/RP16/RP16-T02/runs/2026-10-06-continuous-remediation-01/evidence/source-hashes.json,CURRENT_LOCAL_OWNED_RUNTIME
AC-B13-04,B13,RP16,FIX_ACCEPTANCE,ISOLATED_POSTGRES_API,"按批准范围及适用条件验收（T-RP-06, T-RP-10）；继承目标候选：Reconcile restored primary keys, unique keys, FKs, and attachment/file references before reporting success.。若裁定采用另一方案，补充具体断言和风险处置；不能沿用候选断言自动记PASS。",exact baseline+approved scope+owned fixture/auth success preconditions+command/exit/log+actual DB/IDB/file state+cleanup; document gates use attributable static review/approval artifacts,PASS,RP16-T01;RP16-T02;RP16-T03,T-RP-06;T-RP-10,S05-OI-03,PENDING_DECISION,Applicable conditional gates only; no execution authorization granted; before negative tests prove authorized success fixture and current candidate,Rejected operation: no unapproved durable changes; failed run retains recoverable copy/last safe state; rollback or containment must match current schema/protocol,V1_INHERITED,"Reconcile restored primary keys, unique keys, FKs, and attachment/file references before reporting success.",execution/RP16/RP16-T02/runs/2026-10-06-continuous-remediation-01/acceptance.json,Codex single executor,"[{""taskId"":""RP16-T01"",""ref"":""T-RP-06"",""before"":""IMPLEMENTATION"",""condition"":""always""},{""taskId"":""RP16-T02"",""ref"":""T-RP-06"",""before"":""IMPLEMENTATION"",""condition"":""always""},{""taskId"":""RP16-T02"",""ref"":""S05-OI-03"",""before"":""VALIDATION"",""condition"":""always""},{""taskId"":""RP16-T03"",""ref"":""T-RP-10"",""before"":""IMPLEMENTATION"",""condition"":""always""}]",APPLICABLE_ACTIVATED_SCOPE_ONLY,DRAFT_NOT_APPROVED,Current dirty-worktree hashes: execution/RP16/RP16-T02/runs/2026-10-06-continuous-remediation-01/evidence/source-hashes.json,CURRENT_LOCAL_OWNED_RUNTIME
AC-D01-01,D01,RP17,FIX_ACCEPTANCE,ISOLATED_LINUX,"按批准范围及适用条件验收（T-RP-11）；继承目标候选：On target Linux in a disposable path, after two add/change/delete rounds, first snapshot manifest and bytes remain unchanged and the second is complete before latest is advanced.。若裁定采用另一方案，补充具体断言和风险处置；不能沿用候选断言自动记PASS。",exact baseline+approved scope+owned fixture/auth success preconditions+command/exit/log+actual DB/IDB/file state+cleanup; document gates use attributable static review/approval artifacts,ENV_BLOCKED,RP17-T01;RP17-T02;RP17-T03,T-RP-11,S05-OI-01,PENDING_DECISION,Applicable conditional gates only; no execution authorization granted; before negative tests prove authorized success fixture and current candidate,Rejected operation: no unapproved durable changes; failed run retains recoverable copy/last safe state; rollback or containment must match current schema/protocol,V1_INHERITED,"On target Linux in a disposable path, after two add/change/delete rounds, first snapshot manifest and bytes remain unchanged and the second is complete before latest is advanced.",execution/RP17/RP17-T03/runs/2026-10-06-continuous-remediation-01/acceptance.json,Codex single executor,"[{""taskId"":""RP17-T02"",""ref"":""T-RP-11"",""before"":""IMPLEMENTATION"",""condition"":""always""},{""taskId"":""RP17-T03"",""ref"":""S05-OI-01"",""before"":""VALIDATION"",""condition"":""always""}]",APPLICABLE_ACTIVATED_SCOPE_ONLY,DRAFT_NOT_APPROVED,TO_BE_RECORDED_ON_EXECUTION,CURRENT_LOCAL_RUNTIME_LIMIT
AC-R12-N01-01,R12-N01,RP19,CANDIDATE_EVIDENCE,ISOLATED_DB_FILES,"按批准范围及适用条件验收（T-RP-10）；继承目标候选：An isolated test with adjacent file metadata and binary add/change/delete operations proves a paired restore is coherent, and a mismatched pair/checksum is rejected before acceptance.。若裁定采用另一方案，补充具体断言和风险处置；不能沿用候选断言自动记PASS。",exact baseline+approved scope+owned fixture/auth success preconditions+command/exit/log+actual DB/IDB/file state+cleanup; document gates use attributable static review/approval artifacts,ENV_BLOCKED,RP19-T01;RP19-T02,T-RP-10,S05-OI-02,PENDING_DECISION,Applicable conditional gates only; no execution authorization granted; before negative tests prove authorized success fixture and current candidate,Rejected operation: no unapproved durable changes; failed run retains recoverable copy/last safe state; rollback or containment must match current schema/protocol,V1_INHERITED,"An isolated test with adjacent file metadata and binary add/change/delete operations proves a paired restore is coherent, and a mismatched pair/checksum is rejected before acceptance.",execution/RP19/RP19-T02/runs/2026-10-06-continuous-remediation-01/acceptance.json,Codex single executor,"[{""taskId"":""RP19-T01"",""ref"":""S05-OI-02"",""before"":""VALIDATION"",""condition"":""always""},{""taskId"":""RP19-T02"",""ref"":""T-RP-10"",""before"":""IMPLEMENTATION"",""condition"":""always""},{""taskId"":""RP19-T02"",""ref"":""S05-OI-02"",""before"":""VALIDATION"",""condition"":""always""}]",APPLICABLE_ACTIVATED_SCOPE_ONLY,DRAFT_NOT_APPROVED,TO_BE_RECORDED_ON_EXECUTION,CURRENT_LOCAL_RUNTIME_LIMIT
AC-D02-01,D02,RP18,FIX_ACCEPTANCE,ISOLATED_LINUX,"按批准范围及适用条件验收（T-RP-08, T-RP-09, T-RP-13）；继承目标候选：An isolated candidate-only contract failure blocks before database migration and symlink cutover while current remains healthy.。若裁定采用另一方案，补充具体断言和风险处置；不能沿用候选断言自动记PASS。",exact baseline+approved scope+owned fixture/auth success preconditions+command/exit/log+actual DB/IDB/file state+cleanup; document gates use attributable static review/approval artifacts,PASS,RP18-T01;RP18-T02,T-RP-08;T-RP-09;T-RP-13,S05-OI-05,PENDING_DECISION,Applicable conditional gates only; no execution authorization granted; before negative tests prove authorized success fixture and current candidate,Rejected operation: no unapproved durable changes; failed run retains recoverable copy/last safe state; rollback or containment must match current schema/protocol,V1_INHERITED,An isolated candidate-only contract failure blocks before database migration and symlink cutover while current remains healthy.,execution/RP18/RP18-T01/runs/2026-10-06-continuous-remediation-01/acceptance.json,Codex single executor,"[{""taskId"":""RP18-T01"",""ref"":""T-RP-08"",""before"":""IMPLEMENTATION"",""condition"":""always""},{""taskId"":""RP18-T01"",""ref"":""T-RP-09"",""before"":""IMPLEMENTATION"",""condition"":""always""},{""taskId"":""RP18-T02"",""ref"":""T-RP-13"",""before"":""IMPLEMENTATION"",""condition"":""always""},{""taskId"":""RP18-T02"",""ref"":""S05-OI-05"",""before"":""RELEASE"",""condition"":""always""}]",APPLICABLE_ACTIVATED_SCOPE_ONLY,DRAFT_NOT_APPROVED,Current dirty-worktree hashes: execution/RP18/RP18-T01/runs/2026-10-06-continuous-remediation-01/evidence/source-hashes.json,CURRENT_LOCAL_OWNED_RUNTIME
AC-D02-02,D02,RP18,FIX_ACCEPTANCE,ISOLATED_LINUX,"按批准范围及适用条件验收（T-RP-08, T-RP-09, T-RP-13）；继承目标候选：Successful gate records the same candidate commit/build identity later served by health/readiness and smoke.。若裁定采用另一方案，补充具体断言和风险处置；不能沿用候选断言自动记PASS。",exact baseline+approved scope+owned fixture/auth success preconditions+command/exit/log+actual DB/IDB/file state+cleanup; document gates use attributable static review/approval artifacts,PASS,RP18-T01;RP18-T02,T-RP-08;T-RP-09;T-RP-13,S05-OI-05,PENDING_DECISION,Applicable conditional gates only; no execution authorization granted; before negative tests prove authorized success fixture and current candidate,Rejected operation: no unapproved durable changes; failed run retains recoverable copy/last safe state; rollback or containment must match current schema/protocol,V1_INHERITED,Successful gate records the same candidate commit/build identity later served by health/readiness and smoke.,execution/RP18/RP18-T01/runs/2026-10-06-continuous-remediation-01/acceptance.json,Codex single executor,"[{""taskId"":""RP18-T01"",""ref"":""T-RP-08"",""before"":""IMPLEMENTATION"",""condition"":""always""},{""taskId"":""RP18-T01"",""ref"":""T-RP-09"",""before"":""IMPLEMENTATION"",""condition"":""always""},{""taskId"":""RP18-T02"",""ref"":""T-RP-13"",""before"":""IMPLEMENTATION"",""condition"":""always""},{""taskId"":""RP18-T02"",""ref"":""S05-OI-05"",""before"":""RELEASE"",""condition"":""always""}]",APPLICABLE_ACTIVATED_SCOPE_ONLY,DRAFT_NOT_APPROVED,Current dirty-worktree hashes: execution/RP18/RP18-T01/runs/2026-10-06-continuous-remediation-01/evidence/source-hashes.json,CURRENT_LOCAL_OWNED_RUNTIME
AC-D03-01,D03,RP18,FIX_ACCEPTANCE,ISOLATED_LINUX,"按批准范围及适用条件验收（T-RP-08, T-RP-09）；继承目标候选：Isolated configuration with only documented names yields the documented CORS allowlist and rejects unlisted origins.。若裁定采用另一方案，补充具体断言和风险处置；不能沿用候选断言自动记PASS。",exact baseline+approved scope+owned fixture/auth success preconditions+command/exit/log+actual DB/IDB/file state+cleanup; document gates use attributable static review/approval artifacts,PASS,RP18-T01;RP18-T03,T-RP-08;T-RP-09,S05-OI-04,PENDING_DECISION,Applicable conditional gates only; no execution authorization granted; before negative tests prove authorized success fixture and current candidate,Rejected operation: no unapproved durable changes; failed run retains recoverable copy/last safe state; rollback or containment must match current schema/protocol,V1_INHERITED,Isolated configuration with only documented names yields the documented CORS allowlist and rejects unlisted origins.,execution/RP18/RP18-T01/runs/2026-10-06-continuous-remediation-01/acceptance.json,Codex single executor,"[{""taskId"":""RP18-T01"",""ref"":""T-RP-08"",""before"":""IMPLEMENTATION"",""condition"":""always""},{""taskId"":""RP18-T01"",""ref"":""T-RP-09"",""before"":""IMPLEMENTATION"",""condition"":""always""},{""taskId"":""RP18-T03"",""ref"":""S05-OI-04"",""before"":""VALIDATION"",""condition"":""always""},{""taskId"":""RP18-T03"",""ref"":""T-RP-08"",""before"":""IMPLEMENTATION"",""condition"":""always""}]",APPLICABLE_ACTIVATED_SCOPE_ONLY,DRAFT_NOT_APPROVED,Current dirty-worktree hashes: execution/RP18/RP18-T01/runs/2026-10-06-continuous-remediation-01/evidence/source-hashes.json,CURRENT_LOCAL_OWNED_RUNTIME
AC-D03-02,D03,RP18,FIX_ACCEPTANCE,ISOLATED_LINUX,"按批准范围及适用条件验收（T-RP-08, T-RP-09）；继承目标候选：Preflight and runtime reject missing/invalid production config consistently.。若裁定采用另一方案，补充具体断言和风险处置；不能沿用候选断言自动记PASS。",exact baseline+approved scope+owned fixture/auth success preconditions+command/exit/log+actual DB/IDB/file state+cleanup; document gates use attributable static review/approval artifacts,PASS,RP18-T01;RP18-T03,T-RP-08;T-RP-09,S05-OI-04,PENDING_DECISION,Applicable conditional gates only; no execution authorization granted; before negative tests prove authorized success fixture and current candidate,Rejected operation: no unapproved durable changes; failed run retains recoverable copy/last safe state; rollback or containment must match current schema/protocol,V1_INHERITED,Preflight and runtime reject missing/invalid production config consistently.,execution/RP18/RP18-T01/runs/2026-10-06-continuous-remediation-01/acceptance.json,Codex single executor,"[{""taskId"":""RP18-T01"",""ref"":""T-RP-08"",""before"":""IMPLEMENTATION"",""condition"":""always""},{""taskId"":""RP18-T01"",""ref"":""T-RP-09"",""before"":""IMPLEMENTATION"",""condition"":""always""},{""taskId"":""RP18-T03"",""ref"":""S05-OI-04"",""before"":""VALIDATION"",""condition"":""always""},{""taskId"":""RP18-T03"",""ref"":""T-RP-08"",""before"":""IMPLEMENTATION"",""condition"":""always""}]",APPLICABLE_ACTIVATED_SCOPE_ONLY,DRAFT_NOT_APPROVED,Current dirty-worktree hashes: execution/RP18/RP18-T01/runs/2026-10-06-continuous-remediation-01/evidence/source-hashes.json,CURRENT_LOCAL_OWNED_RUNTIME
AC-D03-03,D03,RP18,FIX_ACCEPTANCE,ISOLATED_LINUX,"按批准范围及适用条件验收（T-RP-08, T-RP-09）；继承目标候选：If export control is retained, authorized requests demonstrate matching behavior for enabled and disabled modes.。若裁定采用另一方案，补充具体断言和风险处置；不能沿用候选断言自动记PASS。",exact baseline+approved scope+owned fixture/auth success preconditions+command/exit/log+actual DB/IDB/file state+cleanup; document gates use attributable static review/approval artifacts,PASS,RP18-T01;RP18-T03,T-RP-08;T-RP-09,S05-OI-04,PENDING_DECISION,Applicable conditional gates only; no execution authorization granted; before negative tests prove authorized success fixture and current candidate,Rejected operation: no unapproved durable changes; failed run retains recoverable copy/last safe state; rollback or containment must match current schema/protocol,V1_INHERITED,"If export control is retained, authorized requests demonstrate matching behavior for enabled and disabled modes.",execution/RP18/RP18-T01/runs/2026-10-06-continuous-remediation-01/acceptance.json,Codex single executor,"[{""taskId"":""RP18-T01"",""ref"":""T-RP-08"",""before"":""IMPLEMENTATION"",""condition"":""always""},{""taskId"":""RP18-T01"",""ref"":""T-RP-09"",""before"":""IMPLEMENTATION"",""condition"":""always""},{""taskId"":""RP18-T03"",""ref"":""S05-OI-04"",""before"":""VALIDATION"",""condition"":""always""},{""taskId"":""RP18-T03"",""ref"":""T-RP-08"",""before"":""IMPLEMENTATION"",""condition"":""always""}]",APPLICABLE_ACTIVATED_SCOPE_ONLY,DRAFT_NOT_APPROVED,Current dirty-worktree hashes: execution/RP18/RP18-T01/runs/2026-10-06-continuous-remediation-01/evidence/source-hashes.json,CURRENT_LOCAL_OWNED_RUNTIME
AC-N-S02-01-01,N-S02-01,RP11,FIX_ACCEPTANCE,ISOLATED_BROWSER,"按批准范围及适用条件验收（T-RP-09, T-RP-12, T-RP-01）；继承目标候选：v1 中合成的无 userId 行升级后保留但不会自动随 B 的 Authorization 请求发出。。若裁定采用另一方案，补充具体断言和风险处置；不能沿用候选断言自动记PASS。",exact baseline+approved scope+owned fixture/auth success preconditions+command/exit/log+actual DB/IDB/file state+cleanup; document gates use attributable static review/approval artifacts,PASS,RP11-T01;RP11-T02,T-RP-09;T-RP-12;T-RP-01,S02-OPEN-01;S02-OPEN-02;S02-OPEN-06;S02-OPEN-07,PENDING_DECISION,Applicable conditional gates only; no execution authorization granted; before negative tests prove authorized success fixture and current candidate,Rejected operation: no unapproved durable changes; failed run retains recoverable copy/last safe state; rollback or containment must match current schema/protocol,V1_INHERITED,v1 中合成的无 userId 行升级后保留但不会自动随 B 的 Authorization 请求发出。,execution/RP11/RP11-T02/runs/2026-10-06-continuous-remediation-01/acceptance.json,Codex single executor,"[{""taskId"":""RP11-T01"",""ref"":""T-RP-09"",""before"":""IMPLEMENTATION"",""condition"":""always""},{""taskId"":""RP11-T01"",""ref"":""T-RP-12"",""before"":""IMPLEMENTATION"",""condition"":""always""},{""taskId"":""RP11-T01"",""ref"":""S02-OPEN-01"",""before"":""VALIDATION"",""condition"":""always""},{""taskId"":""RP11-T01"",""ref"":""S02-OPEN-02"",""before"":""VALIDATION"",""condition"":""always""},{""taskId"":""RP11-T02"",""ref"":""T-RP-01"",""before"":""IMPLEMENTATION"",""condition"":""always""},{""taskId"":""RP11-T02"",""ref"":""S02-OPEN-06"",""before"":""VALIDATION"",""condition"":""always""},{""taskId"":""RP11-T02"",""ref"":""S02-OPEN-07"",""before"":""VALIDATION"",""condition"":""always""}]",APPLICABLE_ACTIVATED_SCOPE_ONLY,DRAFT_NOT_APPROVED,Current dirty-worktree hashes: execution/RP11/RP11-T02/runs/2026-10-06-continuous-remediation-01/evidence/source-hashes.json,CURRENT_LOCAL_OWNED_RUNTIME
AC-N-S02-01-02,N-S02-01,RP11,FIX_ACCEPTANCE,ISOLATED_BROWSER,"按批准范围及适用条件验收（T-RP-09, T-RP-12, T-RP-01）；继承目标候选：用户显式认领后按确定规则处理；未认领时切换账号不改变其隔离状态。。若裁定采用另一方案，补充具体断言和风险处置；不能沿用候选断言自动记PASS。",exact baseline+approved scope+owned fixture/auth success preconditions+command/exit/log+actual DB/IDB/file state+cleanup; document gates use attributable static review/approval artifacts,NOT_RUN,RP11-T01;RP11-T02,T-RP-09;T-RP-12;T-RP-01,S02-OPEN-01;S02-OPEN-02;S02-OPEN-06;S02-OPEN-07,PENDING_DECISION,Applicable conditional gates only; no execution authorization granted; before negative tests prove authorized success fixture and current candidate,Rejected operation: no unapproved durable changes; failed run retains recoverable copy/last safe state; rollback or containment must match current schema/protocol,V1_INHERITED,用户显式认领后按确定规则处理；未认领时切换账号不改变其隔离状态。,,UNASSIGNED,"[{""taskId"":""RP11-T01"",""ref"":""T-RP-09"",""before"":""IMPLEMENTATION"",""condition"":""always""},{""taskId"":""RP11-T01"",""ref"":""T-RP-12"",""before"":""IMPLEMENTATION"",""condition"":""always""},{""taskId"":""RP11-T01"",""ref"":""S02-OPEN-01"",""before"":""VALIDATION"",""condition"":""always""},{""taskId"":""RP11-T01"",""ref"":""S02-OPEN-02"",""before"":""VALIDATION"",""condition"":""always""},{""taskId"":""RP11-T02"",""ref"":""T-RP-01"",""before"":""IMPLEMENTATION"",""condition"":""always""},{""taskId"":""RP11-T02"",""ref"":""S02-OPEN-06"",""before"":""VALIDATION"",""condition"":""always""},{""taskId"":""RP11-T02"",""ref"":""S02-OPEN-07"",""before"":""VALIDATION"",""condition"":""always""}]",APPLICABLE_ACTIVATED_SCOPE_ONLY,DRAFT_NOT_APPROVED,TO_BE_RECORDED_ON_EXECUTION,PLANNED_ONLY_NOT_EVIDENCE
AC-N-S02-01-03,N-S02-01,RP11,FIX_ACCEPTANCE,ISOLATED_BROWSER,"按批准范围及适用条件验收（T-RP-09, T-RP-12, T-RP-01）；继承目标候选：upgrade 中止/重试不会静默丢失或改变旧行。。若裁定采用另一方案，补充具体断言和风险处置；不能沿用候选断言自动记PASS。",exact baseline+approved scope+owned fixture/auth success preconditions+command/exit/log+actual DB/IDB/file state+cleanup; document gates use attributable static review/approval artifacts,PASS,RP11-T01;RP11-T02,T-RP-09;T-RP-12;T-RP-01,S02-OPEN-01;S02-OPEN-02;S02-OPEN-06;S02-OPEN-07,PENDING_DECISION,Applicable conditional gates only; no execution authorization granted; before negative tests prove authorized success fixture and current candidate,Rejected operation: no unapproved durable changes; failed run retains recoverable copy/last safe state; rollback or containment must match current schema/protocol,V1_INHERITED,upgrade 中止/重试不会静默丢失或改变旧行。,execution/RP11/RP11-T02/runs/2026-10-06-continuous-remediation-01/acceptance.json,Codex single executor,"[{""taskId"":""RP11-T01"",""ref"":""T-RP-09"",""before"":""IMPLEMENTATION"",""condition"":""always""},{""taskId"":""RP11-T01"",""ref"":""T-RP-12"",""before"":""IMPLEMENTATION"",""condition"":""always""},{""taskId"":""RP11-T01"",""ref"":""S02-OPEN-01"",""before"":""VALIDATION"",""condition"":""always""},{""taskId"":""RP11-T01"",""ref"":""S02-OPEN-02"",""before"":""VALIDATION"",""condition"":""always""},{""taskId"":""RP11-T02"",""ref"":""T-RP-01"",""before"":""IMPLEMENTATION"",""condition"":""always""},{""taskId"":""RP11-T02"",""ref"":""S02-OPEN-06"",""before"":""VALIDATION"",""condition"":""always""},{""taskId"":""RP11-T02"",""ref"":""S02-OPEN-07"",""before"":""VALIDATION"",""condition"":""always""}]",APPLICABLE_ACTIVATED_SCOPE_ONLY,DRAFT_NOT_APPROVED,Current dirty-worktree hashes: execution/RP11/RP11-T02/runs/2026-10-06-continuous-remediation-01/evidence/source-hashes.json,CURRENT_LOCAL_OWNED_RUNTIME
PAC-RP00-01,,RP00,PACKAGE_COMPLETION,STATIC_ARTIFACT,所有33条发现/候选都有唯一主修复包；31个开放项有对应门禁和解除条件。,exact baseline+approved scope+owned fixture/auth success preconditions+command/exit/log+actual DB/IDB/file state+cleanup; document gates use attributable static review/approval artifacts,PASS,RP00-T01,,S00-OI-01,PROPOSED_ACCEPTANCE,Applicable conditional gates only; no execution authorization granted; before negative tests prove authorized success fixture and current candidate,Rejected operation: no unapproved durable changes; failed run retains recoverable copy/last safe state; rollback or containment must match current schema/protocol,PACKAGES.json/RP00/acceptanceCases/1,,execution/RP00/RP00-T01/evidence/plan-coverage-static-check.json,Codex executor,"[{""taskId"":""RP00-T01"",""ref"":""S00-OI-01"",""before"":""VALIDATION"",""condition"":""archive disposition only; missing historic startHead does not block any business task""}]",APPLICABLE_ACTIVATED_SCOPE_ONLY,DRAFT_NOT_APPROVED,HEAD 138cf2da1b63195cef7e884f69bdf8ded6ed3c21,LOCAL_SCOPED_EVIDENCE_SEE_REFERENCED_LIMITS
PAC-RP00-02,,RP00,PACKAGE_COMPLETION,STATIC_ARTIFACT,两项静态问题有明确调用链/客户端版本矩阵；其余包不因无关门禁被整体阻塞。,exact baseline+approved scope+owned fixture/auth success preconditions+command/exit/log+actual DB/IDB/file state+cleanup; document gates use attributable static review/approval artifacts,NOT_RUN,RP00-T02;RP00-T03,,S03-OI-03;S03-OI-09,PROPOSED_ACCEPTANCE,Applicable conditional gates only; no execution authorization granted; before negative tests prove authorized success fixture and current candidate,Rejected operation: no unapproved durable changes; failed run retains recoverable copy/last safe state; rollback or containment must match current schema/protocol,PACKAGES.json/RP00/acceptanceCases/2,,,UNASSIGNED,"[{""taskId"":""RP00-T02"",""ref"":""S03-OI-03"",""before"":""VALIDATION"",""condition"":""always""},{""taskId"":""RP00-T03"",""ref"":""S03-OI-09"",""before"":""VALIDATION"",""condition"":""always""}]",APPLICABLE_ACTIVATED_SCOPE_ONLY,DRAFT_NOT_APPROVED,TO_BE_RECORDED_ON_EXECUTION,PLANNED_ONLY_NOT_EVIDENCE
PAC-RP00-03,,RP00,PACKAGE_COMPLETION,STATIC_ARTIFACT,实施状态保持 NOT_STARTED，只有用户启动实施后才转 IN_PROGRESS。,exact baseline+approved scope+owned fixture/auth success preconditions+command/exit/log+actual DB/IDB/file state+cleanup; document gates use attributable static review/approval artifacts,PASS,RP00-T01,,S00-OI-01,PROPOSED_ACCEPTANCE,Applicable conditional gates only; no execution authorization granted; before negative tests prove authorized success fixture and current candidate,Rejected operation: no unapproved durable changes; failed run retains recoverable copy/last safe state; rollback or containment must match current schema/protocol,PACKAGES.json/RP00/acceptanceCases/3,,execution/authorization.json;execution/state.json,Codex executor,"[{""taskId"":""RP00-T01"",""ref"":""S00-OI-01"",""before"":""VALIDATION"",""condition"":""archive disposition only; missing historic startHead does not block any business task""}]",APPLICABLE_ACTIVATED_SCOPE_ONLY,DRAFT_NOT_APPROVED,HEAD 138cf2da1b63195cef7e884f69bdf8ded6ed3c21,LOCAL_SCOPED_EVIDENCE_SEE_REFERENCED_LIMITS
PAC-RP00-04,,RP00,PACKAGE_COMPLETION,STATIC_ARTIFACT,所有20包、门禁和联合合同都有未来验收；验证数据不是空值/401造成的假阴性。,exact baseline+approved scope+owned fixture/auth success preconditions+command/exit/log+actual DB/IDB/file state+cleanup; document gates use attributable static review/approval artifacts,NOT_RUN,RP00-T01,,S00-OI-01,PROPOSED_ACCEPTANCE,Applicable conditional gates only; no execution authorization granted; before negative tests prove authorized success fixture and current candidate,Rejected operation: no unapproved durable changes; failed run retains recoverable copy/last safe state; rollback or containment must match current schema/protocol,PACKAGES.json/RP00/acceptanceCases/4,,,UNASSIGNED,"[{""taskId"":""RP00-T01"",""ref"":""S00-OI-01"",""before"":""VALIDATION"",""condition"":""archive disposition only; missing historic startHead does not block any business task""}]",APPLICABLE_ACTIVATED_SCOPE_ONLY,DRAFT_NOT_APPROVED,TO_BE_RECORDED_ON_EXECUTION,PLANNED_ONLY_NOT_EVIDENCE
PAC-RP01-01,,RP01,PACKAGE_COMPLETION,OWNED_ISOLATED_RUNTIME_OR_TARGET_ENV,ADMIN→SUPER_ADMIN reset 按批准规则拒绝，密码、refresh、状态和审计无不符合合同的副作用。,exact baseline+approved scope+owned fixture/auth success preconditions+command/exit/log+actual DB/IDB/file state+cleanup; document gates use attributable static review/approval artifacts,PASS,RP01-T02,D-S01-01;D-S01-02,D-S01-01;D-S01-02,PENDING_DECISION,Applicable conditional gates only; no execution authorization granted; before negative tests prove authorized success fixture and current candidate,Rejected operation: no unapproved durable changes; failed run retains recoverable copy/last safe state; rollback or containment must match current schema/protocol,PACKAGES.json/RP01/acceptanceCases/1,,execution/RP01/RP01-T02/runs/2026-10-06-continuous-remediation-01/acceptance.json,Codex single executor,"[{""taskId"":""RP01-T02"",""ref"":""D-S01-01"",""before"":""IMPLEMENTATION"",""condition"":""always""},{""taskId"":""RP01-T02"",""ref"":""D-S01-02"",""before"":""IMPLEMENTATION"",""condition"":""only forced-password-change/business allowlist sub-scope; rank/reset protection uses D-S01-01 independently""}]",APPLICABLE_ACTIVATED_SCOPE_ONLY,DRAFT_NOT_APPROVED,Current dirty-worktree hashes: execution/RP01/RP01-T02/runs/2026-10-06-continuous-remediation-01/evidence/source-hashes.json,CURRENT_LOCAL_OWNED_RUNTIME
PAC-RP01-02,,RP01,PACKAGE_COMPLETION,OWNED_ISOLATED_RUNTIME_OR_TARGET_ENV,强制改密会话普通业务请求被后端阻断，允许端点可用。,exact baseline+approved scope+owned fixture/auth success preconditions+command/exit/log+actual DB/IDB/file state+cleanup; document gates use attributable static review/approval artifacts,PASS,RP01-T02,D-S01-01;D-S01-02,D-S01-01;D-S01-02,PENDING_DECISION,Applicable conditional gates only; no execution authorization granted; before negative tests prove authorized success fixture and current candidate,Rejected operation: no unapproved durable changes; failed run retains recoverable copy/last safe state; rollback or containment must match current schema/protocol,PACKAGES.json/RP01/acceptanceCases/2,,execution/RP01/RP01-T02/runs/2026-10-06-continuous-remediation-01/acceptance.json,Codex single executor,"[{""taskId"":""RP01-T02"",""ref"":""D-S01-01"",""before"":""IMPLEMENTATION"",""condition"":""always""},{""taskId"":""RP01-T02"",""ref"":""D-S01-02"",""before"":""IMPLEMENTATION"",""condition"":""only forced-password-change/business allowlist sub-scope; rank/reset protection uses D-S01-01 independently""}]",APPLICABLE_ACTIVATED_SCOPE_ONLY,DRAFT_NOT_APPROVED,Current dirty-worktree hashes: execution/RP01/RP01-T02/runs/2026-10-06-continuous-remediation-01/evidence/source-hashes.json,CURRENT_LOCAL_OWNED_RUNTIME
PAC-RP01-03,,RP01,PACKAGE_COMPLETION,OWNED_ISOLATED_RUNTIME_OR_TARGET_ENV,合法角色 code/name 创建成功；system/id/权限关系注入拒绝，重复 code 显式失败。,exact baseline+approved scope+owned fixture/auth success preconditions+command/exit/log+actual DB/IDB/file state+cleanup; document gates use attributable static review/approval artifacts,PASS,RP01-T01,,,PROPOSED_ACCEPTANCE,Applicable conditional gates only; no execution authorization granted; before negative tests prove authorized success fixture and current candidate,Rejected operation: no unapproved durable changes; failed run retains recoverable copy/last safe state; rollback or containment must match current schema/protocol,PACKAGES.json/RP01/acceptanceCases/3,,../2026-10-05-luna-remaining-execution/implementation/2026-10-06-continuous-remediation-01/FOLLOWUP-COMPILED-ACCEPTANCE/acceptance.json,Codex single executor,[],APPLICABLE_ACTIVATED_SCOPE_ONLY,DRAFT_NOT_APPROVED,roles.js SHA256 5b60d6af2f9c196a8836b195d507ed57bdd8f8d2d29c5e30d6bb76af56703aa9; current allsourcebindings in b17 attempt04; targetNOT_RUN,CURRENT_COMPILED_NATIVE_HTTP_PG
PAC-RP01-04,,RP01,PACKAGE_COMPLETION,OWNED_ISOLATED_RUNTIME_OR_TARGET_ENV,对每条账号操作运行 actor×target 矩阵和故障注入，结果按真实 DB 状态核对。,exact baseline+approved scope+owned fixture/auth success preconditions+command/exit/log+actual DB/IDB/file state+cleanup; document gates use attributable static review/approval artifacts,PASS,RP01-T02,D-S01-01;D-S01-02,D-S01-01;D-S01-02,PENDING_DECISION,Applicable conditional gates only; no execution authorization granted; before negative tests prove authorized success fixture and current candidate,Rejected operation: no unapproved durable changes; failed run retains recoverable copy/last safe state; rollback or containment must match current schema/protocol,PACKAGES.json/RP01/acceptanceCases/4,,execution/RP01/RP01-T02/runs/2026-10-06-continuous-remediation-01/acceptance.json,Codex single executor,"[{""taskId"":""RP01-T02"",""ref"":""D-S01-01"",""before"":""IMPLEMENTATION"",""condition"":""always""},{""taskId"":""RP01-T02"",""ref"":""D-S01-02"",""before"":""IMPLEMENTATION"",""condition"":""only forced-password-change/business allowlist sub-scope; rank/reset protection uses D-S01-01 independently""}]",APPLICABLE_ACTIVATED_SCOPE_ONLY,DRAFT_NOT_APPROVED,Current dirty-worktree hashes: execution/RP01/RP01-T02/runs/2026-10-06-continuous-remediation-01/evidence/source-hashes.json,CURRENT_LOCAL_OWNED_RUNTIME
PAC-RP01-05,,RP01,PACKAGE_COMPLETION,OWNED_ISOLATED_RUNTIME_OR_TARGET_ENV,管理员重置与目标角色变化受控交错仍符合批准actor-target合同。,exact baseline+approved scope+owned fixture/auth success preconditions+command/exit/log+actual DB/IDB/file state+cleanup; document gates use attributable static review/approval artifacts,PASS,RP01-T02,D-S01-01;D-S01-02,D-S01-01;D-S01-02,PENDING_DECISION,Applicable conditional gates only; no execution authorization granted; before negative tests prove authorized success fixture and current candidate,Rejected operation: no unapproved durable changes; failed run retains recoverable copy/last safe state; rollback or containment must match current schema/protocol,PACKAGES.json/RP01/acceptanceCases/5,,execution/RP01/RP01-T02/runs/2026-10-06-continuous-remediation-01/acceptance.json,Codex single executor,"[{""taskId"":""RP01-T02"",""ref"":""D-S01-01"",""before"":""IMPLEMENTATION"",""condition"":""always""},{""taskId"":""RP01-T02"",""ref"":""D-S01-02"",""before"":""IMPLEMENTATION"",""condition"":""only forced-password-change/business allowlist sub-scope; rank/reset protection uses D-S01-01 independently""}]",APPLICABLE_ACTIVATED_SCOPE_ONLY,DRAFT_NOT_APPROVED,Current dirty-worktree hashes: execution/RP01/RP01-T02/runs/2026-10-06-continuous-remediation-01/evidence/source-hashes.json,CURRENT_LOCAL_OWNED_RUNTIME
PAC-RP02-01,,RP02,PACKAGE_COMPLETION,OWNED_ISOLATED_RUNTIME_OR_TARGET_ENV,控制时间推进：锁到期正确密码恢复，DISABLED 仍拒绝；并发失败计数符合规则。,exact baseline+approved scope+owned fixture/auth success preconditions+command/exit/log+actual DB/IDB/file state+cleanup; document gates use attributable static review/approval artifacts,PASS,RP02-T01,,,PROPOSED_ACCEPTANCE,Applicable conditional gates only; no execution authorization granted; before negative tests prove authorized success fixture and current candidate,Rejected operation: no unapproved durable changes; failed run retains recoverable copy/last safe state; rollback or containment must match current schema/protocol,PACKAGES.json/RP02/acceptanceCases/1,,execution/RP02/RP02-T01/runs/2026-10-03-codebuddy-lr3-testonly/acceptance.json#PAC-RP02-01 (attempt-01; src:reports.js=1bcbef68fcf01cb3/reportCommands.ts=758cb5010beda8d5/sync.js=ad41610a6036f054/auth.js=8f736619a1526247); independent execution/reviews/2026-10-03-codebuddy-followup/validation-summary.json#PAC-RP02-01,Codex executor,[],APPLICABLE_ACTIVATED_SCOPE_ONLY,DRAFT_NOT_APPROVED,HEAD 138cf2da1b63195cef7e884f69bdf8ded6ed3c21; exact current dirty-worktree hashes execution/reviews/2026-10-03-codebuddy-followup/evidence/start-baseline.json; local scope only,LOCAL_CURRENT_CODE_EXECUTOR_PLUS_INDEPENDENT_EVIDENCE_SEE_LIMITS
PAC-RP02-02,,RP02,PACKAGE_COMPLETION,OWNED_ISOLATED_RUNTIME_OR_TARGET_ENV,屏障并发消费同一 refresh 至多一条有效 successor，家庭关系正确。,exact baseline+approved scope+owned fixture/auth success preconditions+command/exit/log+actual DB/IDB/file state+cleanup; document gates use attributable static review/approval artifacts,PASS,RP02-T02,T-RP-09,,PENDING_DECISION,Applicable conditional gates only; no execution authorization granted; before negative tests prove authorized success fixture and current candidate,Rejected operation: no unapproved durable changes; failed run retains recoverable copy/last safe state; rollback or containment must match current schema/protocol,PACKAGES.json/RP02/acceptanceCases/2,,execution/RP02/RP02-T02/runs/2026-10-05-auth-lineage-01/acceptance.json,Codex single executor,"[{""taskId"":""RP02-T02"",""ref"":""T-RP-09"",""before"":""IMPLEMENTATION"",""condition"":""always""}]",APPLICABLE_ACTIVATED_SCOPE_ONLY,DRAFT_NOT_APPROVED,Current dirty-worktree hashes: execution/RP02/RP02-T02/runs/2026-10-05-auth-lineage-01/evidence/source-hashes.json,CURRENT_LOCAL_OWNED_RUNTIME
PAC-RP02-03,,RP02,PACKAGE_COMPLETION,OWNED_ISOLATED_RUNTIME_OR_TARGET_ENV,消费后插入故障整体回滚或执行已批准可观察恢复合同。,exact baseline+approved scope+owned fixture/auth success preconditions+command/exit/log+actual DB/IDB/file state+cleanup; document gates use attributable static review/approval artifacts,PASS,RP02-T02,T-RP-09,,PENDING_DECISION,Applicable conditional gates only; no execution authorization granted; before negative tests prove authorized success fixture and current candidate,Rejected operation: no unapproved durable changes; failed run retains recoverable copy/last safe state; rollback or containment must match current schema/protocol,PACKAGES.json/RP02/acceptanceCases/3,,execution/RP02/RP02-T02/runs/2026-10-05-auth-lineage-01/acceptance.json,Codex single executor,"[{""taskId"":""RP02-T02"",""ref"":""T-RP-09"",""before"":""IMPLEMENTATION"",""condition"":""always""}]",APPLICABLE_ACTIVATED_SCOPE_ONLY,DRAFT_NOT_APPROVED,Current dirty-worktree hashes: execution/RP02/RP02-T02/runs/2026-10-05-auth-lineage-01/evidence/source-hashes.json,CURRENT_LOCAL_OWNED_RUNTIME
PAC-RP02-04,,RP02,PACKAGE_COMPLETION,OWNED_ISOLATED_RUNTIME_OR_TARGET_ENV,登录/refresh expiresIn 与实际 JWT exp 对应；双 tab 集成无新 token 被清除。,exact baseline+approved scope+owned fixture/auth success preconditions+command/exit/log+actual DB/IDB/file state+cleanup; document gates use attributable static review/approval artifacts,PASS,RP02-T01;RP02-T02,T-RP-09,,PENDING_DECISION,Applicable conditional gates only; no execution authorization granted; before negative tests prove authorized success fixture and current candidate,Rejected operation: no unapproved durable changes; failed run retains recoverable copy/last safe state; rollback or containment must match current schema/protocol,PACKAGES.json/RP02/acceptanceCases/4,,execution/RP02/RP02-T02/runs/2026-10-05-auth-lineage-01/joint-validation/acceptance.json,Codex single executor,"[{""taskId"":""RP02-T02"",""ref"":""T-RP-09"",""before"":""IMPLEMENTATION"",""condition"":""always""}]",APPLICABLE_ACTIVATED_SCOPE_ONLY,DRAFT_NOT_APPROVED,execution/RP03/RP03-T01/runs/2026-10-05-auth-lineage-01/evidence/source-hashes.json,CURRENT_LOCAL_OWNED_RUNTIME
PAC-RP02-05,,RP02,PACKAGE_COMPLETION,OWNED_ISOLATED_RUNTIME_OR_TARGET_ENV,双tab赢家/败者、服务端故障与明确family policy一致，不能无意注销新身份。,exact baseline+approved scope+owned fixture/auth success preconditions+command/exit/log+actual DB/IDB/file state+cleanup; document gates use attributable static review/approval artifacts,PASS,RP02-T02,T-RP-09,,PENDING_DECISION,Applicable conditional gates only; no execution authorization granted; before negative tests prove authorized success fixture and current candidate,Rejected operation: no unapproved durable changes; failed run retains recoverable copy/last safe state; rollback or containment must match current schema/protocol,PACKAGES.json/RP02/acceptanceCases/5,,execution/RP02/RP02-T02/runs/2026-10-05-auth-lineage-01/joint-validation/acceptance.json,Codex single executor,"[{""taskId"":""RP02-T02"",""ref"":""T-RP-09"",""before"":""IMPLEMENTATION"",""condition"":""always""}]",APPLICABLE_ACTIVATED_SCOPE_ONLY,DRAFT_NOT_APPROVED,execution/RP03/RP03-T01/runs/2026-10-05-auth-lineage-01/evidence/source-hashes.json,CURRENT_LOCAL_OWNED_RUNTIME
PAC-RP03-01,,RP03,PACKAGE_COMPLETION,OWNED_ISOLATED_RUNTIME_OR_TARGET_ENV,共享同一 origin/storage 的两个 tab：旧 refresh 失败晚于新 token 入库时，successor 仍可用。,exact baseline+approved scope+owned fixture/auth success preconditions+command/exit/log+actual DB/IDB/file state+cleanup; document gates use attributable static review/approval artifacts,PASS,RP03-T01,T-RP-09,S02-OPEN-05,PENDING_DECISION,Applicable conditional gates only; no execution authorization granted; before negative tests prove authorized success fixture and current candidate,Rejected operation: no unapproved durable changes; failed run retains recoverable copy/last safe state; rollback or containment must match current schema/protocol,PACKAGES.json/RP03/acceptanceCases/1,,execution/RP03/RP03-T01/runs/2026-10-05-auth-lineage-01/acceptance.json,Codex single executor,"[{""taskId"":""RP03-T01"",""ref"":""T-RP-09"",""before"":""IMPLEMENTATION"",""condition"":""always""},{""taskId"":""RP03-T01"",""ref"":""S02-OPEN-05"",""before"":""VALIDATION"",""condition"":""always""}]",APPLICABLE_ACTIVATED_SCOPE_ONLY,DRAFT_NOT_APPROVED,Current dirty-worktree hashes: execution/RP03/RP03-T01/runs/2026-10-05-auth-lineage-01/evidence/source-hashes.json,CURRENT_LOCAL_OWNED_RUNTIME
PAC-RP03-02,,RP03,PACKAGE_COMPLETION,OWNED_ISOLATED_RUNTIME_OR_TARGET_ENV,当前真正失效 refresh 能清理当前会话并引导登录。,exact baseline+approved scope+owned fixture/auth success preconditions+command/exit/log+actual DB/IDB/file state+cleanup; document gates use attributable static review/approval artifacts,PASS,RP03-T01,T-RP-09,S02-OPEN-05,PENDING_DECISION,Applicable conditional gates only; no execution authorization granted; before negative tests prove authorized success fixture and current candidate,Rejected operation: no unapproved durable changes; failed run retains recoverable copy/last safe state; rollback or containment must match current schema/protocol,PACKAGES.json/RP03/acceptanceCases/2,,execution/RP03/RP03-T01/runs/2026-10-05-auth-lineage-01/acceptance.json,Codex single executor,"[{""taskId"":""RP03-T01"",""ref"":""T-RP-09"",""before"":""IMPLEMENTATION"",""condition"":""always""},{""taskId"":""RP03-T01"",""ref"":""S02-OPEN-05"",""before"":""VALIDATION"",""condition"":""always""}]",APPLICABLE_ACTIVATED_SCOPE_ONLY,DRAFT_NOT_APPROVED,Current dirty-worktree hashes: execution/RP03/RP03-T01/runs/2026-10-05-auth-lineage-01/evidence/source-hashes.json,CURRENT_LOCAL_OWNED_RUNTIME
PAC-RP03-03,,RP03,PACKAGE_COMPLETION,OWNED_ISOLATED_RUNTIME_OR_TARGET_ENV,改密/reset 后旧 access/refresh 在批准时限内被拒绝，新登录和强制改密行为正确。,exact baseline+approved scope+owned fixture/auth success preconditions+command/exit/log+actual DB/IDB/file state+cleanup; document gates use attributable static review/approval artifacts,PASS,RP03-T02,D-S01-04;T-RP-09,D-S01-04;S03-OI-06,PENDING_DECISION,Applicable conditional gates only; no execution authorization granted; before negative tests prove authorized success fixture and current candidate,Rejected operation: no unapproved durable changes; failed run retains recoverable copy/last safe state; rollback or containment must match current schema/protocol,PACKAGES.json/RP03/acceptanceCases/3,,execution/RP03/RP03-T02/runs/2026-10-06-continuous-remediation-01/acceptance.json,Codex single executor,"[{""taskId"":""RP03-T02"",""ref"":""D-S01-04"",""before"":""IMPLEMENTATION"",""condition"":""always""},{""taskId"":""RP03-T02"",""ref"":""T-RP-09"",""before"":""IMPLEMENTATION"",""condition"":""always""},{""taskId"":""RP03-T02"",""ref"":""S03-OI-06"",""before"":""IMPLEMENTATION"",""condition"":""same D-S01-04 approval; no second approval required""}]",APPLICABLE_ACTIVATED_SCOPE_ONLY,DRAFT_NOT_APPROVED,Current dirty-worktree hashes: execution/RP03/RP03-T02/runs/2026-10-06-continuous-remediation-01/evidence/source-hashes.json,CURRENT_LOCAL_OWNED_RUNTIME
PAC-RP03-04,,RP03,PACKAGE_COMPLETION,OWNED_ISOLATED_RUNTIME_OR_TARGET_ENV,旧/新 schema 与 app rollback 矩阵不复活已撤销会话。,exact baseline+approved scope+owned fixture/auth success preconditions+command/exit/log+actual DB/IDB/file state+cleanup; document gates use attributable static review/approval artifacts,NOT_RUN,RP03-T02,D-S01-04;T-RP-09,D-S01-04;S03-OI-06,PENDING_DECISION,Applicable conditional gates only; no execution authorization granted; before negative tests prove authorized success fixture and current candidate,Rejected operation: no unapproved durable changes; failed run retains recoverable copy/last safe state; rollback or containment must match current schema/protocol,PACKAGES.json/RP03/acceptanceCases/4,,,UNASSIGNED,"[{""taskId"":""RP03-T02"",""ref"":""D-S01-04"",""before"":""IMPLEMENTATION"",""condition"":""always""},{""taskId"":""RP03-T02"",""ref"":""T-RP-09"",""before"":""IMPLEMENTATION"",""condition"":""always""},{""taskId"":""RP03-T02"",""ref"":""S03-OI-06"",""before"":""IMPLEMENTATION"",""condition"":""same D-S01-04 approval; no second approval required""}]",APPLICABLE_ACTIVATED_SCOPE_ONLY,DRAFT_NOT_APPROVED,TO_BE_RECORDED_ON_EXECUTION,PLANNED_ONLY_NOT_EVIDENCE
PAC-RP03-05,,RP03,PACKAGE_COMPLETION,OWNED_ISOLATED_RUNTIME_OR_TARGET_ENV,A请求在B登录后才到达的refresh成功/失败/401回包，不改B token、不代B重放A mutation。,exact baseline+approved scope+owned fixture/auth success preconditions+command/exit/log+actual DB/IDB/file state+cleanup; document gates use attributable static review/approval artifacts,PASS,RP03-T01,T-RP-09,S02-OPEN-05,PENDING_DECISION,Applicable conditional gates only; no execution authorization granted; before negative tests prove authorized success fixture and current candidate,Rejected operation: no unapproved durable changes; failed run retains recoverable copy/last safe state; rollback or containment must match current schema/protocol,PACKAGES.json/RP03/acceptanceCases/5,,execution/RP03/RP03-T01/runs/2026-10-05-auth-lineage-01/acceptance.json,Codex single executor,"[{""taskId"":""RP03-T01"",""ref"":""T-RP-09"",""before"":""IMPLEMENTATION"",""condition"":""always""},{""taskId"":""RP03-T01"",""ref"":""S02-OPEN-05"",""before"":""VALIDATION"",""condition"":""always""}]",APPLICABLE_ACTIVATED_SCOPE_ONLY,DRAFT_NOT_APPROVED,Current dirty-worktree hashes: execution/RP03/RP03-T01/runs/2026-10-05-auth-lineage-01/evidence/source-hashes.json,CURRENT_LOCAL_OWNED_RUNTIME
PAC-RP04-01,,RP04,PACKAGE_COMPLETION,OWNED_ISOLATED_RUNTIME_OR_TARGET_ENV,合法状态转换和默认 startDate 模板日期正确；非法状态仍拒绝。,exact baseline+approved scope+owned fixture/auth success preconditions+command/exit/log+actual DB/IDB/file state+cleanup; document gates use attributable static review/approval artifacts,ENV_BLOCKED,RP04-T01,,,PROPOSED_ACCEPTANCE,Applicable conditional gates only; no execution authorization granted; before negative tests prove authorized success fixture and current candidate,Rejected operation: no unapproved durable changes; failed run retains recoverable copy/last safe state; rollback or containment must match current schema/protocol,PACKAGES.json/RP04/acceptanceCases/1,,execution/RP04/RP04-T01/acceptance.json,Codex executor,[],APPLICABLE_ACTIVATED_SCOPE_ONLY,DRAFT_NOT_APPROVED,TO_BE_RECORDED_ON_EXECUTION,PLANNED_ONLY_NOT_EVIDENCE
PAC-RP04-02,,RP04,PACKAGE_COMPLETION,OWNED_ISOLATED_RUNTIME_OR_TARGET_ENV,在各子表写入故障点验证无半项目；相同幂等键重试不重复。,exact baseline+approved scope+owned fixture/auth success preconditions+command/exit/log+actual DB/IDB/file state+cleanup; document gates use attributable static review/approval artifacts,ENV_BLOCKED,RP04-T02,,,PROPOSED_ACCEPTANCE,Applicable conditional gates only; no execution authorization granted; before negative tests prove authorized success fixture and current candidate,Rejected operation: no unapproved durable changes; failed run retains recoverable copy/last safe state; rollback or containment must match current schema/protocol,PACKAGES.json/RP04/acceptanceCases/2,,docs/remediation/2026-10-01-rdpms/execution/RP04/RP04-T02/acceptance.json,Codex executor,[],APPLICABLE_ACTIVATED_SCOPE_ONLY,DRAFT_NOT_APPROVED,HEAD 138cf2da1b63195cef7e884f69bdf8ded6ed3c21; current dirty-worktree SHA-256: execution/reviews/2026-10-03-codebuddy/evidence/start-baseline.json; evidence/delivery-check.json; inspect case/run limitations,IMPLEMENTATION_STATIC_ONLY_RUNTIME_NOT_RUN
PAC-RP04-03,,RP04,PACKAGE_COMPLETION,OWNED_ISOLATED_RUNTIME_OR_TARGET_ENV,软删项目在普通 list/count/search/stats 均不出现，详情与专用回收策略一致。,exact baseline+approved scope+owned fixture/auth success preconditions+command/exit/log+actual DB/IDB/file state+cleanup; document gates use attributable static review/approval artifacts,ENV_BLOCKED,RP04-T01,,,PROPOSED_ACCEPTANCE,Applicable conditional gates only; no execution authorization granted; before negative tests prove authorized success fixture and current candidate,Rejected operation: no unapproved durable changes; failed run retains recoverable copy/last safe state; rollback or containment must match current schema/protocol,PACKAGES.json/RP04/acceptanceCases/3,,execution/RP04/RP04-T01/acceptance.json,Codex executor,[],APPLICABLE_ACTIVATED_SCOPE_ONLY,DRAFT_NOT_APPROVED,TO_BE_RECORDED_ON_EXECUTION,PLANNED_ONLY_NOT_EVIDENCE
PAC-RP04-04,,RP04,PACKAGE_COMPLETION,OWNED_ISOLATED_RUNTIME_OR_TARGET_ENV,子表/sequence/audit/receipt故障注入实际无半聚合，编号/ID及事件记录合同可核对。,exact baseline+approved scope+owned fixture/auth success preconditions+command/exit/log+actual DB/IDB/file state+cleanup; document gates use attributable static review/approval artifacts,ENV_BLOCKED,RP04-T02,,,PROPOSED_ACCEPTANCE,Applicable conditional gates only; no execution authorization granted; before negative tests prove authorized success fixture and current candidate,Rejected operation: no unapproved durable changes; failed run retains recoverable copy/last safe state; rollback or containment must match current schema/protocol,PACKAGES.json/RP04/acceptanceCases/4,,docs/remediation/2026-10-01-rdpms/execution/RP04/RP04-T02/acceptance.json,Codex executor,[],APPLICABLE_ACTIVATED_SCOPE_ONLY,DRAFT_NOT_APPROVED,HEAD 138cf2da1b63195cef7e884f69bdf8ded6ed3c21; current dirty-worktree SHA-256: execution/reviews/2026-10-03-codebuddy/evidence/start-baseline.json; evidence/delivery-check.json; inspect case/run limitations,IMPLEMENTATION_STATIC_ONLY_RUNTIME_NOT_RUN
PAC-RP05-01,,RP05,PACKAGE_COMPLETION,OWNED_ISOLATED_RUNTIME_OR_TARGET_ENV,无 tasks.delete 主体 tasks:[] 不删除任务；原ID/附件/关联保留。,exact baseline+approved scope+owned fixture/auth success preconditions+command/exit/log+actual DB/IDB/file state+cleanup; document gates use attributable static review/approval artifacts,ENV_BLOCKED,RP05-T01,,,PROPOSED_ACCEPTANCE,Applicable conditional gates only; no execution authorization granted; before negative tests prove authorized success fixture and current candidate,Rejected operation: no unapproved durable changes; failed run retains recoverable copy/last safe state; rollback or containment must match current schema/protocol,PACKAGES.json/RP05/acceptanceCases/1,,docs/remediation/2026-10-01-rdpms/execution/RP05/RP05-T01/acceptance.json,Codex executor,[],APPLICABLE_ACTIVATED_SCOPE_ONLY,DRAFT_NOT_APPROVED,138cf2da1b63195cef7e884f69bdf8ded6ed3c21,IMPLEMENTATION_STATIC_ONLY_RUNTIME_NOT_RUN
PAC-RP05-02,,RP05,PACKAGE_COMPLETION,OWNED_ISOLATED_RUNTIME_OR_TARGET_ENV,sync/HTTP及嵌套入口跨项目 parent 均拒绝且无副作用。,exact baseline+approved scope+owned fixture/auth success preconditions+command/exit/log+actual DB/IDB/file state+cleanup; document gates use attributable static review/approval artifacts,ENV_BLOCKED,RP05-T01,,,PROPOSED_ACCEPTANCE,Applicable conditional gates only; no execution authorization granted; before negative tests prove authorized success fixture and current candidate,Rejected operation: no unapproved durable changes; failed run retains recoverable copy/last safe state; rollback or containment must match current schema/protocol,PACKAGES.json/RP05/acceptanceCases/2,,docs/remediation/2026-10-01-rdpms/execution/RP05/RP05-T01/acceptance.json,Codex executor,[],APPLICABLE_ACTIVATED_SCOPE_ONLY,DRAFT_NOT_APPROVED,138cf2da1b63195cef7e884f69bdf8ded6ed3c21,IMPLEMENTATION_STATIC_ONLY_RUNTIME_NOT_RUN
PAC-RP05-03,,RP05,PACKAGE_COMPLETION,OWNED_ISOLATED_RUNTIME_OR_TARGET_ENV,异常跨项目边存在时，A项目编辑不级联删除 B任务。,exact baseline+approved scope+owned fixture/auth success preconditions+command/exit/log+actual DB/IDB/file state+cleanup; document gates use attributable static review/approval artifacts,ENV_BLOCKED,RP05-T01,,,PROPOSED_ACCEPTANCE,Applicable conditional gates only; no execution authorization granted; before negative tests prove authorized success fixture and current candidate,Rejected operation: no unapproved durable changes; failed run retains recoverable copy/last safe state; rollback or containment must match current schema/protocol,PACKAGES.json/RP05/acceptanceCases/3,,docs/remediation/2026-10-01-rdpms/execution/RP05/RP05-T01/acceptance.json,Codex executor,[],APPLICABLE_ACTIVATED_SCOPE_ONLY,DRAFT_NOT_APPROVED,138cf2da1b63195cef7e884f69bdf8ded6ed3c21,IMPLEMENTATION_STATIC_ONLY_RUNTIME_NOT_RUN
PAC-RP05-04,,RP05,PACKAGE_COMPLETION,OWNED_ISOLATED_RUNTIME_OR_TARGET_ENV,获准删除产生正确 tombstone，下行与恢复满足批准规则。,exact baseline+approved scope+owned fixture/auth success preconditions+command/exit/log+actual DB/IDB/file state+cleanup; document gates use attributable static review/approval artifacts,NOT_RUN,RP05-T02,D-S01-08;T-RP-07,D-S01-08;S03-OI-05,PENDING_DECISION,Applicable conditional gates only; no execution authorization granted; before negative tests prove authorized success fixture and current candidate,Rejected operation: no unapproved durable changes; failed run retains recoverable copy/last safe state; rollback or containment must match current schema/protocol,PACKAGES.json/RP05/acceptanceCases/4,,,UNASSIGNED,"[{""taskId"":""RP05-T02"",""ref"":""D-S01-08"",""before"":""IMPLEMENTATION"",""condition"":""always""},{""taskId"":""RP05-T02"",""ref"":""T-RP-07"",""before"":""IMPLEMENTATION"",""condition"":""always""},{""taskId"":""RP05-T02"",""ref"":""S03-OI-05"",""before"":""IMPLEMENTATION"",""condition"":""only if stale/delete command adapter is changed; no gate on unrelated task fields or report snapshot""}]",APPLICABLE_ACTIVATED_SCOPE_ONLY,DRAFT_NOT_APPROVED,TO_BE_RECORDED_ON_EXECUTION,PLANNED_ONLY_NOT_EVIDENCE
PAC-RP05-05,,RP05,PACKAGE_COMPLETION,OWNED_ISOLATED_RUNTIME_OR_TARGET_ENV,屏障下A→B与B→A两请求不能建立获准合同禁止的环；跨项目guard不依赖历史清理。,exact baseline+approved scope+owned fixture/auth success preconditions+command/exit/log+actual DB/IDB/file state+cleanup; document gates use attributable static review/approval artifacts,NOT_RUN,RP05-T03,D-S01-08;T-RP-11,D-S01-08,PENDING_DECISION,Applicable conditional gates only; no execution authorization granted; before negative tests prove authorized success fixture and current candidate,Rejected operation: no unapproved durable changes; failed run retains recoverable copy/last safe state; rollback or containment must match current schema/protocol,PACKAGES.json/RP05/acceptanceCases/5,,,UNASSIGNED,"[{""taskId"":""RP05-T03"",""ref"":""D-S01-08"",""before"":""IMPLEMENTATION"",""condition"":""DAG/live policy approved""},{""taskId"":""RP05-T03"",""ref"":""T-RP-11"",""before"":""VALIDATION"",""condition"":""always""}]",OPTIONAL_APPROVAL_REQUIRED,DRAFT_NOT_APPROVED,TO_BE_RECORDED_ON_EXECUTION,PLANNED_ONLY_NOT_EVIDENCE
PAC-RP06-01,,RP06,PACKAGE_COMPLETION,OWNED_ISOLATED_RUNTIME_OR_TARGET_ENV,缺系统权限、成员、非成员、已退出成员、软删项目、超管矩阵覆盖各入口。,exact baseline+approved scope+owned fixture/auth success preconditions+command/exit/log+actual DB/IDB/file state+cleanup; document gates use attributable static review/approval artifacts,PASS,RP06-T01,D-S01-05,D-S01-05,PENDING_DECISION,Applicable conditional gates only; no execution authorization granted; before negative tests prove authorized success fixture and current candidate,Rejected operation: no unapproved durable changes; failed run retains recoverable copy/last safe state; rollback or containment must match current schema/protocol,PACKAGES.json/RP06/acceptanceCases/1,,execution/RP06/RP06-T01/runs/2026-10-06-continuous-remediation-01/acceptance.json,Codex single executor,"[{""taskId"":""RP06-T01"",""ref"":""D-S01-05"",""before"":""IMPLEMENTATION"",""condition"":""always""}]",APPLICABLE_ACTIVATED_SCOPE_ONLY,DRAFT_NOT_APPROVED,Current dirty-worktree hashes: execution/RP06/RP06-T01/runs/2026-10-06-continuous-remediation-01/evidence/source-hashes.json,CURRENT_LOCAL_OWNED_RUNTIME
PAC-RP06-02,,RP06,PACKAGE_COMPLETION,OWNED_ISOLATED_RUNTIME_OR_TARGET_ENV,非成员不能经detail/profile读取或PUT写入未批准字段。,exact baseline+approved scope+owned fixture/auth success preconditions+command/exit/log+actual DB/IDB/file state+cleanup; document gates use attributable static review/approval artifacts,PASS,RP06-T01,D-S01-05,D-S01-05,PENDING_DECISION,Applicable conditional gates only; no execution authorization granted; before negative tests prove authorized success fixture and current candidate,Rejected operation: no unapproved durable changes; failed run retains recoverable copy/last safe state; rollback or containment must match current schema/protocol,PACKAGES.json/RP06/acceptanceCases/2,,execution/RP06/RP06-T01/runs/2026-10-06-continuous-remediation-01/acceptance.json,Codex single executor,"[{""taskId"":""RP06-T01"",""ref"":""D-S01-05"",""before"":""IMPLEMENTATION"",""condition"":""always""}]",APPLICABLE_ACTIVATED_SCOPE_ONLY,DRAFT_NOT_APPROVED,Current dirty-worktree hashes: execution/RP06/RP06-T01/runs/2026-10-06-continuous-remediation-01/evidence/source-hashes.json,CURRENT_LOCAL_OWNED_RUNTIME
PAC-RP06-03,,RP06,PACKAGE_COMPLETION,OWNED_ISOLATED_RUNTIME_OR_TARGET_ENV,列表/统计/详情一致；获准例外只返回明确字段。,exact baseline+approved scope+owned fixture/auth success preconditions+command/exit/log+actual DB/IDB/file state+cleanup; document gates use attributable static review/approval artifacts,PASS,RP06-T01,D-S01-05,D-S01-05,PENDING_DECISION,Applicable conditional gates only; no execution authorization granted; before negative tests prove authorized success fixture and current candidate,Rejected operation: no unapproved durable changes; failed run retains recoverable copy/last safe state; rollback or containment must match current schema/protocol,PACKAGES.json/RP06/acceptanceCases/3,,execution/RP06/RP06-T01/runs/2026-10-06-continuous-remediation-01/acceptance.json,Codex single executor,"[{""taskId"":""RP06-T01"",""ref"":""D-S01-05"",""before"":""IMPLEMENTATION"",""condition"":""always""}]",APPLICABLE_ACTIVATED_SCOPE_ONLY,DRAFT_NOT_APPROVED,Current dirty-worktree hashes: execution/RP06/RP06-T01/runs/2026-10-06-continuous-remediation-01/evidence/source-hashes.json,CURRENT_LOCAL_OWNED_RUNTIME
PAC-RP06-04,,RP06,PACKAGE_COMPLETION,OWNED_ISOLATED_RUNTIME_OR_TARGET_ENV,授权发生改变时拒绝/最小投影及副作用符合命令有效权限合同。,exact baseline+approved scope+owned fixture/auth success preconditions+command/exit/log+actual DB/IDB/file state+cleanup; document gates use attributable static review/approval artifacts,PASS,RP06-T01,D-S01-05,D-S01-05,PENDING_DECISION,Applicable conditional gates only; no execution authorization granted; before negative tests prove authorized success fixture and current candidate,Rejected operation: no unapproved durable changes; failed run retains recoverable copy/last safe state; rollback or containment must match current schema/protocol,PACKAGES.json/RP06/acceptanceCases/4,,execution/RP06/RP06-T01/runs/2026-10-06-continuous-remediation-01/acceptance.json,Codex single executor,"[{""taskId"":""RP06-T01"",""ref"":""D-S01-05"",""before"":""IMPLEMENTATION"",""condition"":""always""}]",APPLICABLE_ACTIVATED_SCOPE_ONLY,DRAFT_NOT_APPROVED,Current dirty-worktree hashes: execution/RP06/RP06-T01/runs/2026-10-06-continuous-remediation-01/evidence/source-hashes.json,CURRENT_LOCAL_OWNED_RUNTIME
PAC-RP07-01,,RP07,PACKAGE_COMPLETION,OWNED_ISOLATED_RUNTIME_OR_TARGET_ENV,只有projects.update主体通过sync不能归档；有archive权限仍不能走非法边。,exact baseline+approved scope+owned fixture/auth success preconditions+command/exit/log+actual DB/IDB/file state+cleanup; document gates use attributable static review/approval artifacts,PASS,RP07-T01,,,PROPOSED_ACCEPTANCE,Applicable conditional gates only; no execution authorization granted; before negative tests prove authorized success fixture and current candidate,Rejected operation: no unapproved durable changes; failed run retains recoverable copy/last safe state; rollback or containment must match current schema/protocol,PACKAGES.json/RP07/acceptanceCases/1,,execution/final-regression-2026-10-02/RP07/rp07-project-status-shared/attempt-01/integration-suite.log; execution/RP07/RP07-T01/runs/2026-10-02-followup-validation/evidence/source-hash.json,Codex executor,[],APPLICABLE_ACTIVATED_SCOPE_ONLY,DRAFT_NOT_APPROVED,HEAD 138cf2da1b63195cef7e884f69bdf8ded6ed3c21; final worktree file SHA-256 in execution/RP07/RP07-T01/runs/2026-10-02-followup-validation/evidence/source-hash.json,LOCAL_SCOPED_EVIDENCE_SEE_REFERENCED_LIMITS
PAC-RP07-02,,RP07,PACKAGE_COMPLETION,OWNED_ISOLATED_RUNTIME_OR_TARGET_ENV,HTTP/sync/registration同初始状态同命令结果一致。,exact baseline+approved scope+owned fixture/auth success preconditions+command/exit/log+actual DB/IDB/file state+cleanup; document gates use attributable static review/approval artifacts,PASS,RP07-T01;RP07-T02,D-S01-06,D-S01-06;S03-OI-07,PENDING_DECISION,Applicable conditional gates only; no execution authorization granted; before negative tests prove authorized success fixture and current candidate,Rejected operation: no unapproved durable changes; failed run retains recoverable copy/last safe state; rollback or containment must match current schema/protocol,PACKAGES.json/RP07/acceptanceCases/2,,execution/RP07/RP07-T02/runs/2026-10-06-continuous-remediation-01/acceptance.json,Codex single executor,"[{""taskId"":""RP07-T02"",""ref"":""D-S01-06"",""before"":""IMPLEMENTATION"",""condition"":""always""},{""taskId"":""RP07-T02"",""ref"":""S03-OI-07"",""before"":""IMPLEMENTATION"",""condition"":""same D-S01-06 approval; no second approval required""}]",APPLICABLE_ACTIVATED_SCOPE_ONLY,DRAFT_NOT_APPROVED,Current dirty-worktree hashes: execution/RP07/RP07-T02/runs/2026-10-06-continuous-remediation-01/evidence/source-hashes.json,CURRENT_LOCAL_OWNED_RUNTIME
PAC-RP07-03,,RP07,PACKAGE_COMPLETION,OWNED_ISOLATED_RUNTIME_OR_TARGET_ENV,成员维护故障回滚manager字段，resolver可见性符合批准合同。,exact baseline+approved scope+owned fixture/auth success preconditions+command/exit/log+actual DB/IDB/file state+cleanup; document gates use attributable static review/approval artifacts,PASS,RP07-T02,D-S01-06,D-S01-06;S03-OI-07,PENDING_DECISION,Applicable conditional gates only; no execution authorization granted; before negative tests prove authorized success fixture and current candidate,Rejected operation: no unapproved durable changes; failed run retains recoverable copy/last safe state; rollback or containment must match current schema/protocol,PACKAGES.json/RP07/acceptanceCases/3,,execution/RP07/RP07-T02/runs/2026-10-06-continuous-remediation-01/acceptance.json,Codex single executor,"[{""taskId"":""RP07-T02"",""ref"":""D-S01-06"",""before"":""IMPLEMENTATION"",""condition"":""always""},{""taskId"":""RP07-T02"",""ref"":""S03-OI-07"",""before"":""IMPLEMENTATION"",""condition"":""same D-S01-06 approval; no second approval required""}]",APPLICABLE_ACTIVATED_SCOPE_ONLY,DRAFT_NOT_APPROVED,Current dirty-worktree hashes: execution/RP07/RP07-T02/runs/2026-10-06-continuous-remediation-01/evidence/source-hashes.json,CURRENT_LOCAL_OWNED_RUNTIME
PAC-RP07-04,,RP07,PACKAGE_COMPLETION,OWNED_ISOLATED_RUNTIME_OR_TARGET_ENV,负责人/成员/ACL角色修订与project状态同一成功提交，不保留部分关系。,exact baseline+approved scope+owned fixture/auth success preconditions+command/exit/log+actual DB/IDB/file state+cleanup; document gates use attributable static review/approval artifacts,PASS,RP07-T02,D-S01-06,D-S01-06;S03-OI-07,PENDING_DECISION,Applicable conditional gates only; no execution authorization granted; before negative tests prove authorized success fixture and current candidate,Rejected operation: no unapproved durable changes; failed run retains recoverable copy/last safe state; rollback or containment must match current schema/protocol,PACKAGES.json/RP07/acceptanceCases/4,,execution/RP07/RP07-T02/runs/2026-10-06-continuous-remediation-01/acceptance.json,Codex single executor,"[{""taskId"":""RP07-T02"",""ref"":""D-S01-06"",""before"":""IMPLEMENTATION"",""condition"":""always""},{""taskId"":""RP07-T02"",""ref"":""S03-OI-07"",""before"":""IMPLEMENTATION"",""condition"":""same D-S01-06 approval; no second approval required""}]",APPLICABLE_ACTIVATED_SCOPE_ONLY,DRAFT_NOT_APPROVED,Current dirty-worktree hashes: execution/RP07/RP07-T02/runs/2026-10-06-continuous-remediation-01/evidence/source-hashes.json,CURRENT_LOCAL_OWNED_RUNTIME
PAC-RP08-01,,RP08,PACKAGE_COMPLETION,OWNED_ISOLATED_RUNTIME_OR_TARGET_ENV,在线拒绝的task/report实体或字段不会从sync返回；own-only report仅作者可得。,exact baseline+approved scope+owned fixture/auth success preconditions+command/exit/log+actual DB/IDB/file state+cleanup; document gates use attributable static review/approval artifacts,PASS,RP08-T01,D-S01-05,D-S01-05,PENDING_DECISION,Applicable conditional gates only; no execution authorization granted; before negative tests prove authorized success fixture and current candidate,Rejected operation: no unapproved durable changes; failed run retains recoverable copy/last safe state; rollback or containment must match current schema/protocol,PACKAGES.json/RP08/acceptanceCases/1,,execution/RP08/RP08-T01/runs/2026-10-03-codebuddy-lr3-validation/acceptance.json#PAC-RP08-01 (B1/B2/B3/B5; attempt-03; read-contract-matrix.md; src:reports.js=1bcbef68fcf01cb3/reportCommands.ts=758cb5010beda8d5/sync.js=ad41610a6036f054/auth.js=8f736619a1526247); independent execution/reviews/2026-10-03-codebuddy-followup/validation-summary.json#PAC-RP08-01,UNASSIGNED,"[{""taskId"":""RP08-T01"",""ref"":""D-S01-05"",""before"":""IMPLEMENTATION"",""condition"":""only if registration global exception is requested""}]",APPLICABLE_ACTIVATED_SCOPE_ONLY,DRAFT_NOT_APPROVED,HEAD 138cf2da1b63195cef7e884f69bdf8ded6ed3c21; exact current dirty-worktree hashes execution/reviews/2026-10-03-codebuddy-followup/evidence/start-baseline.json; local scope only,LOCAL_CURRENT_CODE_EXECUTOR_PLUS_INDEPENDENT_EVIDENCE_SEE_LIMITS
PAC-RP08-02,,RP08,PACKAGE_COMPLETION,OWNED_ISOLATED_RUNTIME_OR_TARGET_ENV,用户带旧cursor加入老项目，可获取历史项目/任务。,exact baseline+approved scope+owned fixture/auth success preconditions+command/exit/log+actual DB/IDB/file state+cleanup; document gates use attributable static review/approval artifacts,PASS,RP08-T02,T-RP-04;T-RP-12,S02-OPEN-02,PENDING_DECISION,Applicable conditional gates only; no execution authorization granted; before negative tests prove authorized success fixture and current candidate,Rejected operation: no unapproved durable changes; failed run retains recoverable copy/last safe state; rollback or containment must match current schema/protocol,PACKAGES.json/RP08/acceptanceCases/2,,execution/RP08/RP08-T02/runs/2026-10-06-continuous-remediation-01/acceptance.json,Codex single executor,"[{""taskId"":""RP08-T02"",""ref"":""T-RP-04"",""before"":""IMPLEMENTATION"",""condition"":""always""},{""taskId"":""RP08-T02"",""ref"":""T-RP-12"",""before"":""IMPLEMENTATION"",""condition"":""always""},{""taskId"":""RP08-T02"",""ref"":""S02-OPEN-02"",""before"":""VALIDATION"",""condition"":""joint authorized cache/page fallback acceptance""}]",APPLICABLE_ACTIVATED_SCOPE_ONLY,DRAFT_NOT_APPROVED,Current dirty-worktree hashes: execution/RP08/RP08-T02/runs/2026-10-06-continuous-remediation-01/evidence/source-hashes.json,CURRENT_LOCAL_OWNED_RUNTIME
PAC-RP08-03,,RP08,PACKAGE_COMPLETION,OWNED_ISOLATED_RUNTIME_OR_TARGET_ENV,同项目角色变更、撤权、退出/再加入缓存与版本一致；outbox保全。,exact baseline+approved scope+owned fixture/auth success preconditions+command/exit/log+actual DB/IDB/file state+cleanup; document gates use attributable static review/approval artifacts,PASS,RP08-T02,T-RP-04;T-RP-12,S02-OPEN-02,PENDING_DECISION,Applicable conditional gates only; no execution authorization granted; before negative tests prove authorized success fixture and current candidate,Rejected operation: no unapproved durable changes; failed run retains recoverable copy/last safe state; rollback or containment must match current schema/protocol,PACKAGES.json/RP08/acceptanceCases/3,,execution/RP08/RP08-T02/runs/2026-10-06-continuous-remediation-01/acceptance.json,Codex single executor,"[{""taskId"":""RP08-T02"",""ref"":""T-RP-04"",""before"":""IMPLEMENTATION"",""condition"":""always""},{""taskId"":""RP08-T02"",""ref"":""T-RP-12"",""before"":""IMPLEMENTATION"",""condition"":""always""},{""taskId"":""RP08-T02"",""ref"":""S02-OPEN-02"",""before"":""VALIDATION"",""condition"":""joint authorized cache/page fallback acceptance""}]",APPLICABLE_ACTIVATED_SCOPE_ONLY,DRAFT_NOT_APPROVED,Current dirty-worktree hashes: execution/RP08/RP08-T02/runs/2026-10-06-continuous-remediation-01/evidence/source-hashes.json,CURRENT_LOCAL_OWNED_RUNTIME
PAC-RP08-04,,RP08,PACKAGE_COMPLETION,OWNED_ISOLATED_RUNTIME_OR_TARGET_ENV,分页期间撤权不继续返回原允许数据；当前owner镜像清理而待处理payload进入受控隔离。,exact baseline+approved scope+owned fixture/auth success preconditions+command/exit/log+actual DB/IDB/file state+cleanup; document gates use attributable static review/approval artifacts,PASS,RP08-T02,T-RP-04;T-RP-12,S02-OPEN-02,PENDING_DECISION,Applicable conditional gates only; no execution authorization granted; before negative tests prove authorized success fixture and current candidate,Rejected operation: no unapproved durable changes; failed run retains recoverable copy/last safe state; rollback or containment must match current schema/protocol,PACKAGES.json/RP08/acceptanceCases/4,,execution/RP08/RP08-T02/runs/2026-10-06-continuous-remediation-01/acceptance.json,Codex single executor,"[{""taskId"":""RP08-T02"",""ref"":""T-RP-04"",""before"":""IMPLEMENTATION"",""condition"":""always""},{""taskId"":""RP08-T02"",""ref"":""T-RP-12"",""before"":""IMPLEMENTATION"",""condition"":""always""},{""taskId"":""RP08-T02"",""ref"":""S02-OPEN-02"",""before"":""VALIDATION"",""condition"":""joint authorized cache/page fallback acceptance""}]",APPLICABLE_ACTIVATED_SCOPE_ONLY,DRAFT_NOT_APPROVED,Current dirty-worktree hashes: execution/RP08/RP08-T02/runs/2026-10-06-continuous-remediation-01/evidence/source-hashes.json,CURRENT_LOCAL_OWNED_RUNTIME
PAC-RP09-01,,RP09,PACKAGE_COMPLETION,OWNED_ISOLATED_RUNTIME_OR_TARGET_ENV,已知key被另一主体重放拒绝，同key改payload冲突，同payload安全重放。,exact baseline+approved scope+owned fixture/auth success preconditions+command/exit/log+actual DB/IDB/file state+cleanup; document gates use attributable static review/approval artifacts,PASS,RP09-T01,T-RP-02;T-RP-07,S03-OI-05,PENDING_DECISION,Applicable conditional gates only; no execution authorization granted; before negative tests prove authorized success fixture and current candidate,Rejected operation: no unapproved durable changes; failed run retains recoverable copy/last safe state; rollback or containment must match current schema/protocol,PACKAGES.json/RP09/acceptanceCases/1,,execution/RP09/RP09-T01/runs/2026-10-05-sync-receipts-01/acceptance.json,Codex single executor,"[{""taskId"":""RP09-T01"",""ref"":""T-RP-02"",""before"":""IMPLEMENTATION"",""condition"":""always""},{""taskId"":""RP09-T01"",""ref"":""T-RP-07"",""before"":""IMPLEMENTATION"",""condition"":""delete command adapter modified""},{""taskId"":""RP09-T01"",""ref"":""S03-OI-05"",""before"":""IMPLEMENTATION"",""condition"":""only if stale/delete command adapter is changed; no gate on unrelated task fields or report snapshot""}]",APPLICABLE_ACTIVATED_SCOPE_ONLY,DRAFT_NOT_APPROVED,Current dirty-worktree hashes: execution/RP09/RP09-T01/runs/2026-10-05-sync-receipts-01/evidence/source-hashes.json,CURRENT_LOCAL_OWNED_RUNTIME
PAC-RP09-02,,RP09,PACKAGE_COMPLETION,OWNED_ISOLATED_RUNTIME_OR_TARGET_ENV,receipt/audit故障不留下业务已写但无成功回执状态。,exact baseline+approved scope+owned fixture/auth success preconditions+command/exit/log+actual DB/IDB/file state+cleanup; document gates use attributable static review/approval artifacts,PASS,RP09-T01,T-RP-02;T-RP-07,S03-OI-05,PENDING_DECISION,Applicable conditional gates only; no execution authorization granted; before negative tests prove authorized success fixture and current candidate,Rejected operation: no unapproved durable changes; failed run retains recoverable copy/last safe state; rollback or containment must match current schema/protocol,PACKAGES.json/RP09/acceptanceCases/2,,execution/RP09/RP09-T01/runs/2026-10-05-sync-receipts-01/acceptance.json,Codex single executor,"[{""taskId"":""RP09-T01"",""ref"":""T-RP-02"",""before"":""IMPLEMENTATION"",""condition"":""always""},{""taskId"":""RP09-T01"",""ref"":""T-RP-07"",""before"":""IMPLEMENTATION"",""condition"":""delete command adapter modified""},{""taskId"":""RP09-T01"",""ref"":""S03-OI-05"",""before"":""IMPLEMENTATION"",""condition"":""only if stale/delete command adapter is changed; no gate on unrelated task fields or report snapshot""}]",APPLICABLE_ACTIVATED_SCOPE_ONLY,DRAFT_NOT_APPROVED,Current dirty-worktree hashes: execution/RP09/RP09-T01/runs/2026-10-05-sync-receipts-01/evidence/source-hashes.json,CURRENT_LOCAL_OWNED_RUNTIME
PAC-RP09-03,,RP09,PACKAGE_COMPLETION,OWNED_ISOLATED_RUNTIME_OR_TARGET_ENV,屏障并发同key同/不同payload最终row/receipt/两个响应一致。,exact baseline+approved scope+owned fixture/auth success preconditions+command/exit/log+actual DB/IDB/file state+cleanup; document gates use attributable static review/approval artifacts,PASS,RP09-T02,T-RP-02,S03-OI-02;S03-OI-04,PENDING_DECISION,Applicable conditional gates only; no execution authorization granted; before negative tests prove authorized success fixture and current candidate,Rejected operation: no unapproved durable changes; failed run retains recoverable copy/last safe state; rollback or containment must match current schema/protocol,PACKAGES.json/RP09/acceptanceCases/3,,execution/RP09/RP09-T02/runs/2026-10-05-sync-receipts-01/acceptance.json,Codex single executor,"[{""taskId"":""RP09-T02"",""ref"":""S03-OI-02"",""before"":""VALIDATION"",""condition"":""always""},{""taskId"":""RP09-T02"",""ref"":""S03-OI-04"",""before"":""RELEASE"",""condition"":""always""},{""taskId"":""RP09-T02"",""ref"":""T-RP-02"",""before"":""IMPLEMENTATION"",""condition"":""always""}]",APPLICABLE_ACTIVATED_SCOPE_ONLY,DRAFT_NOT_APPROVED,Current dirty-worktree hashes: execution/RP09/RP09-T02/runs/2026-10-05-sync-receipts-01/evidence/source-hashes.json,CURRENT_LOCAL_OWNED_RUNTIME
PAC-RP09-04,,RP09,PACKAGE_COMPLETION,OWNED_ISOLATED_RUNTIME_OR_TARGET_ENV,首项成功第二项故障、receipt提交后响应丢失，各项可恢复且不重复执行业务。,exact baseline+approved scope+owned fixture/auth success preconditions+command/exit/log+actual DB/IDB/file state+cleanup; document gates use attributable static review/approval artifacts,PASS,RP09-T01;RP09-T02,T-RP-02;T-RP-07,S03-OI-05;S03-OI-02;S03-OI-04,PENDING_DECISION,Applicable conditional gates only; no execution authorization granted; before negative tests prove authorized success fixture and current candidate,Rejected operation: no unapproved durable changes; failed run retains recoverable copy/last safe state; rollback or containment must match current schema/protocol,PACKAGES.json/RP09/acceptanceCases/4,,execution/RP09/RP09-T02/runs/2026-10-05-sync-receipts-01/acceptance.json,Codex single executor,"[{""taskId"":""RP09-T01"",""ref"":""T-RP-02"",""before"":""IMPLEMENTATION"",""condition"":""always""},{""taskId"":""RP09-T01"",""ref"":""T-RP-07"",""before"":""IMPLEMENTATION"",""condition"":""delete command adapter modified""},{""taskId"":""RP09-T01"",""ref"":""S03-OI-05"",""before"":""IMPLEMENTATION"",""condition"":""only if stale/delete command adapter is changed; no gate on unrelated task fields or report snapshot""},{""taskId"":""RP09-T02"",""ref"":""S03-OI-02"",""before"":""VALIDATION"",""condition"":""always""},{""taskId"":""RP09-T02"",""ref"":""S03-OI-04"",""before"":""RELEASE"",""condition"":""always""},{""taskId"":""RP09-T02"",""ref"":""T-RP-02"",""before"":""IMPLEMENTATION"",""condition"":""always""}]",APPLICABLE_ACTIVATED_SCOPE_ONLY,DRAFT_NOT_APPROVED,Current dirty-worktree hashes: execution/RP09/RP09-T02/runs/2026-10-05-sync-receipts-01/evidence/source-hashes.json,CURRENT_LOCAL_OWNED_RUNTIME
PAC-RP09-05,,RP09,PACKAGE_COMPLETION,OWNED_ISOLATED_RUNTIME_OR_TARGET_ENV,回执超期与相同key retry不重复执行敏感命令；未确认payload不丢，授权撤销后replay按现scope拒绝。,exact baseline+approved scope+owned fixture/auth success preconditions+command/exit/log+actual DB/IDB/file state+cleanup; document gates use attributable static review/approval artifacts,NOT_RUN,RP09-T02,T-RP-02,S03-OI-02;S03-OI-04,PENDING_DECISION,Applicable conditional gates only; no execution authorization granted; before negative tests prove authorized success fixture and current candidate,Rejected operation: no unapproved durable changes; failed run retains recoverable copy/last safe state; rollback or containment must match current schema/protocol,PACKAGES.json/RP09/acceptanceCases/5,,,UNASSIGNED,"[{""taskId"":""RP09-T02"",""ref"":""S03-OI-02"",""before"":""VALIDATION"",""condition"":""always""},{""taskId"":""RP09-T02"",""ref"":""S03-OI-04"",""before"":""RELEASE"",""condition"":""always""},{""taskId"":""RP09-T02"",""ref"":""T-RP-02"",""before"":""IMPLEMENTATION"",""condition"":""always""}]",APPLICABLE_ACTIVATED_SCOPE_ONLY,DRAFT_NOT_APPROVED,TO_BE_RECORDED_ON_EXECUTION,PLANNED_ONLY_NOT_EVIDENCE
PAC-RP10-01,,RP10,PACKAGE_COMPLETION,OWNED_ISOLATED_RUNTIME_OR_TARGET_ENV,两个客户端同基线首写成功，第二普通字段/status/指派写409且不覆盖。,exact baseline+approved scope+owned fixture/auth success preconditions+command/exit/log+actual DB/IDB/file state+cleanup; document gates use attributable static review/approval artifacts,NOT_RUN,RP10-T01,T-RP-03,S03-OI-05,PENDING_DECISION,Applicable conditional gates only; no execution authorization granted; before negative tests prove authorized success fixture and current candidate,Rejected operation: no unapproved durable changes; failed run retains recoverable copy/last safe state; rollback or containment must match current schema/protocol,PACKAGES.json/RP10/acceptanceCases/1,,execution/RP10/RP10-T02/runs/2026-10-02-continuous-rework/evidence/source-hash.json,UNASSIGNED,"[{""taskId"":""RP10-T01"",""ref"":""T-RP-03"",""before"":""IMPLEMENTATION"",""condition"":""always""},{""taskId"":""RP10-T01"",""ref"":""S03-OI-05"",""before"":""IMPLEMENTATION"",""condition"":""only if stale/delete command adapter is changed; no gate on unrelated task fields or report snapshot""}]",APPLICABLE_ACTIVATED_SCOPE_ONLY,DRAFT_NOT_APPROVED,HEAD 138cf2da1b63195cef7e884f69bdf8ded6ed3c21; final worktree file SHA-256 in execution/RP10/RP10-T02/runs/2026-10-02-continuous-rework/evidence/source-hash.json,PLANNED_ONLY_NOT_EVIDENCE
PAC-RP10-02,,RP10,PACKAGE_COMPLETION,OWNED_ISOLATED_RUNTIME_OR_TARGET_ENV,保存与提交屏障交错snapshot等于成功提交正文revision，失败无version/receipt。,exact baseline+approved scope+owned fixture/auth success preconditions+command/exit/log+actual DB/IDB/file state+cleanup; document gates use attributable static review/approval artifacts,PASS,RP10-T02,D-S01-07,D-S01-07,PENDING_DECISION,Applicable conditional gates only; no execution authorization granted; before negative tests prove authorized success fixture and current candidate,Rejected operation: no unapproved durable changes; failed run retains recoverable copy/last safe state; rollback or containment must match current schema/protocol,PACKAGES.json/RP10/acceptanceCases/2,,execution/RP10/RP10-T02/runs/2026-10-03-codebuddy-lr3-rework/acceptance.json#PAC-RP10-02 (attempt-05; src:reports.js=1bcbef68fcf01cb3/reportCommands.ts=758cb5010beda8d5/sync.js=ad41610a6036f054/auth.js=8f736619a1526247); independent execution/reviews/2026-10-03-codebuddy-followup/validation-summary.json#PAC-RP10-02,UNASSIGNED,"[{""taskId"":""RP10-T02"",""ref"":""D-S01-07"",""before"":""IMPLEMENTATION"",""condition"":""source-state behavior changed""}]",APPLICABLE_ACTIVATED_SCOPE_ONLY,DRAFT_NOT_APPROVED,HEAD 138cf2da1b63195cef7e884f69bdf8ded6ed3c21; exact current dirty-worktree hashes execution/reviews/2026-10-03-codebuddy-followup/evidence/start-baseline.json; local scope only,LOCAL_CURRENT_CODE_EXECUTOR_PLUS_INDEPENDENT_EVIDENCE_SEE_LIMITS
PAC-RP10-03,,RP10,PACKAGE_COMPLETION,OWNED_ISOLATED_RUNTIME_OR_TARGET_ENV,并发version分配符合唯一约束；SUBMITTED新key按裁定拒绝或明确复提行为。,exact baseline+approved scope+owned fixture/auth success preconditions+command/exit/log+actual DB/IDB/file state+cleanup; document gates use attributable static review/approval artifacts,PASS,RP10-T03,D-S01-07,D-S01-07;S03-OI-08,APPROVED_SCOPED_ACCEPTANCE,Applicable conditional gates only; no execution authorization granted; before negative tests prove authorized success fixture and current candidate,Rejected operation: no unapproved durable changes; failed run retains recoverable copy/last safe state; rollback or containment must match current schema/protocol,PACKAGES.json/RP10/acceptanceCases/3,,execution/RP10/RP10-T03/runs/2026-10-05-approved-contracts-01/acceptance.json,Codex single executor,"[{""taskId"":""RP10-T03"",""ref"":""D-S01-07"",""before"":""IMPLEMENTATION"",""condition"":""always""},{""taskId"":""RP10-T03"",""ref"":""S03-OI-08"",""before"":""VALIDATION"",""condition"":""always""}]",APPLICABLE_ACTIVATED_SCOPE_ONLY,EXECUTED_APPROVED_LOCAL_SCOPE,Current dirty-worktree hashes: execution/RP10/RP10-T03/runs/2026-10-05-approved-contracts-01/evidence/source-hashes.json,CURRENT_LOCAL_OWNED_RUNTIME
PAC-RP10-04,,RP10,PACKAGE_COMPLETION,OWNED_ISOLATED_RUNTIME_OR_TARGET_ENV,明确受支持旧客户端matrix；不支持版本有可理解升级结果。,exact baseline+approved scope+owned fixture/auth success preconditions+command/exit/log+actual DB/IDB/file state+cleanup; document gates use attributable static review/approval artifacts,NOT_RUN,RP10-T01,T-RP-03,S03-OI-05,PENDING_DECISION,Applicable conditional gates only; no execution authorization granted; before negative tests prove authorized success fixture and current candidate,Rejected operation: no unapproved durable changes; failed run retains recoverable copy/last safe state; rollback or containment must match current schema/protocol,PACKAGES.json/RP10/acceptanceCases/4,,execution/RP10/RP10-T02/runs/2026-10-02-continuous-rework/evidence/source-hash.json,UNASSIGNED,"[{""taskId"":""RP10-T01"",""ref"":""T-RP-03"",""before"":""IMPLEMENTATION"",""condition"":""always""},{""taskId"":""RP10-T01"",""ref"":""S03-OI-05"",""before"":""IMPLEMENTATION"",""condition"":""only if stale/delete command adapter is changed; no gate on unrelated task fields or report snapshot""}]",APPLICABLE_ACTIVATED_SCOPE_ONLY,DRAFT_NOT_APPROVED,HEAD 138cf2da1b63195cef7e884f69bdf8ded6ed3c21; final worktree file SHA-256 in execution/RP10/RP10-T02/runs/2026-10-02-continuous-rework/evidence/source-hash.json,PLANNED_ONLY_NOT_EVIDENCE
PAC-RP10-05,,RP10,PACKAGE_COMPLETION,OWNED_ISOLATED_RUNTIME_OR_TARGET_ENV,合法actor与已成功保存ID/revision为前提；普通/status/assignee线上/离线409不能被401/空列表替代。,exact baseline+approved scope+owned fixture/auth success preconditions+command/exit/log+actual DB/IDB/file state+cleanup; document gates use attributable static review/approval artifacts,NOT_RUN,RP10-T01,T-RP-03,S03-OI-05,PENDING_DECISION,Applicable conditional gates only; no execution authorization granted; before negative tests prove authorized success fixture and current candidate,Rejected operation: no unapproved durable changes; failed run retains recoverable copy/last safe state; rollback or containment must match current schema/protocol,PACKAGES.json/RP10/acceptanceCases/5,,execution/RP10/RP10-T02/runs/2026-10-02-continuous-rework/evidence/source-hash.json,UNASSIGNED,"[{""taskId"":""RP10-T01"",""ref"":""T-RP-03"",""before"":""IMPLEMENTATION"",""condition"":""always""},{""taskId"":""RP10-T01"",""ref"":""S03-OI-05"",""before"":""IMPLEMENTATION"",""condition"":""only if stale/delete command adapter is changed; no gate on unrelated task fields or report snapshot""}]",APPLICABLE_ACTIVATED_SCOPE_ONLY,DRAFT_NOT_APPROVED,HEAD 138cf2da1b63195cef7e884f69bdf8ded6ed3c21; final worktree file SHA-256 in execution/RP10/RP10-T02/runs/2026-10-02-continuous-rework/evidence/source-hash.json,PLANNED_ONLY_NOT_EVIDENCE
PAC-RP11-01,,RP11,PACKAGE_COMPLETION,OWNED_ISOLATED_RUNTIME_OR_TARGET_ENV,慢/me、离线刷新、logout/login交错与双账号时，A草稿不会被清理或由B发送。,exact baseline+approved scope+owned fixture/auth success preconditions+command/exit/log+actual DB/IDB/file state+cleanup; document gates use attributable static review/approval artifacts,PASS,RP11-T01,T-RP-09;T-RP-12,S02-OPEN-01;S02-OPEN-02,PENDING_DECISION,Applicable conditional gates only; no execution authorization granted; before negative tests prove authorized success fixture and current candidate,Rejected operation: no unapproved durable changes; failed run retains recoverable copy/last safe state; rollback or containment must match current schema/protocol,PACKAGES.json/RP11/acceptanceCases/1,,execution/RP11/RP11-T01/runs/2026-10-06-continuous-remediation-01/acceptance.json,Codex single executor,"[{""taskId"":""RP11-T01"",""ref"":""T-RP-09"",""before"":""IMPLEMENTATION"",""condition"":""always""},{""taskId"":""RP11-T01"",""ref"":""T-RP-12"",""before"":""IMPLEMENTATION"",""condition"":""always""},{""taskId"":""RP11-T01"",""ref"":""S02-OPEN-01"",""before"":""VALIDATION"",""condition"":""always""},{""taskId"":""RP11-T01"",""ref"":""S02-OPEN-02"",""before"":""VALIDATION"",""condition"":""always""}]",APPLICABLE_ACTIVATED_SCOPE_ONLY,DRAFT_NOT_APPROVED,Current dirty-worktree hashes: execution/RP11/RP11-T01/runs/2026-10-06-continuous-remediation-01/evidence/source-hashes.json,CURRENT_LOCAL_OWNED_RUNTIME
PAC-RP11-02,,RP11,PACKAGE_COMPLETION,OWNED_ISOLATED_RUNTIME_OR_TARGET_ENV,浏览器transaction故障/重开下，每个未确认payload至少一份持久副本。,exact baseline+approved scope+owned fixture/auth success preconditions+command/exit/log+actual DB/IDB/file state+cleanup; document gates use attributable static review/approval artifacts,PASS,RP11-T03,T-RP-12,S02-OPEN-03,PENDING_DECISION,Applicable conditional gates only; no execution authorization granted; before negative tests prove authorized success fixture and current candidate,Rejected operation: no unapproved durable changes; failed run retains recoverable copy/last safe state; rollback or containment must match current schema/protocol,PACKAGES.json/RP11/acceptanceCases/2,,execution/RP11/RP11-T03/runs/2026-10-06-continuous-remediation-01/acceptance.json,Codex single executor,"[{""taskId"":""RP11-T03"",""ref"":""T-RP-12"",""before"":""IMPLEMENTATION"",""condition"":""always""},{""taskId"":""RP11-T03"",""ref"":""S02-OPEN-03"",""before"":""VALIDATION"",""condition"":""always""}]",APPLICABLE_ACTIVATED_SCOPE_ONLY,DRAFT_NOT_APPROVED,Current dirty-worktree hashes: execution/RP11/RP11-T03/runs/2026-10-06-continuous-remediation-01/evidence/source-hashes.json,CURRENT_LOCAL_OWNED_RUNTIME
PAC-RP11-03,,RP11,PACKAGE_COMPLETION,OWNED_ISOLATED_RUNTIME_OR_TARGET_ENV,A/B共享项目cache API及Tasks实际fallback不交叉显示。,exact baseline+approved scope+owned fixture/auth success preconditions+command/exit/log+actual DB/IDB/file state+cleanup; document gates use attributable static review/approval artifacts,PASS,RP11-T01,T-RP-09;T-RP-12,S02-OPEN-01;S02-OPEN-02,PENDING_DECISION,Applicable conditional gates only; no execution authorization granted; before negative tests prove authorized success fixture and current candidate,Rejected operation: no unapproved durable changes; failed run retains recoverable copy/last safe state; rollback or containment must match current schema/protocol,PACKAGES.json/RP11/acceptanceCases/3,,execution/RP11/RP11-T01/runs/2026-10-06-continuous-remediation-01/acceptance.json,Codex single executor,"[{""taskId"":""RP11-T01"",""ref"":""T-RP-09"",""before"":""IMPLEMENTATION"",""condition"":""always""},{""taskId"":""RP11-T01"",""ref"":""T-RP-12"",""before"":""IMPLEMENTATION"",""condition"":""always""},{""taskId"":""RP11-T01"",""ref"":""S02-OPEN-01"",""before"":""VALIDATION"",""condition"":""always""},{""taskId"":""RP11-T01"",""ref"":""S02-OPEN-02"",""before"":""VALIDATION"",""condition"":""always""}]",APPLICABLE_ACTIVATED_SCOPE_ONLY,DRAFT_NOT_APPROVED,Current dirty-worktree hashes: execution/RP11/RP11-T01/runs/2026-10-06-continuous-remediation-01/evidence/source-hashes.json,CURRENT_LOCAL_OWNED_RUNTIME
PAC-RP11-04,,RP11,PACKAGE_COMPLETION,OWNED_ISOLATED_RUNTIME_OR_TARGET_ENV,v1/旧v2无owner队列upgrade中止/重试保全，B不会代发；不宣称server接受旧行。,exact baseline+approved scope+owned fixture/auth success preconditions+command/exit/log+actual DB/IDB/file state+cleanup; document gates use attributable static review/approval artifacts,PASS,RP11-T02,T-RP-01,S02-OPEN-06;S02-OPEN-07,PENDING_DECISION,Applicable conditional gates only; no execution authorization granted; before negative tests prove authorized success fixture and current candidate,Rejected operation: no unapproved durable changes; failed run retains recoverable copy/last safe state; rollback or containment must match current schema/protocol,PACKAGES.json/RP11/acceptanceCases/4,,execution/RP11/RP11-T02/runs/2026-10-06-continuous-remediation-01/acceptance.json,Codex single executor,"[{""taskId"":""RP11-T02"",""ref"":""T-RP-01"",""before"":""IMPLEMENTATION"",""condition"":""always""},{""taskId"":""RP11-T02"",""ref"":""S02-OPEN-06"",""before"":""VALIDATION"",""condition"":""always""},{""taskId"":""RP11-T02"",""ref"":""S02-OPEN-07"",""before"":""VALIDATION"",""condition"":""always""}]",APPLICABLE_ACTIVATED_SCOPE_ONLY,DRAFT_NOT_APPROVED,Current dirty-worktree hashes: execution/RP11/RP11-T02/runs/2026-10-06-continuous-remediation-01/evidence/source-hashes.json,CURRENT_LOCAL_OWNED_RUNTIME
PAC-RP11-05,,RP11,PACKAGE_COMPLETION,OWNED_ISOLATED_RUNTIME_OR_TARGET_ENV,多tab旧连接阻止upgrade、关闭页面/lease holder崩溃、quota abort和重开均可恢复；当前B不能认领/导出A内容。,exact baseline+approved scope+owned fixture/auth success preconditions+command/exit/log+actual DB/IDB/file state+cleanup; document gates use attributable static review/approval artifacts,ENV_BLOCKED,RP11-T01;RP11-T02;RP11-T03,T-RP-09;T-RP-12;T-RP-01,S02-OPEN-01;S02-OPEN-02;S02-OPEN-06;S02-OPEN-07;S02-OPEN-03,PENDING_DECISION,Applicable conditional gates only; no execution authorization granted; before negative tests prove authorized success fixture and current candidate,Rejected operation: no unapproved durable changes; failed run retains recoverable copy/last safe state; rollback or containment must match current schema/protocol,PACKAGES.json/RP11/acceptanceCases/5,,execution/RP11/RP11-T03/runs/2026-10-06-continuous-remediation-01/acceptance.json,Codex single executor,"[{""taskId"":""RP11-T01"",""ref"":""T-RP-09"",""before"":""IMPLEMENTATION"",""condition"":""always""},{""taskId"":""RP11-T01"",""ref"":""T-RP-12"",""before"":""IMPLEMENTATION"",""condition"":""always""},{""taskId"":""RP11-T01"",""ref"":""S02-OPEN-01"",""before"":""VALIDATION"",""condition"":""always""},{""taskId"":""RP11-T01"",""ref"":""S02-OPEN-02"",""before"":""VALIDATION"",""condition"":""always""},{""taskId"":""RP11-T02"",""ref"":""T-RP-01"",""before"":""IMPLEMENTATION"",""condition"":""always""},{""taskId"":""RP11-T02"",""ref"":""S02-OPEN-06"",""before"":""VALIDATION"",""condition"":""always""},{""taskId"":""RP11-T02"",""ref"":""S02-OPEN-07"",""before"":""VALIDATION"",""condition"":""always""},{""taskId"":""RP11-T03"",""ref"":""T-RP-12"",""before"":""IMPLEMENTATION"",""condition"":""always""},{""taskId"":""RP11-T03"",""ref"":""S02-OPEN-03"",""before"":""VALIDATION"",""condition"":""always""}]",APPLICABLE_ACTIVATED_SCOPE_ONLY,DRAFT_NOT_APPROVED,TO_BE_RECORDED_ON_EXECUTION,CURRENT_LOCAL_RUNTIME_LIMIT
PAC-RP12-01,,RP12,PACKAGE_COMPLETION,OWNED_ISOLATED_RUNTIME_OR_TARGET_ENV,501/1001项分批完成，byte限额在count不足500时同样切批。,exact baseline+approved scope+owned fixture/auth success preconditions+command/exit/log+actual DB/IDB/file state+cleanup; document gates use attributable static review/approval artifacts,PASS,RP12-T01,T-RP-11,S02-OPEN-04,PENDING_DECISION,Applicable conditional gates only; no execution authorization granted; before negative tests prove authorized success fixture and current candidate,Rejected operation: no unapproved durable changes; failed run retains recoverable copy/last safe state; rollback or containment must match current schema/protocol,PACKAGES.json/RP12/acceptanceCases/1,,execution/RP12/RP12-T01/runs/2026-10-06-continuous-remediation-01/acceptance.json,Codex single executor,"[{""taskId"":""RP12-T01"",""ref"":""S02-OPEN-04"",""before"":""VALIDATION"",""condition"":""always""},{""taskId"":""RP12-T01"",""ref"":""T-RP-11"",""before"":""IMPLEMENTATION"",""condition"":""always""}]",APPLICABLE_ACTIVATED_SCOPE_ONLY,DRAFT_NOT_APPROVED,Current dirty-worktree hashes: execution/RP12/RP12-T01/runs/2026-10-06-continuous-remediation-01/evidence/source-hashes.json,CURRENT_LOCAL_OWNED_RUNTIME
PAC-RP12-02,,RP12,PACKAGE_COMPLETION,OWNED_ISOLATED_RUNTIME_OR_TARGET_ENV,首批成功次批故障重开只重试未确认项，不重复影响已确认业务。,exact baseline+approved scope+owned fixture/auth success preconditions+command/exit/log+actual DB/IDB/file state+cleanup; document gates use attributable static review/approval artifacts,PASS,RP12-T02,T-RP-02;T-RP-12,,PENDING_DECISION,Applicable conditional gates only; no execution authorization granted; before negative tests prove authorized success fixture and current candidate,Rejected operation: no unapproved durable changes; failed run retains recoverable copy/last safe state; rollback or containment must match current schema/protocol,PACKAGES.json/RP12/acceptanceCases/2,,execution/RP12/RP12-T02/runs/2026-10-06-continuous-remediation-01/acceptance.json,Codex single executor,"[{""taskId"":""RP12-T02"",""ref"":""T-RP-02"",""before"":""IMPLEMENTATION"",""condition"":""always""},{""taskId"":""RP12-T02"",""ref"":""T-RP-12"",""before"":""IMPLEMENTATION"",""condition"":""always""}]",APPLICABLE_ACTIVATED_SCOPE_ONLY,DRAFT_NOT_APPROVED,Current dirty-worktree hashes: execution/RP12/RP12-T02/runs/2026-10-06-continuous-remediation-01/evidence/source-hashes.json,CURRENT_LOCAL_OWNED_RUNTIME
PAC-RP12-03,,RP12,PACKAGE_COMPLETION,OWNED_ISOLATED_RUNTIME_OR_TARGET_ENV,父项失败、单项oversize、缺失/重复/未知结果均不丢payload。,exact baseline+approved scope+owned fixture/auth success preconditions+command/exit/log+actual DB/IDB/file state+cleanup; document gates use attributable static review/approval artifacts,PASS,RP12-T02,T-RP-02;T-RP-12,,PENDING_DECISION,Applicable conditional gates only; no execution authorization granted; before negative tests prove authorized success fixture and current candidate,Rejected operation: no unapproved durable changes; failed run retains recoverable copy/last safe state; rollback or containment must match current schema/protocol,PACKAGES.json/RP12/acceptanceCases/3,,execution/RP12/RP12-T02/runs/2026-10-06-continuous-remediation-01/acceptance.json,Codex single executor,"[{""taskId"":""RP12-T02"",""ref"":""T-RP-02"",""before"":""IMPLEMENTATION"",""condition"":""always""},{""taskId"":""RP12-T02"",""ref"":""T-RP-12"",""before"":""IMPLEMENTATION"",""condition"":""always""}]",APPLICABLE_ACTIVATED_SCOPE_ONLY,DRAFT_NOT_APPROVED,Current dirty-worktree hashes: execution/RP12/RP12-T02/runs/2026-10-06-continuous-remediation-01/evidence/source-hashes.json,CURRENT_LOCAL_OWNED_RUNTIME
PAC-RP12-04,,RP12,PACKAGE_COMPLETION,OWNED_ISOLATED_RUNTIME_OR_TARGET_ENV,首个请求未返回时用户二次编辑，旧回包不丢新内容；byte预算按UTF-8实际序列化体和协议开销计算。,exact baseline+approved scope+owned fixture/auth success preconditions+command/exit/log+actual DB/IDB/file state+cleanup; document gates use attributable static review/approval artifacts,PASS,RP12-T01;RP12-T02,T-RP-11;T-RP-02;T-RP-12,S02-OPEN-04,PENDING_DECISION,Applicable conditional gates only; no execution authorization granted; before negative tests prove authorized success fixture and current candidate,Rejected operation: no unapproved durable changes; failed run retains recoverable copy/last safe state; rollback or containment must match current schema/protocol,PACKAGES.json/RP12/acceptanceCases/4,,execution/RP12/RP12-T02/runs/2026-10-06-continuous-remediation-01/acceptance.json,Codex single executor,"[{""taskId"":""RP12-T01"",""ref"":""S02-OPEN-04"",""before"":""VALIDATION"",""condition"":""always""},{""taskId"":""RP12-T01"",""ref"":""T-RP-11"",""before"":""IMPLEMENTATION"",""condition"":""always""},{""taskId"":""RP12-T02"",""ref"":""T-RP-02"",""before"":""IMPLEMENTATION"",""condition"":""always""},{""taskId"":""RP12-T02"",""ref"":""T-RP-12"",""before"":""IMPLEMENTATION"",""condition"":""always""}]",APPLICABLE_ACTIVATED_SCOPE_ONLY,DRAFT_NOT_APPROVED,Current dirty-worktree hashes: execution/RP12/RP12-T02/runs/2026-10-06-continuous-remediation-01/evidence/source-hashes.json,CURRENT_LOCAL_OWNED_RUNTIME
PAC-RP13-01,,RP13,PACKAGE_COMPLETION,OWNED_ISOLATED_RUNTIME_OR_TARGET_ENV,3001+ upsert/5001+ tombstone全分页且checkpoint不早推进。,exact baseline+approved scope+owned fixture/auth success preconditions+command/exit/log+actual DB/IDB/file state+cleanup; document gates use attributable static review/approval artifacts,PASS,RP13-T01,,,PROPOSED_ACCEPTANCE,Applicable conditional gates only; no execution authorization granted; before negative tests prove authorized success fixture and current candidate,Rejected operation: no unapproved durable changes; failed run retains recoverable copy/last safe state; rollback or containment must match current schema/protocol,PACKAGES.json/RP13/acceptanceCases/1,,execution/RP13/RP13-T03/runs/2026-10-06-continuous-remediation-01/acceptance.json,Codex single executor,[],APPLICABLE_ACTIVATED_SCOPE_ONLY,DRAFT_NOT_APPROVED,Current dirty-worktree hashes: execution/RP13/RP13-T03/runs/2026-10-06-continuous-remediation-01/evidence/source-hashes.json,CURRENT_LOCAL_OWNED_RUNTIME
PAC-RP13-02,,RP13,PACKAGE_COMPLETION,OWNED_ISOLATED_RUNTIME_OR_TARGET_ENV,同timestamp、长事务迟提交、发布器故障屏障证明无永久跳过。,exact baseline+approved scope+owned fixture/auth success preconditions+command/exit/log+actual DB/IDB/file state+cleanup; document gates use attributable static review/approval artifacts,PASS,RP13-T02,T-RP-04;T-RP-10,S03-OI-01,PENDING_DECISION,Applicable conditional gates only; no execution authorization granted; before negative tests prove authorized success fixture and current candidate,Rejected operation: no unapproved durable changes; failed run retains recoverable copy/last safe state; rollback or containment must match current schema/protocol,PACKAGES.json/RP13/acceptanceCases/2,,execution/RP13/RP13-T03/runs/2026-10-06-continuous-remediation-01/acceptance.json,Codex single executor,"[{""taskId"":""RP13-T02"",""ref"":""T-RP-04"",""before"":""VALIDATION"",""condition"":""always""},{""taskId"":""RP13-T02"",""ref"":""T-RP-10"",""before"":""VALIDATION"",""condition"":""always""},{""taskId"":""RP13-T02"",""ref"":""S03-OI-01"",""before"":""VALIDATION"",""condition"":""always""}]",APPLICABLE_ACTIVATED_SCOPE_ONLY,DRAFT_NOT_APPROVED,Current dirty-worktree hashes: execution/RP13/RP13-T03/runs/2026-10-06-continuous-remediation-01/evidence/source-hashes.json,CURRENT_LOCAL_OWNED_RUNTIME
PAC-RP13-03,,RP13,PACKAGE_COMPLETION,OWNED_ISOLATED_RUNTIME_OR_TARGET_ENV,新授权snapshot与分页checkpoint一致；IDB apply中断后可重放。,exact baseline+approved scope+owned fixture/auth success preconditions+command/exit/log+actual DB/IDB/file state+cleanup; document gates use attributable static review/approval artifacts,PASS,RP13-T03,T-RP-04;T-RP-10;D-S01-08,S03-OI-04;D-S01-08,PENDING_DECISION,Applicable conditional gates only; no execution authorization granted; before negative tests prove authorized success fixture and current candidate,Rejected operation: no unapproved durable changes; failed run retains recoverable copy/last safe state; rollback or containment must match current schema/protocol,PACKAGES.json/RP13/acceptanceCases/3,,execution/RP13/RP13-T03/runs/2026-10-06-continuous-remediation-01/acceptance.json,Codex single executor,"[{""taskId"":""RP13-T03"",""ref"":""T-RP-04"",""before"":""IMPLEMENTATION"",""condition"":""always""},{""taskId"":""RP13-T03"",""ref"":""T-RP-10"",""before"":""IMPLEMENTATION"",""condition"":""always""},{""taskId"":""RP13-T03"",""ref"":""S03-OI-04"",""before"":""RELEASE"",""condition"":""always""},{""taskId"":""RP13-T03"",""ref"":""D-S01-08"",""before"":""IMPLEMENTATION"",""condition"":""only when approved delete/live-reference/tombstone semantics are changed""}]",APPLICABLE_ACTIVATED_SCOPE_ONLY,DRAFT_NOT_APPROVED,Current dirty-worktree hashes: execution/RP13/RP13-T03/runs/2026-10-06-continuous-remediation-01/evidence/source-hashes.json,CURRENT_LOCAL_OWNED_RUNTIME
PAC-RP13-04,,RP13,PACKAGE_COMPLETION,OWNED_ISOLATED_RUNTIME_OR_TARGET_ENV,old/new client/cursor兼容，不丢离线payload；历史版本保留覆盖最久离线窗。,exact baseline+approved scope+owned fixture/auth success preconditions+command/exit/log+actual DB/IDB/file state+cleanup; document gates use attributable static review/approval artifacts,ENV_BLOCKED,RP13-T03,T-RP-04;T-RP-10;D-S01-08,S03-OI-04;D-S01-08,PENDING_DECISION,Applicable conditional gates only; no execution authorization granted; before negative tests prove authorized success fixture and current candidate,Rejected operation: no unapproved durable changes; failed run retains recoverable copy/last safe state; rollback or containment must match current schema/protocol,PACKAGES.json/RP13/acceptanceCases/4,,execution/RP13/RP13-T03/runs/2026-10-06-continuous-remediation-01/acceptance.json,Codex single executor,"[{""taskId"":""RP13-T03"",""ref"":""T-RP-04"",""before"":""IMPLEMENTATION"",""condition"":""always""},{""taskId"":""RP13-T03"",""ref"":""T-RP-10"",""before"":""IMPLEMENTATION"",""condition"":""always""},{""taskId"":""RP13-T03"",""ref"":""S03-OI-04"",""before"":""RELEASE"",""condition"":""always""},{""taskId"":""RP13-T03"",""ref"":""D-S01-08"",""before"":""IMPLEMENTATION"",""condition"":""only when approved delete/live-reference/tombstone semantics are changed""}]",APPLICABLE_ACTIVATED_SCOPE_ONLY,DRAFT_NOT_APPROVED,HEAD 138cf2da1b63195cef7e884f69bdf8ded6ed3c21; final worktree file SHA-256 in execution/RP13/RP13-T01/runs/2026-10-02-followup-validation/evidence/source-hash.json,CURRENT_LOCAL_RUNTIME_LIMIT
PAC-RP13-05,,RP13,PACKAGE_COMPLETION,OWNED_ISOLATED_RUNTIME_OR_TARGET_ENV,按较新→较旧资源事件、snapshot并发更新、同project撤权、log保留过期和publisher中断验证不回退/漏发/泄露。,exact baseline+approved scope+owned fixture/auth success preconditions+command/exit/log+actual DB/IDB/file state+cleanup; document gates use attributable static review/approval artifacts,PASS,RP13-T03,T-RP-04;T-RP-10;D-S01-08,S03-OI-04;D-S01-08,PENDING_DECISION,Applicable conditional gates only; no execution authorization granted; before negative tests prove authorized success fixture and current candidate,Rejected operation: no unapproved durable changes; failed run retains recoverable copy/last safe state; rollback or containment must match current schema/protocol,PACKAGES.json/RP13/acceptanceCases/5,,execution/RP13/RP13-T03/runs/2026-10-06-continuous-remediation-01/acceptance.json,Codex single executor,"[{""taskId"":""RP13-T03"",""ref"":""T-RP-04"",""before"":""IMPLEMENTATION"",""condition"":""always""},{""taskId"":""RP13-T03"",""ref"":""T-RP-10"",""before"":""IMPLEMENTATION"",""condition"":""always""},{""taskId"":""RP13-T03"",""ref"":""S03-OI-04"",""before"":""RELEASE"",""condition"":""always""},{""taskId"":""RP13-T03"",""ref"":""D-S01-08"",""before"":""IMPLEMENTATION"",""condition"":""only when approved delete/live-reference/tombstone semantics are changed""}]",APPLICABLE_ACTIVATED_SCOPE_ONLY,DRAFT_NOT_APPROVED,Current dirty-worktree hashes: execution/RP13/RP13-T03/runs/2026-10-06-continuous-remediation-01/evidence/source-hashes.json,CURRENT_LOCAL_OWNED_RUNTIME
PAC-RP14-01,,RP14,PACKAGE_COMPLETION,OWNED_ISOLATED_RUNTIME_OR_TARGET_ENV,无害文本标为INFECTED，所有字节出口均拒绝并有要求的审计。,exact baseline+approved scope+owned fixture/auth success preconditions+command/exit/log+actual DB/IDB/file state+cleanup; document gates use attributable static review/approval artifacts,PASS,RP14-T01,,,PROPOSED_ACCEPTANCE,Applicable conditional gates only; no execution authorization granted; before negative tests prove authorized success fixture and current candidate,Rejected operation: no unapproved durable changes; failed run retains recoverable copy/last safe state; rollback or containment must match current schema/protocol,PACKAGES.json/RP14/acceptanceCases/1,,execution/final-regression-2026-10-02/RP14/rp14-infected-file-read/attempt-01/integration-suite.log; execution/RP14/RP14-T01/runs/2026-10-02-followup-validation/evidence/source-hash.json,UNASSIGNED,[],APPLICABLE_ACTIVATED_SCOPE_ONLY,DRAFT_NOT_APPROVED,HEAD 138cf2da1b63195cef7e884f69bdf8ded6ed3c21; final worktree file SHA-256 in execution/RP14/RP14-T01/runs/2026-10-02-followup-validation/evidence/source-hash.json,LOCAL_SCOPED_EVIDENCE_SEE_REFERENCED_LIMITS
PAC-RP14-02,,RP14,PACKAGE_COMPLETION,OWNED_ISOLATED_RUNTIME_OR_TARGET_ENV,成员/普通非成员/超管非成员矩阵符合批准scope；B12正常允许用例成功。,exact baseline+approved scope+owned fixture/auth success preconditions+command/exit/log+actual DB/IDB/file state+cleanup; document gates use attributable static review/approval artifacts,PASS,RP14-T02,T-RP-05,,APPROVED_SCOPED_ACCEPTANCE,Applicable conditional gates only; no execution authorization granted; before negative tests prove authorized success fixture and current candidate,Rejected operation: no unapproved durable changes; failed run retains recoverable copy/last safe state; rollback or containment must match current schema/protocol,PACKAGES.json/RP14/acceptanceCases/2,,execution/RP14/RP14-T02/runs/2026-10-05-approved-contracts-01/acceptance.json,Codex single executor,"[{""taskId"":""RP14-T02"",""ref"":""T-RP-05"",""before"":""IMPLEMENTATION"",""condition"":""always""}]",APPLICABLE_ACTIVATED_SCOPE_ONLY,EXECUTED_APPROVED_LOCAL_SCOPE,Current dirty-worktree hashes: execution/RP14/RP14-T02/runs/2026-10-05-approved-contracts-01/evidence/source-hashes.json,CURRENT_LOCAL_OWNED_RUNTIME
PAC-RP14-03,,RP14,PACKAGE_COMPLETION,OWNED_ISOLATED_RUNTIME_OR_TARGET_ENV,安全存储根、soft delete、缺object/path等失败结果一致，不能泄露未授权正文。,exact baseline+approved scope+owned fixture/auth success preconditions+command/exit/log+actual DB/IDB/file state+cleanup; document gates use attributable static review/approval artifacts,PASS,RP14-T01;RP14-T02,T-RP-05,,APPROVED_SCOPED_ACCEPTANCE,Applicable conditional gates only; no execution authorization granted; before negative tests prove authorized success fixture and current candidate,Rejected operation: no unapproved durable changes; failed run retains recoverable copy/last safe state; rollback or containment must match current schema/protocol,PACKAGES.json/RP14/acceptanceCases/3,,execution/RP14/RP14-T02/runs/2026-10-05-approved-contracts-01/acceptance.json,Codex single executor,"[{""taskId"":""RP14-T02"",""ref"":""T-RP-05"",""before"":""IMPLEMENTATION"",""condition"":""always""}]",APPLICABLE_ACTIVATED_SCOPE_ONLY,EXECUTED_APPROVED_LOCAL_SCOPE,Current dirty-worktree hashes: execution/RP14/RP14-T02/runs/2026-10-05-approved-contracts-01/evidence/source-hashes.json,CURRENT_LOCAL_OWNED_RUNTIME
PAC-RP14-04,,RP14,PACKAGE_COMPLETION,OWNED_ISOLATED_RUNTIME_OR_TARGET_ENV,感染拒绝源确为scan policy而非无效认证；允许成员对干净文件成功，原文/下载别名均覆盖。,exact baseline+approved scope+owned fixture/auth success preconditions+command/exit/log+actual DB/IDB/file state+cleanup; document gates use attributable static review/approval artifacts,PASS,RP14-T01,,,PROPOSED_ACCEPTANCE,Applicable conditional gates only; no execution authorization granted; before negative tests prove authorized success fixture and current candidate,Rejected operation: no unapproved durable changes; failed run retains recoverable copy/last safe state; rollback or containment must match current schema/protocol,PACKAGES.json/RP14/acceptanceCases/4,,execution/final-regression-2026-10-02/RP14/rp14-infected-file-read/attempt-01/integration-suite.log; execution/RP14/RP14-T01/runs/2026-10-02-followup-validation/evidence/source-hash.json,UNASSIGNED,[],APPLICABLE_ACTIVATED_SCOPE_ONLY,DRAFT_NOT_APPROVED,HEAD 138cf2da1b63195cef7e884f69bdf8ded6ed3c21; final worktree file SHA-256 in execution/RP14/RP14-T01/runs/2026-10-02-followup-validation/evidence/source-hash.json,LOCAL_SCOPED_EVIDENCE_SEE_REFERENCED_LIMITS
PAC-RP15-01,,RP15,PACKAGE_COMPLETION,OWNED_ISOLATED_RUNTIME_OR_TARGET_ENV,RP05 guard阻断新跨项目边；异常盘点有人签收，归零或显式隔离后才validate。,exact baseline+approved scope+owned fixture/auth success preconditions+command/exit/log+actual DB/IDB/file state+cleanup; document gates use attributable static review/approval artifacts,ENV_BLOCKED,RP15-T01;RP15-T02,D-S01-08;T-RP-11,S04-OI-01;D-S01-08,PENDING_DECISION,Applicable conditional gates only; no execution authorization granted; before negative tests prove authorized success fixture and current candidate,Rejected operation: no unapproved durable changes; failed run retains recoverable copy/last safe state; rollback or containment must match current schema/protocol,PACKAGES.json/RP15/acceptanceCases/1,,execution/RP15/RP15-T01/acceptance.json#PAC-RP15-01,UNASSIGNED,"[{""taskId"":""RP15-T01"",""ref"":""S04-OI-01"",""before"":""VALIDATION"",""condition"":""always""},{""taskId"":""RP15-T02"",""ref"":""D-S01-08"",""before"":""IMPLEMENTATION"",""condition"":""always""},{""taskId"":""RP15-T02"",""ref"":""T-RP-11"",""before"":""IMPLEMENTATION"",""condition"":""always""}]",APPLICABLE_ACTIVATED_SCOPE_ONLY,DRAFT_NOT_APPROVED,TO_BE_RECORDED_ON_EXECUTION,PLANNED_ONLY_NOT_EVIDENCE
PAC-RP15-02,,RP15,PACKAGE_COMPLETION,OWNED_ISOLATED_RUNTIME_OR_TARGET_ENV,复合约束reject跨项目关系，合法树/phase/dependency继续工作。,exact baseline+approved scope+owned fixture/auth success preconditions+command/exit/log+actual DB/IDB/file state+cleanup; document gates use attributable static review/approval artifacts,NOT_RUN,RP15-T03,D-S01-08;T-RP-11,D-S01-08,PENDING_DECISION,Applicable conditional gates only; no execution authorization granted; before negative tests prove authorized success fixture and current candidate,Rejected operation: no unapproved durable changes; failed run retains recoverable copy/last safe state; rollback or containment must match current schema/protocol,PACKAGES.json/RP15/acceptanceCases/2,,,UNASSIGNED,"[{""taskId"":""RP15-T03"",""ref"":""D-S01-08"",""before"":""IMPLEMENTATION"",""condition"":""always""},{""taskId"":""RP15-T03"",""ref"":""T-RP-11"",""before"":""VALIDATION"",""condition"":""always""}]",APPLICABLE_ACTIVATED_SCOPE_ONLY,DRAFT_NOT_APPROVED,TO_BE_RECORDED_ON_EXECUTION,PLANNED_ONLY_NOT_EVIDENCE
PAC-RP15-03,,RP15,PACKAGE_COMPLETION,OWNED_ISOLATED_RUNTIME_OR_TARGET_ENV,迁移锁/耗时与cancel在获准预算内；rollback不删除未授权任务。,exact baseline+approved scope+owned fixture/auth success preconditions+command/exit/log+actual DB/IDB/file state+cleanup; document gates use attributable static review/approval artifacts,NOT_RUN,RP15-T03,D-S01-08;T-RP-11,D-S01-08,PENDING_DECISION,Applicable conditional gates only; no execution authorization granted; before negative tests prove authorized success fixture and current candidate,Rejected operation: no unapproved durable changes; failed run retains recoverable copy/last safe state; rollback or containment must match current schema/protocol,PACKAGES.json/RP15/acceptanceCases/3,,,UNASSIGNED,"[{""taskId"":""RP15-T03"",""ref"":""D-S01-08"",""before"":""IMPLEMENTATION"",""condition"":""always""},{""taskId"":""RP15-T03"",""ref"":""T-RP-11"",""before"":""VALIDATION"",""condition"":""always""}]",APPLICABLE_ACTIVATED_SCOPE_ONLY,DRAFT_NOT_APPROVED,TO_BE_RECORDED_ON_EXECUTION,PLANNED_ONLY_NOT_EVIDENCE
PAC-RP15-04,,RP15,PACKAGE_COMPLETION,OWNED_ISOLATED_RUNTIME_OR_TARGET_ENV,RP15自身异常inventory/补偿/locks/constraint cases进入matrix；超预算时停止而不写假PASS。,exact baseline+approved scope+owned fixture/auth success preconditions+command/exit/log+actual DB/IDB/file state+cleanup; document gates use attributable static review/approval artifacts,ENV_BLOCKED,RP15-T01;RP15-T02;RP15-T03,D-S01-08;T-RP-11,S04-OI-01;D-S01-08,PENDING_DECISION,Applicable conditional gates only; no execution authorization granted; before negative tests prove authorized success fixture and current candidate,Rejected operation: no unapproved durable changes; failed run retains recoverable copy/last safe state; rollback or containment must match current schema/protocol,PACKAGES.json/RP15/acceptanceCases/4,,execution/RP15/RP15-T01/acceptance.json#PAC-RP15-04,UNASSIGNED,"[{""taskId"":""RP15-T01"",""ref"":""S04-OI-01"",""before"":""VALIDATION"",""condition"":""always""},{""taskId"":""RP15-T02"",""ref"":""D-S01-08"",""before"":""IMPLEMENTATION"",""condition"":""always""},{""taskId"":""RP15-T02"",""ref"":""T-RP-11"",""before"":""IMPLEMENTATION"",""condition"":""always""},{""taskId"":""RP15-T03"",""ref"":""D-S01-08"",""before"":""IMPLEMENTATION"",""condition"":""always""},{""taskId"":""RP15-T03"",""ref"":""T-RP-11"",""before"":""VALIDATION"",""condition"":""always""}]",APPLICABLE_ACTIVATED_SCOPE_ONLY,DRAFT_NOT_APPROVED,TO_BE_RECORDED_ON_EXECUTION,PLANNED_ONLY_NOT_EVIDENCE
PAC-RP16-01,,RP16,PACKAGE_COMPLETION,OWNED_ISOLATED_RUNTIME_OR_TARGET_ENV,重复username等单列与复合unique、非空/可空FK、500/501边界均显式拒绝或完整核对。,exact baseline+approved scope+owned fixture/auth success preconditions+command/exit/log+actual DB/IDB/file state+cleanup; document gates use attributable static review/approval artifacts,PASS,RP16-T01;RP16-T02,T-RP-06,S05-OI-03,PENDING_DECISION,Applicable conditional gates only; no execution authorization granted; before negative tests prove authorized success fixture and current candidate,Rejected operation: no unapproved durable changes; failed run retains recoverable copy/last safe state; rollback or containment must match current schema/protocol,PACKAGES.json/RP16/acceptanceCases/1,,execution/RP16/RP16-T02/runs/2026-10-06-continuous-remediation-01/acceptance.json,Codex single executor,"[{""taskId"":""RP16-T01"",""ref"":""T-RP-06"",""before"":""IMPLEMENTATION"",""condition"":""always""},{""taskId"":""RP16-T02"",""ref"":""T-RP-06"",""before"":""IMPLEMENTATION"",""condition"":""always""},{""taskId"":""RP16-T02"",""ref"":""S05-OI-03"",""before"":""VALIDATION"",""condition"":""always""}]",APPLICABLE_ACTIVATED_SCOPE_ONLY,DRAFT_NOT_APPROVED,Current dirty-worktree hashes: execution/RP16/RP16-T02/runs/2026-10-06-continuous-remediation-01/evidence/source-hashes.json,CURRENT_LOCAL_OWNED_RUNTIME
PAC-RP16-02,,RP16,PACKAGE_COMPLETION,OWNED_ISOLATED_RUNTIME_OR_TARGET_ENV,reported行数等于事务后DBeffect，各表总数/关系可核对。,exact baseline+approved scope+owned fixture/auth success preconditions+command/exit/log+actual DB/IDB/file state+cleanup; document gates use attributable static review/approval artifacts,PASS,RP16-T02,T-RP-06,S05-OI-03,PENDING_DECISION,Applicable conditional gates only; no execution authorization granted; before negative tests prove authorized success fixture and current candidate,Rejected operation: no unapproved durable changes; failed run retains recoverable copy/last safe state; rollback or containment must match current schema/protocol,PACKAGES.json/RP16/acceptanceCases/2,,execution/RP16/RP16-T02/runs/2026-10-06-continuous-remediation-01/acceptance.json,Codex single executor,"[{""taskId"":""RP16-T02"",""ref"":""T-RP-06"",""before"":""IMPLEMENTATION"",""condition"":""always""},{""taskId"":""RP16-T02"",""ref"":""S05-OI-03"",""before"":""VALIDATION"",""condition"":""always""}]",APPLICABLE_ACTIVATED_SCOPE_ONLY,DRAFT_NOT_APPROVED,Current dirty-worktree hashes: execution/RP16/RP16-T02/runs/2026-10-06-continuous-remediation-01/evidence/source-hashes.json,CURRENT_LOCAL_OWNED_RUNTIME
PAC-RP16-03,,RP16,PACKAGE_COMPLETION,OWNED_ISOLATED_RUNTIME_OR_TARGET_ENV,preview/apply并发变化不导致静默丢行；失败全回滚。,exact baseline+approved scope+owned fixture/auth success preconditions+command/exit/log+actual DB/IDB/file state+cleanup; document gates use attributable static review/approval artifacts,PASS,RP16-T02,T-RP-06,S05-OI-03,PENDING_DECISION,Applicable conditional gates only; no execution authorization granted; before negative tests prove authorized success fixture and current candidate,Rejected operation: no unapproved durable changes; failed run retains recoverable copy/last safe state; rollback or containment must match current schema/protocol,PACKAGES.json/RP16/acceptanceCases/3,,execution/RP16/RP16-T02/runs/2026-10-06-continuous-remediation-01/acceptance.json,Codex single executor,"[{""taskId"":""RP16-T02"",""ref"":""T-RP-06"",""before"":""IMPLEMENTATION"",""condition"":""always""},{""taskId"":""RP16-T02"",""ref"":""S05-OI-03"",""before"":""VALIDATION"",""condition"":""always""}]",APPLICABLE_ACTIVATED_SCOPE_ONLY,DRAFT_NOT_APPROVED,Current dirty-worktree hashes: execution/RP16/RP16-T02/runs/2026-10-06-continuous-remediation-01/evidence/source-hashes.json,CURRENT_LOCAL_OWNED_RUNTIME
PAC-RP16-04,,RP16,PACKAGE_COMPLETION,OWNED_ISOLATED_RUNTIME_OR_TARGET_ENV,不宣称恢复未包含的phase/file模块或二进制。,exact baseline+approved scope+owned fixture/auth success preconditions+command/exit/log+actual DB/IDB/file state+cleanup; document gates use attributable static review/approval artifacts,PASS,RP16-T01,T-RP-06,,PENDING_DECISION,Applicable conditional gates only; no execution authorization granted; before negative tests prove authorized success fixture and current candidate,Rejected operation: no unapproved durable changes; failed run retains recoverable copy/last safe state; rollback or containment must match current schema/protocol,PACKAGES.json/RP16/acceptanceCases/4,,execution/RP16/RP16-T01/runs/2026-10-06-continuous-remediation-01/acceptance.json,Codex single executor,"[{""taskId"":""RP16-T01"",""ref"":""T-RP-06"",""before"":""IMPLEMENTATION"",""condition"":""always""}]",APPLICABLE_ACTIVATED_SCOPE_ONLY,DRAFT_NOT_APPROVED,Current dirty-worktree hashes: execution/RP16/RP16-T01/runs/2026-10-06-continuous-remediation-01/evidence/source-hashes.json,CURRENT_LOCAL_OWNED_RUNTIME
PAC-RP16-05,,RP16,PACKAGE_COMPLETION,OWNED_ISOLATED_RUNTIME_OR_TARGET_ENV,恢复旧备份不能无意复活已撤销凭据或重放旧key；旧cursor明确reset；提交后核查故障进入可观察未验收状态。,exact baseline+approved scope+owned fixture/auth success preconditions+command/exit/log+actual DB/IDB/file state+cleanup; document gates use attributable static review/approval artifacts,PASS,RP16-T03,T-RP-10,,PENDING_DECISION,Applicable conditional gates only; no execution authorization granted; before negative tests prove authorized success fixture and current candidate,Rejected operation: no unapproved durable changes; failed run retains recoverable copy/last safe state; rollback or containment must match current schema/protocol,PACKAGES.json/RP16/acceptanceCases/5,,execution/RP16/RP16-T03/runs/2026-10-06-continuous-remediation-01/acceptance.json,Codex single executor,"[{""taskId"":""RP16-T03"",""ref"":""T-RP-10"",""before"":""IMPLEMENTATION"",""condition"":""always""}]",APPLICABLE_ACTIVATED_SCOPE_ONLY,DRAFT_NOT_APPROVED,Current dirty-worktree hashes: execution/RP16/RP16-T03/runs/2026-10-06-continuous-remediation-01/evidence/source-hashes.json,CURRENT_LOCAL_OWNED_RUNTIME
PAC-RP17-01,,RP17,PACKAGE_COMPLETION,OWNED_ISOLATED_RUNTIME_OR_TARGET_ENV,两轮及失败中断后第一轮manifest/字节保持；第二轮完整才推进latest。,exact baseline+approved scope+owned fixture/auth success preconditions+command/exit/log+actual DB/IDB/file state+cleanup; document gates use attributable static review/approval artifacts,PASS,RP17-T01,,,PROPOSED_ACCEPTANCE,Applicable conditional gates only; no execution authorization granted; before negative tests prove authorized success fixture and current candidate,Rejected operation: no unapproved durable changes; failed run retains recoverable copy/last safe state; rollback or containment must match current schema/protocol,PACKAGES.json/RP17/acceptanceCases/1,,execution/RP17/RP17-T01/acceptance.json#PAC-RP17-01,UNASSIGNED,[],APPLICABLE_ACTIVATED_SCOPE_ONLY,DRAFT_NOT_APPROVED,TO_BE_RECORDED_ON_EXECUTION,LOCAL_SCOPED_EVIDENCE_SEE_REFERENCED_LIMITS
PAC-RP17-02,,RP17,PACKAGE_COMPLETION,OWNED_ISOLATED_RUNTIME_OR_TARGET_ENV,快照是实际目录，latest指向完整published位置，错误目录/权限/rsync失败不影响首份。,exact baseline+approved scope+owned fixture/auth success preconditions+command/exit/log+actual DB/IDB/file state+cleanup; document gates use attributable static review/approval artifacts,ENV_BLOCKED,RP17-T01,,,PROPOSED_ACCEPTANCE,Applicable conditional gates only; no execution authorization granted; before negative tests prove authorized success fixture and current candidate,Rejected operation: no unapproved durable changes; failed run retains recoverable copy/last safe state; rollback or containment must match current schema/protocol,PACKAGES.json/RP17/acceptanceCases/2,,execution/RP17/RP17-T01/acceptance.json#PAC-RP17-02,UNASSIGNED,[],APPLICABLE_ACTIVATED_SCOPE_ONLY,DRAFT_NOT_APPROVED,TO_BE_RECORDED_ON_EXECUTION,PLANNED_ONLY_NOT_EVIDENCE
PAC-RP17-03,,RP17,PACKAGE_COMPLETION,OWNED_ISOLATED_RUNTIME_OR_TARGET_ENV,dump文件可读性/hash不替代配对恢复一致性，RP19另外验收。,exact baseline+approved scope+owned fixture/auth success preconditions+command/exit/log+actual DB/IDB/file state+cleanup; document gates use attributable static review/approval artifacts,ENV_BLOCKED,RP17-T03,,S05-OI-01,PROPOSED_ACCEPTANCE,Applicable conditional gates only; no execution authorization granted; before negative tests prove authorized success fixture and current candidate,Rejected operation: no unapproved durable changes; failed run retains recoverable copy/last safe state; rollback or containment must match current schema/protocol,PACKAGES.json/RP17/acceptanceCases/3,,execution/RP17/RP17-T03/runs/2026-10-06-continuous-remediation-01/acceptance.json,Codex single executor,"[{""taskId"":""RP17-T03"",""ref"":""S05-OI-01"",""before"":""VALIDATION"",""condition"":""always""}]",APPLICABLE_ACTIVATED_SCOPE_ONLY,DRAFT_NOT_APPROVED,TO_BE_RECORDED_ON_EXECUTION,CURRENT_LOCAL_RUNTIME_LIMIT
PAC-RP17-04,,RP17,PACKAGE_COMPLETION,OWNED_ISOLATED_RUNTIME_OR_TARGET_ENV,并发两轮、同timestamp碰撞、cleanup与backup交错、文件metadata改变/发布失败不污染已确认旧快照。,exact baseline+approved scope+owned fixture/auth success preconditions+command/exit/log+actual DB/IDB/file state+cleanup; document gates use attributable static review/approval artifacts,ENV_BLOCKED,RP17-T02;RP17-T03,T-RP-11,S05-OI-01,PENDING_DECISION,Applicable conditional gates only; no execution authorization granted; before negative tests prove authorized success fixture and current candidate,Rejected operation: no unapproved durable changes; failed run retains recoverable copy/last safe state; rollback or containment must match current schema/protocol,PACKAGES.json/RP17/acceptanceCases/4,,execution/RP17/RP17-T03/runs/2026-10-06-continuous-remediation-01/acceptance.json,Codex single executor,"[{""taskId"":""RP17-T02"",""ref"":""T-RP-11"",""before"":""IMPLEMENTATION"",""condition"":""always""},{""taskId"":""RP17-T03"",""ref"":""S05-OI-01"",""before"":""VALIDATION"",""condition"":""always""}]",APPLICABLE_ACTIVATED_SCOPE_ONLY,DRAFT_NOT_APPROVED,TO_BE_RECORDED_ON_EXECUTION,CURRENT_LOCAL_RUNTIME_LIMIT
PAC-RP18-01,,RP18,PACKAGE_COMPLETION,OWNED_ISOLATED_RUNTIME_OR_TARGET_ENV,仅candidate有合同缺陷时current仍健康，失败阻断在migration前。,exact baseline+approved scope+owned fixture/auth success preconditions+command/exit/log+actual DB/IDB/file state+cleanup; document gates use attributable static review/approval artifacts,PASS,RP18-T01,T-RP-08;T-RP-09,,PENDING_DECISION,Applicable conditional gates only; no execution authorization granted; before negative tests prove authorized success fixture and current candidate,Rejected operation: no unapproved durable changes; failed run retains recoverable copy/last safe state; rollback or containment must match current schema/protocol,PACKAGES.json/RP18/acceptanceCases/1,,execution/RP18/RP18-T01/runs/2026-10-06-continuous-remediation-01/acceptance.json,Codex single executor,"[{""taskId"":""RP18-T01"",""ref"":""T-RP-08"",""before"":""IMPLEMENTATION"",""condition"":""always""},{""taskId"":""RP18-T01"",""ref"":""T-RP-09"",""before"":""IMPLEMENTATION"",""condition"":""always""}]",APPLICABLE_ACTIVATED_SCOPE_ONLY,DRAFT_NOT_APPROVED,Current dirty-worktree hashes: execution/RP18/RP18-T01/runs/2026-10-06-continuous-remediation-01/evidence/source-hashes.json,CURRENT_LOCAL_OWNED_RUNTIME
PAC-RP18-02,,RP18,PACKAGE_COMPLETION,OWNED_ISOLATED_RUNTIME_OR_TARGET_ENV,只配置文档变量时有效CORS行为符合合同，非法生产配置同样被preflight/app拒绝。,exact baseline+approved scope+owned fixture/auth success preconditions+command/exit/log+actual DB/IDB/file state+cleanup; document gates use attributable static review/approval artifacts,PASS,RP18-T01;RP18-T03,T-RP-08;T-RP-09,S05-OI-04,PENDING_DECISION,Applicable conditional gates only; no execution authorization granted; before negative tests prove authorized success fixture and current candidate,Rejected operation: no unapproved durable changes; failed run retains recoverable copy/last safe state; rollback or containment must match current schema/protocol,PACKAGES.json/RP18/acceptanceCases/2,,execution/RP18/RP18-T01/runs/2026-10-06-continuous-remediation-01/acceptance.json,Codex single executor,"[{""taskId"":""RP18-T01"",""ref"":""T-RP-08"",""before"":""IMPLEMENTATION"",""condition"":""always""},{""taskId"":""RP18-T01"",""ref"":""T-RP-09"",""before"":""IMPLEMENTATION"",""condition"":""always""},{""taskId"":""RP18-T03"",""ref"":""S05-OI-04"",""before"":""VALIDATION"",""condition"":""always""},{""taskId"":""RP18-T03"",""ref"":""T-RP-08"",""before"":""IMPLEMENTATION"",""condition"":""always""}]",APPLICABLE_ACTIVATED_SCOPE_ONLY,DRAFT_NOT_APPROVED,Current dirty-worktree hashes: execution/RP18/RP18-T01/runs/2026-10-06-continuous-remediation-01/evidence/source-hashes.json,CURRENT_LOCAL_OWNED_RUNTIME
PAC-RP18-03,,RP18,PACKAGE_COMPLETION,OWNED_ISOLATED_RUNTIME_OR_TARGET_ENV,部署健康/ready/smoke同build fingerprint；受控失败退出状态清晰。,exact baseline+approved scope+owned fixture/auth success preconditions+command/exit/log+actual DB/IDB/file state+cleanup; document gates use attributable static review/approval artifacts,ENV_BLOCKED,RP18-T02;RP18-T03,T-RP-13;T-RP-08,S05-OI-05;S05-OI-04,PENDING_DECISION,Applicable conditional gates only; no execution authorization granted; before negative tests prove authorized success fixture and current candidate,Rejected operation: no unapproved durable changes; failed run retains recoverable copy/last safe state; rollback or containment must match current schema/protocol,PACKAGES.json/RP18/acceptanceCases/3,,execution/RP18/RP18-T03/runs/2026-10-06-continuous-remediation-01/acceptance.json,Codex single executor,"[{""taskId"":""RP18-T02"",""ref"":""T-RP-13"",""before"":""IMPLEMENTATION"",""condition"":""always""},{""taskId"":""RP18-T02"",""ref"":""S05-OI-05"",""before"":""RELEASE"",""condition"":""always""},{""taskId"":""RP18-T03"",""ref"":""S05-OI-04"",""before"":""VALIDATION"",""condition"":""always""},{""taskId"":""RP18-T03"",""ref"":""T-RP-08"",""before"":""IMPLEMENTATION"",""condition"":""always""}]",APPLICABLE_ACTIVATED_SCOPE_ONLY,DRAFT_NOT_APPROVED,TO_BE_RECORDED_ON_EXECUTION,CURRENT_LOCAL_RUNTIME_LIMIT
PAC-RP18-04,,RP18,PACKAGE_COMPLETION,OWNED_ISOLATED_RUNTIME_OR_TARGET_ENV,release/app×schema矩阵含回退版本，不知兼容时禁止切流。,exact baseline+approved scope+owned fixture/auth success preconditions+command/exit/log+actual DB/IDB/file state+cleanup; document gates use attributable static review/approval artifacts,ENV_BLOCKED,RP18-T02;RP18-T03,T-RP-13;T-RP-08,S05-OI-05;S05-OI-04,PENDING_DECISION,Applicable conditional gates only; no execution authorization granted; before negative tests prove authorized success fixture and current candidate,Rejected operation: no unapproved durable changes; failed run retains recoverable copy/last safe state; rollback or containment must match current schema/protocol,PACKAGES.json/RP18/acceptanceCases/4,,execution/RP18/RP18-T02/runs/2026-10-06-continuous-remediation-01/acceptance.json,Codex single executor,"[{""taskId"":""RP18-T02"",""ref"":""T-RP-13"",""before"":""IMPLEMENTATION"",""condition"":""always""},{""taskId"":""RP18-T02"",""ref"":""S05-OI-05"",""before"":""RELEASE"",""condition"":""always""},{""taskId"":""RP18-T03"",""ref"":""S05-OI-04"",""before"":""VALIDATION"",""condition"":""always""},{""taskId"":""RP18-T03"",""ref"":""T-RP-08"",""before"":""IMPLEMENTATION"",""condition"":""always""}]",APPLICABLE_ACTIVATED_SCOPE_ONLY,DRAFT_NOT_APPROVED,TO_BE_RECORDED_ON_EXECUTION,CURRENT_LOCAL_RUNTIME_LIMIT
PAC-RP18-05,,RP18,PACKAGE_COMPLETION,OWNED_ISOLATED_RUNTIME_OR_TARGET_ENV,candidate build失败不执行DDL；两个deploy竞争一个candidate胜者；切流/重启/readiness失败按明确安全目标恢复或进入获准维护。,exact baseline+approved scope+owned fixture/auth success preconditions+command/exit/log+actual DB/IDB/file state+cleanup; document gates use attributable static review/approval artifacts,ENV_BLOCKED,RP18-T01;RP18-T02,T-RP-08;T-RP-09;T-RP-13,S05-OI-05,PENDING_DECISION,Applicable conditional gates only; no execution authorization granted; before negative tests prove authorized success fixture and current candidate,Rejected operation: no unapproved durable changes; failed run retains recoverable copy/last safe state; rollback or containment must match current schema/protocol,PACKAGES.json/RP18/acceptanceCases/5,,execution/RP18/RP18-T02/runs/2026-10-06-continuous-remediation-01/acceptance.json,Codex single executor,"[{""taskId"":""RP18-T01"",""ref"":""T-RP-08"",""before"":""IMPLEMENTATION"",""condition"":""always""},{""taskId"":""RP18-T01"",""ref"":""T-RP-09"",""before"":""IMPLEMENTATION"",""condition"":""always""},{""taskId"":""RP18-T02"",""ref"":""T-RP-13"",""before"":""IMPLEMENTATION"",""condition"":""always""},{""taskId"":""RP18-T02"",""ref"":""S05-OI-05"",""before"":""RELEASE"",""condition"":""always""}]",APPLICABLE_ACTIVATED_SCOPE_ONLY,DRAFT_NOT_APPROVED,TO_BE_RECORDED_ON_EXECUTION,CURRENT_LOCAL_RUNTIME_LIMIT
PAC-RP19-01,,RP19,PACKAGE_COMPLETION,OWNED_ISOLATED_RUNTIME_OR_TARGET_ENV,R12-N01有SUPPORTED/反证/继续PENDING的证据理由，不能未经补证改confirmed计数。,exact baseline+approved scope+owned fixture/auth success preconditions+command/exit/log+actual DB/IDB/file state+cleanup; document gates use attributable static review/approval artifacts,ENV_BLOCKED,RP19-T01,,S05-OI-02,PROPOSED_ACCEPTANCE,Applicable conditional gates only; no execution authorization granted; before negative tests prove authorized success fixture and current candidate,Rejected operation: no unapproved durable changes; failed run retains recoverable copy/last safe state; rollback or containment must match current schema/protocol,PACKAGES.json/RP19/acceptanceCases/1,,execution/RP19/RP19-T01/acceptance.json,UNASSIGNED,"[{""taskId"":""RP19-T01"",""ref"":""S05-OI-02"",""before"":""VALIDATION"",""condition"":""always""}]",APPLICABLE_ACTIVATED_SCOPE_ONLY,DRAFT_NOT_APPROVED,TO_BE_RECORDED_ON_EXECUTION,PLANNED_ONLY_NOT_EVIDENCE
PAC-RP19-02,,RP19,PACKAGE_COMPLETION,OWNED_ISOLATED_RUNTIME_OR_TARGET_ENV,paired restore在控制写入条件下完整，错对/hash mismatch明确失败。,exact baseline+approved scope+owned fixture/auth success preconditions+command/exit/log+actual DB/IDB/file state+cleanup; document gates use attributable static review/approval artifacts,PASS,RP19-T02,T-RP-10,S05-OI-02,PENDING_DECISION,Applicable conditional gates only; no execution authorization granted; before negative tests prove authorized success fixture and current candidate,Rejected operation: no unapproved durable changes; failed run retains recoverable copy/last safe state; rollback or containment must match current schema/protocol,PACKAGES.json/RP19/acceptanceCases/2,,execution/RP19/RP19-T02/runs/2026-10-06-continuous-remediation-01/acceptance.json,Codex single executor,"[{""taskId"":""RP19-T02"",""ref"":""T-RP-10"",""before"":""IMPLEMENTATION"",""condition"":""always""},{""taskId"":""RP19-T02"",""ref"":""S05-OI-02"",""before"":""VALIDATION"",""condition"":""always""}]",APPLICABLE_ACTIVATED_SCOPE_ONLY,DRAFT_NOT_APPROVED,Current dirty-worktree hashes: execution/RP19/RP19-T02/runs/2026-10-06-continuous-remediation-01/evidence/source-hashes.json,CURRENT_LOCAL_OWNED_RUNTIME
PAC-RP19-03,,RP19,PACKAGE_COMPLETION,OWNED_ISOLATED_RUNTIME_OR_TARGET_ENV,隔离回退到前一兼容且安全的release并证明build/数据协议一致；无安全旧版本时按批准维护/停止写入/功能关闭方案保全恢复点，恢复时间有实测证据。,exact baseline+approved scope+owned fixture/auth success preconditions+command/exit/log+actual DB/IDB/file state+cleanup; document gates use attributable static review/approval artifacts,ENV_BLOCKED,RP19-T03,T-RP-13,S05-OI-04;S05-OI-05,PENDING_DECISION,Applicable conditional gates only; no execution authorization granted; before negative tests prove authorized success fixture and current candidate,Rejected operation: no unapproved durable changes; failed run retains recoverable copy/last safe state; rollback or containment must match current schema/protocol,PACKAGES.json/RP19/acceptanceCases/3,,execution/RP19/RP19-T03/runs/2026-10-06-continuous-remediation-01/acceptance.json,Codex single executor,"[{""taskId"":""RP19-T03"",""ref"":""S05-OI-04"",""before"":""RELEASE"",""condition"":""always""},{""taskId"":""RP19-T03"",""ref"":""S05-OI-05"",""before"":""RELEASE"",""condition"":""always""},{""taskId"":""RP19-T03"",""ref"":""T-RP-13"",""before"":""IMPLEMENTATION"",""condition"":""always""}]",APPLICABLE_ACTIVATED_SCOPE_ONLY,DRAFT_NOT_APPROVED,TO_BE_RECORDED_ON_EXECUTION,CURRENT_LOCAL_RUNTIME_LIMIT
PAC-RP19-04,,RP19,PACKAGE_COMPLETION,OWNED_ISOLATED_RUNTIME_OR_TARGET_ENV,总体处置对账全部32条确认发现（16 P1、16 P2）及1候选；修复验收与明确残余风险接受分别记录，NOT_RUN/ENV_BLOCKED不算通过，candidate发布仍按实际范围裁定。,exact baseline+approved scope+owned fixture/auth success preconditions+command/exit/log+actual DB/IDB/file state+cleanup; document gates use attributable static review/approval artifacts,ENV_BLOCKED,RP19-T04,,,PROPOSED_ACCEPTANCE,Applicable conditional gates only; no execution authorization granted; before negative tests prove authorized success fixture and current candidate,Rejected operation: no unapproved durable changes; failed run retains recoverable copy/last safe state; rollback or containment must match current schema/protocol,PACKAGES.json/RP19/acceptanceCases/4,,execution/RP19/RP19-T04/runs/2026-10-06-continuous-remediation-01/acceptance.json,Codex single executor,[],APPLICABLE_ACTIVATED_SCOPE_ONLY,DRAFT_NOT_APPROVED,TO_BE_RECORDED_ON_EXECUTION,CURRENT_LOCAL_RUNTIME_LIMIT
PAC-RP19-05,,RP19,PACKAGE_COMPLETION,OWNED_ISOLATED_RUNTIME_OR_TARGET_ENV,每个candidate的scope/gate/rollback/epoch/backups/阈值清单完整；候选结果与confirmed数不混淆。,exact baseline+approved scope+owned fixture/auth success preconditions+command/exit/log+actual DB/IDB/file state+cleanup; document gates use attributable static review/approval artifacts,ENV_BLOCKED,RP19-T03,T-RP-13,S05-OI-04;S05-OI-05,PENDING_DECISION,Applicable conditional gates only; no execution authorization granted; before negative tests prove authorized success fixture and current candidate,Rejected operation: no unapproved durable changes; failed run retains recoverable copy/last safe state; rollback or containment must match current schema/protocol,PACKAGES.json/RP19/acceptanceCases/5,,execution/RP19/RP19-T03/runs/2026-10-06-continuous-remediation-01/acceptance.json,Codex single executor,"[{""taskId"":""RP19-T03"",""ref"":""S05-OI-04"",""before"":""RELEASE"",""condition"":""always""},{""taskId"":""RP19-T03"",""ref"":""S05-OI-05"",""before"":""RELEASE"",""condition"":""always""},{""taskId"":""RP19-T03"",""ref"":""T-RP-13"",""before"":""IMPLEMENTATION"",""condition"":""always""}]",APPLICABLE_ACTIVATED_SCOPE_ONLY,DRAFT_NOT_APPROVED,TO_BE_RECORDED_ON_EXECUTION,CURRENT_LOCAL_RUNTIME_LIMIT
TASK-RP00-T01,,RP00,SUBTASK_DELIVERY,STATIC_ARTIFACT,基线/逐包范围/合成隔离及合法前提登记：baseline/env-ownership/actor-and-fixture precondition manifest; no automatic business execution；本任务和适用合同完成且证据通过；条件任务未获准不激活。,exact baseline+approved scope+owned fixture/auth success preconditions+command/exit/log+actual DB/IDB/file state+cleanup; document gates use attributable static review/approval artifacts,PASS,RP00-T01,,S00-OI-01,PROPOSED_ACCEPTANCE,Applicable conditional gates only; no execution authorization granted; before negative tests prove authorized success fixture and current candidate,Rejected operation: no unapproved durable changes; failed run retains recoverable copy/last safe state; rollback or containment must match current schema/protocol,TASK_GRAPH.json/RP00-T01,,execution/RP00/RP00-T01/acceptance.json,Codex executor,"[{""taskId"":""RP00-T01"",""ref"":""S00-OI-01"",""before"":""VALIDATION"",""condition"":""archive disposition only; missing historic startHead does not block any business task""}]",APPLICABLE_ACTIVATED_SCOPE_ONLY,DRAFT_NOT_APPROVED,HEAD 138cf2da1b63195cef7e884f69bdf8ded6ed3c21,LOCAL_SCOPED_EVIDENCE_SEE_REFERENCED_LIMITS
TASK-RP00-T02,,RP00,SUBTASK_DELIVERY,STATIC_ARTIFACT,500恢复合同定向静态补审：failure-point to DB/receipt/outbox/retry matrix；本任务和适用合同完成且证据通过；条件任务未获准不激活。,exact baseline+approved scope+owned fixture/auth success preconditions+command/exit/log+actual DB/IDB/file state+cleanup; document gates use attributable static review/approval artifacts,PASS,RP00-T02,,S03-OI-03,PROPOSED_ACCEPTANCE,Applicable conditional gates only; no execution authorization granted; before negative tests prove authorized success fixture and current candidate,Rejected operation: no unapproved durable changes; failed run retains recoverable copy/last safe state; rollback or containment must match current schema/protocol,TASK_GRAPH.json/RP00-T02,,execution/RP00/RP00-T02/evidence/failure-point-matrix.json,Codex executor,"[{""taskId"":""RP00-T02"",""ref"":""S03-OI-03"",""before"":""VALIDATION"",""condition"":""always""}]",APPLICABLE_ACTIVATED_SCOPE_ONLY,EXECUTED_STATIC_EVIDENCE,138cf2da1b63195cef7e884f69bdf8ded6ed3c21,LOCAL_SCOPED_EVIDENCE_SEE_REFERENCED_LIMITS
TASK-RP00-T03,,RP00,SUBTASK_DELIVERY,STATIC_ARTIFACT,任务revision全支持端矩阵：client/DTO/route/command/field/status/assignee compatibility matrix；本任务和适用合同完成且证据通过；条件任务未获准不激活。,exact baseline+approved scope+owned fixture/auth success preconditions+command/exit/log+actual DB/IDB/file state+cleanup; document gates use attributable static review/approval artifacts,PASS,RP00-T03,,S03-OI-09,PROPOSED_ACCEPTANCE,Applicable conditional gates only; no execution authorization granted; before negative tests prove authorized success fixture and current candidate,Rejected operation: no unapproved durable changes; failed run retains recoverable copy/last safe state; rollback or containment must match current schema/protocol,TASK_GRAPH.json/RP00-T03,,execution/RP00/RP00-T03/evidence/revision-support-matrix.json,Codex executor,"[{""taskId"":""RP00-T03"",""ref"":""S03-OI-09"",""before"":""VALIDATION"",""condition"":""always""}]",APPLICABLE_ACTIVATED_SCOPE_ONLY,EXECUTED_STATIC_ARTIFACT_WITH_GATE_PENDING,138cf2da1b63195cef7e884f69bdf8ded6ed3c21,LOCAL_SCOPED_EVIDENCE_SEE_REFERENCED_LIMITS
TASK-RP00-T04,,RP00,SUBTASK_DELIVERY,STATIC_ARTIFACT,refresh/auth transport与generation合同：joint RP02/RP03 contract before either implementation; not completion of RP03；本任务和适用合同完成且证据通过；条件任务未获准不激活。,exact baseline+approved scope+owned fixture/auth success preconditions+command/exit/log+actual DB/IDB/file state+cleanup; document gates use attributable static review/approval artifacts,NOT_RUN,RP00-T04,T-RP-09,,PENDING_DECISION,Applicable conditional gates only; no execution authorization granted; before negative tests prove authorized success fixture and current candidate,Rejected operation: no unapproved durable changes; failed run retains recoverable copy/last safe state; rollback or containment must match current schema/protocol,TASK_GRAPH.json/RP00-T04,,execution/reviews/2026-10-02-post-continuous/evidence/result-normalization.json; execution/RP00/RP00-T04/acceptance.json; execution/RP00/RP00-T04/evidence/auth-generation-matrix.json,Codex executor,"[{""taskId"":""RP00-T04"",""ref"":""T-RP-09"",""before"":""VALIDATION"",""condition"":""always""}]",APPLICABLE_ACTIVATED_SCOPE_ONLY,DRAFT_NOT_APPROVED,TO_BE_RECORDED_ON_EXECUTION,LOCAL_PARTIAL_OBSERVATIONS_FULL_CASE_NOT_RUN
TASK-RP00-T05,,RP00,SUBTASK_DELIVERY,STATIC_ARTIFACT,目标预算/监控/候选范围准备：approved thresholds and rollback/target owner before release; not global block on drafting；本任务和适用合同完成且证据通过；条件任务未获准不激活。,exact baseline+approved scope+owned fixture/auth success preconditions+command/exit/log+actual DB/IDB/file state+cleanup; document gates use attributable static review/approval artifacts,NOT_RUN,RP00-T05,T-RP-11;T-RP-13,,PENDING_DECISION,Applicable conditional gates only; no execution authorization granted; before negative tests prove authorized success fixture and current candidate,Rejected operation: no unapproved durable changes; failed run retains recoverable copy/last safe state; rollback or containment must match current schema/protocol,TASK_GRAPH.json/RP00-T05,,execution/reviews/2026-10-02-post-continuous/evidence/result-normalization.json; execution/RP00/RP00-T05/acceptance.json; execution/RP00/RP00-T05/evidence/budget-monitoring-register.json,Codex executor,"[{""taskId"":""RP00-T05"",""ref"":""T-RP-11"",""before"":""VALIDATION"",""condition"":""always""},{""taskId"":""RP00-T05"",""ref"":""T-RP-13"",""before"":""VALIDATION"",""condition"":""always""}]",APPLICABLE_ACTIVATED_SCOPE_ONLY,DRAFT_NOT_APPROVED,TO_BE_RECORDED_ON_EXECUTION,LOCAL_PARTIAL_OBSERVATIONS_FULL_CASE_NOT_RUN
TASK-RP01-T01,,RP01,SUBTASK_DELIVERY,OWNED_ISOLATED_RUNTIME_OR_TARGET_ENV,合法角色创建DTO：design/implementation/evidence per approved scope；本任务和适用合同完成且证据通过；条件任务未获准不激活。,exact baseline+approved scope+owned fixture/auth success preconditions+command/exit/log+actual DB/IDB/file state+cleanup; document gates use attributable static review/approval artifacts,PASS,RP01-T01,,,PROPOSED_ACCEPTANCE,Applicable conditional gates only; no execution authorization granted; before negative tests prove authorized success fixture and current candidate,Rejected operation: no unapproved durable changes; failed run retains recoverable copy/last safe state; rollback or containment must match current schema/protocol,TASK_GRAPH.json/RP01-T01,,../2026-10-05-luna-remaining-execution/implementation/2026-10-06-continuous-remediation-01/FOLLOWUP-COMPILED-ACCEPTANCE/acceptance.json,Codex single executor,[],APPLICABLE_ACTIVATED_SCOPE_ONLY,DRAFT_NOT_APPROVED,roles.js SHA256 5b60d6af2f9c196a8836b195d507ed57bdd8f8d2d29c5e30d6bb76af56703aa9; current allsourcebindings in b17 attempt04; targetNOT_RUN,CURRENT_COMPILED_NATIVE_HTTP_PG
TASK-RP01-T02,,RP01,SUBTASK_DELIVERY,OWNED_ISOLATED_RUNTIME_OR_TARGET_ENV,账号等级保护与强制改密：design/implementation/evidence per approved scope；本任务和适用合同完成且证据通过；条件任务未获准不激活。,exact baseline+approved scope+owned fixture/auth success preconditions+command/exit/log+actual DB/IDB/file state+cleanup; document gates use attributable static review/approval artifacts,PASS,RP01-T02,D-S01-01;D-S01-02,D-S01-01;D-S01-02,PENDING_DECISION,Applicable conditional gates only; no execution authorization granted; before negative tests prove authorized success fixture and current candidate,Rejected operation: no unapproved durable changes; failed run retains recoverable copy/last safe state; rollback or containment must match current schema/protocol,TASK_GRAPH.json/RP01-T02,,execution/RP01/RP01-T02/runs/2026-10-06-continuous-remediation-01/acceptance.json,Codex single executor,"[{""taskId"":""RP01-T02"",""ref"":""D-S01-01"",""before"":""IMPLEMENTATION"",""condition"":""always""},{""taskId"":""RP01-T02"",""ref"":""D-S01-02"",""before"":""IMPLEMENTATION"",""condition"":""only forced-password-change/business allowlist sub-scope; rank/reset protection uses D-S01-01 independently""}]",APPLICABLE_ACTIVATED_SCOPE_ONLY,DRAFT_NOT_APPROVED,Current dirty-worktree hashes: execution/RP01/RP01-T02/runs/2026-10-06-continuous-remediation-01/evidence/source-hashes.json,CURRENT_LOCAL_OWNED_RUNTIME
TASK-RP01-T03,,RP01,SUBTASK_DELIVERY,OWNED_ISOLATED_RUNTIME_OR_TARGET_ENV,自定义角色绑定扩展（仅获准需求）：design/implementation/evidence per approved scope；本任务和适用合同完成且证据通过；条件任务未获准不激活。,exact baseline+approved scope+owned fixture/auth success preconditions+command/exit/log+actual DB/IDB/file state+cleanup; document gates use attributable static review/approval artifacts,NOT_RUN,RP01-T03,D-S01-03,D-S01-03,PENDING_DECISION,Applicable conditional gates only; no execution authorization granted; before negative tests prove authorized success fixture and current candidate,Rejected operation: no unapproved durable changes; failed run retains recoverable copy/last safe state; rollback or containment must match current schema/protocol,TASK_GRAPH.json/RP01-T03,,execution/RP01/RP01-T01/runs/2026-10-02-continuous-rework/evidence/source-hash.json,UNASSIGNED,"[{""taskId"":""RP01-T03"",""ref"":""D-S01-03"",""before"":""IMPLEMENTATION"",""condition"":""always""}]",OPTIONAL_APPROVAL_REQUIRED,DRAFT_NOT_APPROVED,HEAD 138cf2da1b63195cef7e884f69bdf8ded6ed3c21; final worktree file SHA-256 in execution/RP01/RP01-T01/runs/2026-10-02-continuous-rework/evidence/source-hash.json,PLANNED_ONLY_NOT_EVIDENCE
TASK-RP02-T01,,RP02,SUBTASK_DELIVERY,OWNED_ISOLATED_RUNTIME_OR_TARGET_ENV,临时锁/管理员停用与真实TTL：design/implementation/evidence per approved scope；本任务和适用合同完成且证据通过；条件任务未获准不激活。,exact baseline+approved scope+owned fixture/auth success preconditions+command/exit/log+actual DB/IDB/file state+cleanup; document gates use attributable static review/approval artifacts,PASS,RP02-T01,,,PROPOSED_ACCEPTANCE,Applicable conditional gates only; no execution authorization granted; before negative tests prove authorized success fixture and current candidate,Rejected operation: no unapproved durable changes; failed run retains recoverable copy/last safe state; rollback or containment must match current schema/protocol,TASK_GRAPH.json/RP02-T01,,execution/RP02/RP02-T01/runs/2026-10-03-codebuddy-lr3-testonly/acceptance.json#TASK-RP02-T01 (12/12 test only; attempt-01; src:reports.js=1bcbef68fcf01cb3/reportCommands.ts=758cb5010beda8d5/sync.js=ad41610a6036f054/auth.js=8f736619a1526247); independent execution/reviews/2026-10-03-codebuddy-followup/validation-summary.json#TASK-RP02-T01,Codex executor,[],APPLICABLE_ACTIVATED_SCOPE_ONLY,DRAFT_NOT_APPROVED,HEAD 138cf2da1b63195cef7e884f69bdf8ded6ed3c21; exact current dirty-worktree hashes execution/reviews/2026-10-03-codebuddy-followup/evidence/start-baseline.json; local scope only,LOCAL_CURRENT_CODE_EXECUTOR_PLUS_INDEPENDENT_EVIDENCE_SEE_LIMITS
TASK-RP02-T02,,RP02,SUBTASK_DELIVERY,OWNED_ISOLATED_RUNTIME_OR_TARGET_ENV,refresh单次消费和family重放合同：design/implementation/evidence per approved scope；本任务和适用合同完成且证据通过；条件任务未获准不激活。,exact baseline+approved scope+owned fixture/auth success preconditions+command/exit/log+actual DB/IDB/file state+cleanup; document gates use attributable static review/approval artifacts,PASS,RP02-T02,T-RP-09,,PENDING_DECISION,Applicable conditional gates only; no execution authorization granted; before negative tests prove authorized success fixture and current candidate,Rejected operation: no unapproved durable changes; failed run retains recoverable copy/last safe state; rollback or containment must match current schema/protocol,TASK_GRAPH.json/RP02-T02,,execution/RP02/RP02-T02/runs/2026-10-05-auth-lineage-01/joint-validation/acceptance.json,Codex single executor,"[{""taskId"":""RP02-T02"",""ref"":""T-RP-09"",""before"":""IMPLEMENTATION"",""condition"":""always""}]",APPLICABLE_ACTIVATED_SCOPE_ONLY,DRAFT_NOT_APPROVED,execution/RP03/RP03-T01/runs/2026-10-05-auth-lineage-01/evidence/source-hashes.json,CURRENT_LOCAL_OWNED_RUNTIME
TASK-RP03-T01,,RP03,SUBTASK_DELIVERY,OWNED_ISOLATED_RUNTIME_OR_TARGET_ENV,跨tab/跨身份成功失败响应与原请求重放：design/implementation/evidence per approved scope；本任务和适用合同完成且证据通过；条件任务未获准不激活。,exact baseline+approved scope+owned fixture/auth success preconditions+command/exit/log+actual DB/IDB/file state+cleanup; document gates use attributable static review/approval artifacts,PASS,RP03-T01,T-RP-09,S02-OPEN-05,PENDING_DECISION,Applicable conditional gates only; no execution authorization granted; before negative tests prove authorized success fixture and current candidate,Rejected operation: no unapproved durable changes; failed run retains recoverable copy/last safe state; rollback or containment must match current schema/protocol,TASK_GRAPH.json/RP03-T01,,execution/RP03/RP03-T01/runs/2026-10-05-auth-lineage-01/acceptance.json,Codex single executor,"[{""taskId"":""RP03-T01"",""ref"":""T-RP-09"",""before"":""IMPLEMENTATION"",""condition"":""always""},{""taskId"":""RP03-T01"",""ref"":""S02-OPEN-05"",""before"":""VALIDATION"",""condition"":""always""}]",APPLICABLE_ACTIVATED_SCOPE_ONLY,DRAFT_NOT_APPROVED,Current dirty-worktree hashes: execution/RP03/RP03-T01/runs/2026-10-05-auth-lineage-01/evidence/source-hashes.json,CURRENT_LOCAL_OWNED_RUNTIME
TASK-RP03-T02,,RP03,SUBTASK_DELIVERY,OWNED_ISOLATED_RUNTIME_OR_TARGET_ENV,获准会话撤销/security version：design/implementation/evidence per approved scope；本任务和适用合同完成且证据通过；条件任务未获准不激活。,exact baseline+approved scope+owned fixture/auth success preconditions+command/exit/log+actual DB/IDB/file state+cleanup; document gates use attributable static review/approval artifacts,PASS,RP03-T02,D-S01-04;T-RP-09,D-S01-04;S03-OI-06,PENDING_DECISION,Applicable conditional gates only; no execution authorization granted; before negative tests prove authorized success fixture and current candidate,Rejected operation: no unapproved durable changes; failed run retains recoverable copy/last safe state; rollback or containment must match current schema/protocol,TASK_GRAPH.json/RP03-T02,,execution/RP03/RP03-T02/runs/2026-10-06-continuous-remediation-01/acceptance.json,Codex single executor,"[{""taskId"":""RP03-T02"",""ref"":""D-S01-04"",""before"":""IMPLEMENTATION"",""condition"":""always""},{""taskId"":""RP03-T02"",""ref"":""T-RP-09"",""before"":""IMPLEMENTATION"",""condition"":""always""},{""taskId"":""RP03-T02"",""ref"":""S03-OI-06"",""before"":""IMPLEMENTATION"",""condition"":""same D-S01-04 approval; no second approval required""}]",APPLICABLE_ACTIVATED_SCOPE_ONLY,DRAFT_NOT_APPROVED,Current dirty-worktree hashes: execution/RP03/RP03-T02/runs/2026-10-06-continuous-remediation-01/evidence/source-hashes.json,CURRENT_LOCAL_OWNED_RUNTIME
TASK-RP04-T01,,RP04,SUBTASK_DELIVERY,OWNED_ISOLATED_RUNTIME_OR_TARGET_ENV,业务快照/状态日期/活跃查询：design/implementation/evidence per approved scope；本任务和适用合同完成且证据通过；条件任务未获准不激活。,exact baseline+approved scope+owned fixture/auth success preconditions+command/exit/log+actual DB/IDB/file state+cleanup; document gates use attributable static review/approval artifacts,PASS,RP04-T01,,,PROPOSED_ACCEPTANCE,Applicable conditional gates only; no execution authorization granted; before negative tests prove authorized success fixture and current candidate,Rejected operation: no unapproved durable changes; failed run retains recoverable copy/last safe state; rollback or containment must match current schema/protocol,TASK_GRAPH.json/RP04-T01,,execution/final-regression-2026-10-02/RP04/rp04-project-snapshot-active/attempt-01/integration-suite.log; execution/RP04/RP04-T01/runs/2026-10-02-followup-validation/evidence/source-hash.json,Codex executor,[],APPLICABLE_ACTIVATED_SCOPE_ONLY,DRAFT_NOT_APPROVED,HEAD 138cf2da1b63195cef7e884f69bdf8ded6ed3c21; final worktree file SHA-256 in execution/RP04/RP04-T01/runs/2026-10-02-followup-validation/evidence/source-hash.json,LOCAL_SCOPED_EVIDENCE_SEE_REFERENCED_LIMITS
TASK-RP04-T02,,RP04,SUBTASK_DELIVERY,OWNED_ISOLATED_RUNTIME_OR_TARGET_ENV,创建聚合单事务及审计/idempotency：design/implementation/evidence per approved scope；本任务和适用合同完成且证据通过；条件任务未获准不激活。,exact baseline+approved scope+owned fixture/auth success preconditions+command/exit/log+actual DB/IDB/file state+cleanup; document gates use attributable static review/approval artifacts,PASS,RP04-T02,,,PROPOSED_ACCEPTANCE,Applicable conditional gates only; no execution authorization granted; before negative tests prove authorized success fixture and current candidate,Rejected operation: no unapproved durable changes; failed run retains recoverable copy/last safe state; rollback or containment must match current schema/protocol,TASK_GRAPH.json/RP04-T02,,execution/RP04/RP04-T02/runs/2026-10-03-codebuddy-b18-rework/acceptance.json#TASK-RP04-T02 (unchanged this round; source unchanged),Codex executor,[],APPLICABLE_ACTIVATED_SCOPE_ONLY,DRAFT_NOT_APPROVED,138cf2da1b63195cef7e884f69bdf8ded6ed3c21 + current worktree (see evidence_ref source hashes),LOCAL_SCOPED_EVIDENCE_SEE_REFERENCED_LIMITS
TASK-RP05-T01,,RP05,SUBTASK_DELIVERY,OWNED_ISOLATED_RUNTIME_OR_TARGET_ENV,阻断无授权硬删/跨项目parent：design/implementation/evidence per approved scope；本任务和适用合同完成且证据通过；条件任务未获准不激活。,exact baseline+approved scope+owned fixture/auth success preconditions+command/exit/log+actual DB/IDB/file state+cleanup; document gates use attributable static review/approval artifacts,PASS,RP05-T01,,,PROPOSED_ACCEPTANCE,Applicable conditional gates only; no execution authorization granted; before negative tests prove authorized success fixture and current candidate,Rejected operation: no unapproved durable changes; failed run retains recoverable copy/last safe state; rollback or containment must match current schema/protocol,TASK_GRAPH.json/RP05-T01,,execution/RP05/RP05-T01/runs/2026-10-02-continuous-rework/acceptance.json; execution/RP05/RP05-T01/runs/2026-10-02-continuous-rework/evidence/source-hash.json,Codex executor,[],APPLICABLE_ACTIVATED_SCOPE_ONLY,DRAFT_NOT_APPROVED,HEAD 138cf2da1b63195cef7e884f69bdf8ded6ed3c21; final worktree file SHA-256 in execution/RP05/RP05-T01/runs/2026-10-02-continuous-rework/evidence/source-hash.json,LOCAL_SCOPED_EVIDENCE_SEE_REFERENCED_LIMITS
TASK-RP05-T02,,RP05,SUBTASK_DELIVERY,OWNED_ISOLATED_RUNTIME_OR_TARGET_ENV,保留ID的差量/删除/旧客户端适配：design/implementation/evidence per approved scope；本任务和适用合同完成且证据通过；条件任务未获准不激活。,exact baseline+approved scope+owned fixture/auth success preconditions+command/exit/log+actual DB/IDB/file state+cleanup; document gates use attributable static review/approval artifacts,PASS,RP05-T02,D-S01-08;T-RP-07,D-S01-08;S03-OI-05,PENDING_DECISION,Applicable conditional gates only; no execution authorization granted; before negative tests prove authorized success fixture and current candidate,Rejected operation: no unapproved durable changes; failed run retains recoverable copy/last safe state; rollback or containment must match current schema/protocol,TASK_GRAPH.json/RP05-T02,,execution/RP05/RP05-T02/runs/2026-10-06-continuous-remediation-01/acceptance.json,Codex single executor,"[{""taskId"":""RP05-T02"",""ref"":""D-S01-08"",""before"":""IMPLEMENTATION"",""condition"":""always""},{""taskId"":""RP05-T02"",""ref"":""T-RP-07"",""before"":""IMPLEMENTATION"",""condition"":""always""},{""taskId"":""RP05-T02"",""ref"":""S03-OI-05"",""before"":""IMPLEMENTATION"",""condition"":""only if stale/delete command adapter is changed; no gate on unrelated task fields or report snapshot""}]",APPLICABLE_ACTIVATED_SCOPE_ONLY,DRAFT_NOT_APPROVED,Current dirty-worktree hashes: execution/RP05/RP05-T02/runs/2026-10-06-continuous-remediation-01/evidence/source-hashes.json,CURRENT_LOCAL_OWNED_RUNTIME
TASK-RP05-T03,,RP05,SUBTASK_DELIVERY,OWNED_ISOLATED_RUNTIME_OR_TARGET_ENV,获准DAG/live引用的并发验证：design/implementation/evidence per approved scope；本任务和适用合同完成且证据通过；条件任务未获准不激活。,exact baseline+approved scope+owned fixture/auth success preconditions+command/exit/log+actual DB/IDB/file state+cleanup; document gates use attributable static review/approval artifacts,NOT_RUN,RP05-T03,D-S01-08;T-RP-11,D-S01-08,PENDING_DECISION,Applicable conditional gates only; no execution authorization granted; before negative tests prove authorized success fixture and current candidate,Rejected operation: no unapproved durable changes; failed run retains recoverable copy/last safe state; rollback or containment must match current schema/protocol,TASK_GRAPH.json/RP05-T03,,execution/RP05/RP05-T01/runs/2026-10-02-continuous-rework/evidence/source-hash.json,UNASSIGNED,"[{""taskId"":""RP05-T03"",""ref"":""D-S01-08"",""before"":""IMPLEMENTATION"",""condition"":""DAG/live policy approved""},{""taskId"":""RP05-T03"",""ref"":""T-RP-11"",""before"":""VALIDATION"",""condition"":""always""}]",OPTIONAL_APPROVAL_REQUIRED,DRAFT_NOT_APPROVED,HEAD 138cf2da1b63195cef7e884f69bdf8ded6ed3c21; final worktree file SHA-256 in execution/RP05/RP05-T01/runs/2026-10-02-continuous-rework/evidence/source-hash.json,PLANNED_ONLY_NOT_EVIDENCE
TASK-RP06-T01,,RP06,SUBTASK_DELIVERY,OWNED_ISOLATED_RUNTIME_OR_TARGET_ENV,registration全入口scope：design/implementation/evidence per approved scope；本任务和适用合同完成且证据通过；条件任务未获准不激活。,exact baseline+approved scope+owned fixture/auth success preconditions+command/exit/log+actual DB/IDB/file state+cleanup; document gates use attributable static review/approval artifacts,PASS,RP06-T01,D-S01-05,D-S01-05,PENDING_DECISION,Applicable conditional gates only; no execution authorization granted; before negative tests prove authorized success fixture and current candidate,Rejected operation: no unapproved durable changes; failed run retains recoverable copy/last safe state; rollback or containment must match current schema/protocol,TASK_GRAPH.json/RP06-T01,,execution/RP06/RP06-T01/runs/2026-10-06-continuous-remediation-01/acceptance.json,Codex single executor,"[{""taskId"":""RP06-T01"",""ref"":""D-S01-05"",""before"":""IMPLEMENTATION"",""condition"":""always""}]",APPLICABLE_ACTIVATED_SCOPE_ONLY,DRAFT_NOT_APPROVED,Current dirty-worktree hashes: execution/RP06/RP06-T01/runs/2026-10-06-continuous-remediation-01/evidence/source-hashes.json,CURRENT_LOCAL_OWNED_RUNTIME
TASK-RP06-T02,,RP06,SUBTASK_DELIVERY,OWNED_ISOLATED_RUNTIME_OR_TARGET_ENV,registration负责人共享适配：design/implementation/evidence per approved scope；本任务和适用合同完成且证据通过；条件任务未获准不激活。,exact baseline+approved scope+owned fixture/auth success preconditions+command/exit/log+actual DB/IDB/file state+cleanup; document gates use attributable static review/approval artifacts,PASS,RP06-T02,D-S01-06,D-S01-06,PENDING_DECISION,Applicable conditional gates only; no execution authorization granted; before negative tests prove authorized success fixture and current candidate,Rejected operation: no unapproved durable changes; failed run retains recoverable copy/last safe state; rollback or containment must match current schema/protocol,TASK_GRAPH.json/RP06-T02,,execution/RP06/RP06-T02/runs/2026-10-06-continuous-remediation-01/acceptance.json,Codex single executor,"[{""taskId"":""RP06-T02"",""ref"":""D-S01-06"",""before"":""IMPLEMENTATION"",""condition"":""always""}]",APPLICABLE_ACTIVATED_SCOPE_ONLY,DRAFT_NOT_APPROVED,Current dirty-worktree hashes: execution/RP06/RP06-T02/runs/2026-10-06-continuous-remediation-01/evidence/source-hashes.json,CURRENT_LOCAL_OWNED_RUNTIME
TASK-RP07-T01,,RP07,SUBTASK_DELIVERY,OWNED_ISOLATED_RUNTIME_OR_TARGET_ENV,状态共享命令和archive权限：design/implementation/evidence per approved scope；本任务和适用合同完成且证据通过；条件任务未获准不激活。,exact baseline+approved scope+owned fixture/auth success preconditions+command/exit/log+actual DB/IDB/file state+cleanup; document gates use attributable static review/approval artifacts,PASS,RP07-T01,,,PROPOSED_ACCEPTANCE,Applicable conditional gates only; no execution authorization granted; before negative tests prove authorized success fixture and current candidate,Rejected operation: no unapproved durable changes; failed run retains recoverable copy/last safe state; rollback or containment must match current schema/protocol,TASK_GRAPH.json/RP07-T01,,execution/final-regression-2026-10-02/RP07/rp07-project-status-shared/attempt-01/integration-suite.log; execution/RP07/RP07-T01/runs/2026-10-02-followup-validation/evidence/source-hash.json,Codex executor,[],APPLICABLE_ACTIVATED_SCOPE_ONLY,DRAFT_NOT_APPROVED,HEAD 138cf2da1b63195cef7e884f69bdf8ded6ed3c21; final worktree file SHA-256 in execution/RP07/RP07-T01/runs/2026-10-02-followup-validation/evidence/source-hash.json,LOCAL_SCOPED_EVIDENCE_SEE_REFERENCED_LIMITS
TASK-RP07-T02,,RP07,SUBTASK_DELIVERY,OWNED_ISOLATED_RUNTIME_OR_TARGET_ENV,负责人转移一致性：design/implementation/evidence per approved scope；本任务和适用合同完成且证据通过；条件任务未获准不激活。,exact baseline+approved scope+owned fixture/auth success preconditions+command/exit/log+actual DB/IDB/file state+cleanup; document gates use attributable static review/approval artifacts,PASS,RP07-T02,D-S01-06,D-S01-06;S03-OI-07,PENDING_DECISION,Applicable conditional gates only; no execution authorization granted; before negative tests prove authorized success fixture and current candidate,Rejected operation: no unapproved durable changes; failed run retains recoverable copy/last safe state; rollback or containment must match current schema/protocol,TASK_GRAPH.json/RP07-T02,,execution/RP07/RP07-T02/runs/2026-10-06-continuous-remediation-01/acceptance.json,Codex single executor,"[{""taskId"":""RP07-T02"",""ref"":""D-S01-06"",""before"":""IMPLEMENTATION"",""condition"":""always""},{""taskId"":""RP07-T02"",""ref"":""S03-OI-07"",""before"":""IMPLEMENTATION"",""condition"":""same D-S01-06 approval; no second approval required""}]",APPLICABLE_ACTIVATED_SCOPE_ONLY,DRAFT_NOT_APPROVED,Current dirty-worktree hashes: execution/RP07/RP07-T02/runs/2026-10-06-continuous-remediation-01/evidence/source-hashes.json,CURRENT_LOCAL_OWNED_RUNTIME
TASK-RP08-T01,,RP08,SUBTASK_DELIVERY,OWNED_ISOLATED_RUNTIME_OR_TARGET_ENV,每实体/字段/own-only读取授权：design/implementation/evidence per approved scope；本任务和适用合同完成且证据通过；条件任务未获准不激活。,exact baseline+approved scope+owned fixture/auth success preconditions+command/exit/log+actual DB/IDB/file state+cleanup; document gates use attributable static review/approval artifacts,PASS,RP08-T01,D-S01-05,D-S01-05,PENDING_DECISION,Applicable conditional gates only; no execution authorization granted; before negative tests prove authorized success fixture and current candidate,Rejected operation: no unapproved durable changes; failed run retains recoverable copy/last safe state; rollback or containment must match current schema/protocol,TASK_GRAPH.json/RP08-T01,,execution/RP08/RP08-T01/runs/2026-10-03-codebuddy-lr3-validation/acceptance.json#TASK-RP08-T01 (11/11 validation only; attempt-03; src:reports.js=1bcbef68fcf01cb3/reportCommands.ts=758cb5010beda8d5/sync.js=ad41610a6036f054/auth.js=8f736619a1526247); independent execution/reviews/2026-10-03-codebuddy-followup/validation-summary.json#TASK-RP08-T01,UNASSIGNED,"[{""taskId"":""RP08-T01"",""ref"":""D-S01-05"",""before"":""IMPLEMENTATION"",""condition"":""only if registration global exception is requested""}]",APPLICABLE_ACTIVATED_SCOPE_ONLY,DRAFT_NOT_APPROVED,HEAD 138cf2da1b63195cef7e884f69bdf8ded6ed3c21; exact current dirty-worktree hashes execution/reviews/2026-10-03-codebuddy-followup/evidence/start-baseline.json; local scope only,LOCAL_CURRENT_CODE_EXECUTOR_PLUS_INDEPENDENT_EVIDENCE_SEE_LIMITS
TASK-RP08-T02,,RP08,SUBTASK_DELIVERY,OWNED_ISOLATED_RUNTIME_OR_TARGET_ENV,ACL角色版本/回填/撤权及outbox隔离：design/implementation/evidence per approved scope；本任务和适用合同完成且证据通过；条件任务未获准不激活。,exact baseline+approved scope+owned fixture/auth success preconditions+command/exit/log+actual DB/IDB/file state+cleanup; document gates use attributable static review/approval artifacts,PASS,RP08-T02,T-RP-04;T-RP-12,S02-OPEN-02,PENDING_DECISION,Applicable conditional gates only; no execution authorization granted; before negative tests prove authorized success fixture and current candidate,Rejected operation: no unapproved durable changes; failed run retains recoverable copy/last safe state; rollback or containment must match current schema/protocol,TASK_GRAPH.json/RP08-T02,,execution/RP08/RP08-T02/runs/2026-10-06-continuous-remediation-01/acceptance.json,Codex single executor,"[{""taskId"":""RP08-T02"",""ref"":""T-RP-04"",""before"":""IMPLEMENTATION"",""condition"":""always""},{""taskId"":""RP08-T02"",""ref"":""T-RP-12"",""before"":""IMPLEMENTATION"",""condition"":""always""},{""taskId"":""RP08-T02"",""ref"":""S02-OPEN-02"",""before"":""VALIDATION"",""condition"":""joint authorized cache/page fallback acceptance""}]",APPLICABLE_ACTIVATED_SCOPE_ONLY,DRAFT_NOT_APPROVED,Current dirty-worktree hashes: execution/RP08/RP08-T02/runs/2026-10-06-continuous-remediation-01/evidence/source-hashes.json,CURRENT_LOCAL_OWNED_RUNTIME
TASK-RP09-T01,,RP09,SUBTASK_DELIVERY,OWNED_ISOLATED_RUNTIME_OR_TARGET_ENV,单项授权/CAS/audit/receipt原子提交：design/implementation/evidence per approved scope；本任务和适用合同完成且证据通过；条件任务未获准不激活。,exact baseline+approved scope+owned fixture/auth success preconditions+command/exit/log+actual DB/IDB/file state+cleanup; document gates use attributable static review/approval artifacts,PASS,RP09-T01,T-RP-02;T-RP-07,S03-OI-05,PENDING_DECISION,Applicable conditional gates only; no execution authorization granted; before negative tests prove authorized success fixture and current candidate,Rejected operation: no unapproved durable changes; failed run retains recoverable copy/last safe state; rollback or containment must match current schema/protocol,TASK_GRAPH.json/RP09-T01,,execution/RP09/RP09-T01/runs/2026-10-05-sync-receipts-01/acceptance.json,Codex single executor,"[{""taskId"":""RP09-T01"",""ref"":""T-RP-02"",""before"":""IMPLEMENTATION"",""condition"":""always""},{""taskId"":""RP09-T01"",""ref"":""T-RP-07"",""before"":""IMPLEMENTATION"",""condition"":""delete command adapter modified""},{""taskId"":""RP09-T01"",""ref"":""S03-OI-05"",""before"":""IMPLEMENTATION"",""condition"":""only if stale/delete command adapter is changed; no gate on unrelated task fields or report snapshot""}]",APPLICABLE_ACTIVATED_SCOPE_ONLY,DRAFT_NOT_APPROVED,Current dirty-worktree hashes: execution/RP09/RP09-T01/runs/2026-10-05-sync-receipts-01/evidence/source-hashes.json,CURRENT_LOCAL_OWNED_RUNTIME
TASK-RP09-T02,,RP09,SUBTASK_DELIVERY,OWNED_ISOLATED_RUNTIME_OR_TARGET_ENV,同key竞争/unknown恢复/保留清理：design/implementation/evidence per approved scope；本任务和适用合同完成且证据通过；条件任务未获准不激活。,exact baseline+approved scope+owned fixture/auth success preconditions+command/exit/log+actual DB/IDB/file state+cleanup; document gates use attributable static review/approval artifacts,PASS,RP09-T02,T-RP-02,S03-OI-02;S03-OI-04,PENDING_DECISION,Applicable conditional gates only; no execution authorization granted; before negative tests prove authorized success fixture and current candidate,Rejected operation: no unapproved durable changes; failed run retains recoverable copy/last safe state; rollback or containment must match current schema/protocol,TASK_GRAPH.json/RP09-T02,,execution/RP09/RP09-T02/runs/2026-10-05-sync-receipts-01/acceptance.json,Codex single executor,"[{""taskId"":""RP09-T02"",""ref"":""S03-OI-02"",""before"":""VALIDATION"",""condition"":""always""},{""taskId"":""RP09-T02"",""ref"":""S03-OI-04"",""before"":""RELEASE"",""condition"":""always""},{""taskId"":""RP09-T02"",""ref"":""T-RP-02"",""before"":""IMPLEMENTATION"",""condition"":""always""}]",APPLICABLE_ACTIVATED_SCOPE_ONLY,DRAFT_NOT_APPROVED,Current dirty-worktree hashes: execution/RP09/RP09-T02/runs/2026-10-05-sync-receipts-01/evidence/source-hashes.json,CURRENT_LOCAL_OWNED_RUNTIME
TASK-RP10-T01,,RP10,SUBTASK_DELIVERY,OWNED_ISOLATED_RUNTIME_OR_TARGET_ENV,任务全部支持端CAS链：design/implementation/evidence per approved scope；本任务和适用合同完成且证据通过；条件任务未获准不激活。,exact baseline+approved scope+owned fixture/auth success preconditions+command/exit/log+actual DB/IDB/file state+cleanup; document gates use attributable static review/approval artifacts,NOT_RUN,RP10-T01,T-RP-03,S03-OI-05,PENDING_DECISION,Applicable conditional gates only; no execution authorization granted; before negative tests prove authorized success fixture and current candidate,Rejected operation: no unapproved durable changes; failed run retains recoverable copy/last safe state; rollback or containment must match current schema/protocol,TASK_GRAPH.json/RP10-T01,,execution/RP10/RP10-T02/runs/2026-10-02-continuous-rework/evidence/source-hash.json,UNASSIGNED,"[{""taskId"":""RP10-T01"",""ref"":""T-RP-03"",""before"":""IMPLEMENTATION"",""condition"":""always""},{""taskId"":""RP10-T01"",""ref"":""S03-OI-05"",""before"":""IMPLEMENTATION"",""condition"":""only if stale/delete command adapter is changed; no gate on unrelated task fields or report snapshot""}]",APPLICABLE_ACTIVATED_SCOPE_ONLY,DRAFT_NOT_APPROVED,HEAD 138cf2da1b63195cef7e884f69bdf8ded6ed3c21; final worktree file SHA-256 in execution/RP10/RP10-T02/runs/2026-10-02-continuous-rework/evidence/source-hash.json,PLANNED_ONLY_NOT_EVIDENCE
TASK-RP10-T02,,RP10,SUBTASK_DELIVERY,OWNED_ISOLATED_RUNTIME_OR_TARGET_ENV,汇报同修订snapshot与版本原子性：design/implementation/evidence per approved scope；本任务和适用合同完成且证据通过；条件任务未获准不激活。,exact baseline+approved scope+owned fixture/auth success preconditions+command/exit/log+actual DB/IDB/file state+cleanup; document gates use attributable static review/approval artifacts,PASS,RP10-T02,D-S01-07,D-S01-07,PENDING_DECISION,Applicable conditional gates only; no execution authorization granted; before negative tests prove authorized success fixture and current candidate,Rejected operation: no unapproved durable changes; failed run retains recoverable copy/last safe state; rollback or containment must match current schema/protocol,TASK_GRAPH.json/RP10-T02,,execution/RP10/RP10-T02/runs/2026-10-03-codebuddy-lr3-rework/acceptance.json#TASK-RP10-T02 (attempt-05 + 6 directed regression suites; src:reports.js=1bcbef68fcf01cb3/reportCommands.ts=758cb5010beda8d5/sync.js=ad41610a6036f054/auth.js=8f736619a1526247); independent execution/reviews/2026-10-03-codebuddy-followup/validation-summary.json#TASK-RP10-T02,UNASSIGNED,"[{""taskId"":""RP10-T02"",""ref"":""D-S01-07"",""before"":""IMPLEMENTATION"",""condition"":""source-state behavior changed""}]",APPLICABLE_ACTIVATED_SCOPE_ONLY,DRAFT_NOT_APPROVED,HEAD 138cf2da1b63195cef7e884f69bdf8ded6ed3c21; exact current dirty-worktree hashes execution/reviews/2026-10-03-codebuddy-followup/evidence/start-baseline.json; local scope only,LOCAL_CURRENT_CODE_EXECUTOR_PLUS_INDEPENDENT_EVIDENCE_SEE_LIMITS
TASK-RP10-T03,,RP10,SUBTASK_DELIVERY,OWNED_ISOLATED_RUNTIME_OR_TARGET_ENV,获准submit/resubmit状态及竞争：design/implementation/evidence per approved scope；本任务和适用合同完成且证据通过；条件任务未获准不激活。,exact baseline+approved scope+owned fixture/auth success preconditions+command/exit/log+actual DB/IDB/file state+cleanup; document gates use attributable static review/approval artifacts,PASS,RP10-T03,D-S01-07,D-S01-07;S03-OI-08,APPROVED_SCOPED_ACCEPTANCE,Applicable conditional gates only; no execution authorization granted; before negative tests prove authorized success fixture and current candidate,Rejected operation: no unapproved durable changes; failed run retains recoverable copy/last safe state; rollback or containment must match current schema/protocol,TASK_GRAPH.json/RP10-T03,,execution/RP10/RP10-T03/runs/2026-10-05-approved-contracts-01/acceptance.json,Codex single executor,"[{""taskId"":""RP10-T03"",""ref"":""D-S01-07"",""before"":""IMPLEMENTATION"",""condition"":""always""},{""taskId"":""RP10-T03"",""ref"":""S03-OI-08"",""before"":""VALIDATION"",""condition"":""always""}]",APPLICABLE_ACTIVATED_SCOPE_ONLY,EXECUTED_APPROVED_LOCAL_SCOPE,Current dirty-worktree hashes: execution/RP10/RP10-T03/runs/2026-10-05-approved-contracts-01/evidence/source-hashes.json,CURRENT_LOCAL_OWNED_RUNTIME
TASK-RP11-T01,,RP11,SUBTASK_DELIVERY,OWNED_ISOLATED_RUNTIME_OR_TARGET_ENV,身份阶段/owner命名空间/ACL安全回退：design/implementation/evidence per approved scope；本任务和适用合同完成且证据通过；条件任务未获准不激活。,exact baseline+approved scope+owned fixture/auth success preconditions+command/exit/log+actual DB/IDB/file state+cleanup; document gates use attributable static review/approval artifacts,PASS,RP11-T01,T-RP-09;T-RP-12,S02-OPEN-01;S02-OPEN-02,PENDING_DECISION,Applicable conditional gates only; no execution authorization granted; before negative tests prove authorized success fixture and current candidate,Rejected operation: no unapproved durable changes; failed run retains recoverable copy/last safe state; rollback or containment must match current schema/protocol,TASK_GRAPH.json/RP11-T01,,execution/RP11/RP11-T01/runs/2026-10-06-continuous-remediation-01/acceptance.json,Codex single executor,"[{""taskId"":""RP11-T01"",""ref"":""T-RP-09"",""before"":""IMPLEMENTATION"",""condition"":""always""},{""taskId"":""RP11-T01"",""ref"":""T-RP-12"",""before"":""IMPLEMENTATION"",""condition"":""always""},{""taskId"":""RP11-T01"",""ref"":""S02-OPEN-01"",""before"":""VALIDATION"",""condition"":""always""},{""taskId"":""RP11-T01"",""ref"":""S02-OPEN-02"",""before"":""VALIDATION"",""condition"":""always""}]",APPLICABLE_ACTIVATED_SCOPE_ONLY,DRAFT_NOT_APPROVED,Current dirty-worktree hashes: execution/RP11/RP11-T01/runs/2026-10-06-continuous-remediation-01/evidence/source-hashes.json,CURRENT_LOCAL_OWNED_RUNTIME
TASK-RP11-T02,,RP11,SUBTASK_DELIVERY,OWNED_ISOLATED_RUNTIME_OR_TARGET_ENV,旧IDB行隔离迁移与多tab升级：design/implementation/evidence per approved scope；本任务和适用合同完成且证据通过；条件任务未获准不激活。,exact baseline+approved scope+owned fixture/auth success preconditions+command/exit/log+actual DB/IDB/file state+cleanup; document gates use attributable static review/approval artifacts,PASS,RP11-T02,T-RP-01,S02-OPEN-06;S02-OPEN-07,PENDING_DECISION,Applicable conditional gates only; no execution authorization granted; before negative tests prove authorized success fixture and current candidate,Rejected operation: no unapproved durable changes; failed run retains recoverable copy/last safe state; rollback or containment must match current schema/protocol,TASK_GRAPH.json/RP11-T02,,execution/RP11/RP11-T02/runs/2026-10-06-continuous-remediation-01/acceptance.json,Codex single executor,"[{""taskId"":""RP11-T02"",""ref"":""T-RP-01"",""before"":""IMPLEMENTATION"",""condition"":""always""},{""taskId"":""RP11-T02"",""ref"":""S02-OPEN-06"",""before"":""VALIDATION"",""condition"":""always""},{""taskId"":""RP11-T02"",""ref"":""S02-OPEN-07"",""before"":""VALIDATION"",""condition"":""always""}]",APPLICABLE_ACTIVATED_SCOPE_ONLY,DRAFT_NOT_APPROVED,Current dirty-worktree hashes: execution/RP11/RP11-T02/runs/2026-10-06-continuous-remediation-01/evidence/source-hashes.json,CURRENT_LOCAL_OWNED_RUNTIME
TASK-RP11-T03,,RP11,SUBTASK_DELIVERY,OWNED_ISOLATED_RUNTIME_OR_TARGET_ENV,冲突原子移动/用户恢复和最后副本：design/implementation/evidence per approved scope；本任务和适用合同完成且证据通过；条件任务未获准不激活。,exact baseline+approved scope+owned fixture/auth success preconditions+command/exit/log+actual DB/IDB/file state+cleanup; document gates use attributable static review/approval artifacts,ENV_BLOCKED,RP11-T03,T-RP-12,S02-OPEN-03,PENDING_DECISION,Applicable conditional gates only; no execution authorization granted; before negative tests prove authorized success fixture and current candidate,Rejected operation: no unapproved durable changes; failed run retains recoverable copy/last safe state; rollback or containment must match current schema/protocol,TASK_GRAPH.json/RP11-T03,,execution/RP11/RP11-T03/runs/2026-10-06-continuous-remediation-01/acceptance.json,Codex single executor,"[{""taskId"":""RP11-T03"",""ref"":""T-RP-12"",""before"":""IMPLEMENTATION"",""condition"":""always""},{""taskId"":""RP11-T03"",""ref"":""S02-OPEN-03"",""before"":""VALIDATION"",""condition"":""always""}]",APPLICABLE_ACTIVATED_SCOPE_ONLY,DRAFT_NOT_APPROVED,TO_BE_RECORDED_ON_EXECUTION,CURRENT_LOCAL_RUNTIME_LIMIT
TASK-RP12-T01,,RP12,SUBTASK_DELIVERY,OWNED_ISOLATED_RUNTIME_OR_TARGET_ENV,条数/bytes/依赖与不可变发送批次：design/implementation/evidence per approved scope；本任务和适用合同完成且证据通过；条件任务未获准不激活。,exact baseline+approved scope+owned fixture/auth success preconditions+command/exit/log+actual DB/IDB/file state+cleanup; document gates use attributable static review/approval artifacts,ENV_BLOCKED,RP12-T01,T-RP-11,S02-OPEN-04,PENDING_DECISION,Applicable conditional gates only; no execution authorization granted; before negative tests prove authorized success fixture and current candidate,Rejected operation: no unapproved durable changes; failed run retains recoverable copy/last safe state; rollback or containment must match current schema/protocol,TASK_GRAPH.json/RP12-T01,,execution/RP12/RP12-T01/runs/2026-10-06-continuous-remediation-01/acceptance.json,Codex single executor,"[{""taskId"":""RP12-T01"",""ref"":""S02-OPEN-04"",""before"":""VALIDATION"",""condition"":""always""},{""taskId"":""RP12-T01"",""ref"":""T-RP-11"",""before"":""IMPLEMENTATION"",""condition"":""always""}]",APPLICABLE_ACTIVATED_SCOPE_ONLY,DRAFT_NOT_APPROVED,TO_BE_RECORDED_ON_EXECUTION,CURRENT_LOCAL_RUNTIME_LIMIT
TASK-RP12-T02,,RP12,SUBTASK_DELIVERY,OWNED_ISOLATED_RUNTIME_OR_TARGET_ENV,按key验证结果及partial retry：design/implementation/evidence per approved scope；本任务和适用合同完成且证据通过；条件任务未获准不激活。,exact baseline+approved scope+owned fixture/auth success preconditions+command/exit/log+actual DB/IDB/file state+cleanup; document gates use attributable static review/approval artifacts,PASS,RP12-T02,T-RP-02;T-RP-12,,PENDING_DECISION,Applicable conditional gates only; no execution authorization granted; before negative tests prove authorized success fixture and current candidate,Rejected operation: no unapproved durable changes; failed run retains recoverable copy/last safe state; rollback or containment must match current schema/protocol,TASK_GRAPH.json/RP12-T02,,execution/RP12/RP12-T02/runs/2026-10-06-continuous-remediation-01/acceptance.json,Codex single executor,"[{""taskId"":""RP12-T02"",""ref"":""T-RP-02"",""before"":""IMPLEMENTATION"",""condition"":""always""},{""taskId"":""RP12-T02"",""ref"":""T-RP-12"",""before"":""IMPLEMENTATION"",""condition"":""always""}]",APPLICABLE_ACTIVATED_SCOPE_ONLY,DRAFT_NOT_APPROVED,Current dirty-worktree hashes: execution/RP12/RP12-T02/runs/2026-10-06-continuous-remediation-01/evidence/source-hashes.json,CURRENT_LOCAL_OWNED_RUNTIME
TASK-RP13-T01,,RP13,SUBTASK_DELIVERY,OWNED_ISOLATED_RUNTIME_OR_TARGET_ENV,已证截断的稳定分页子修复：design/implementation/evidence per approved scope；本任务和适用合同完成且证据通过；条件任务未获准不激活。,exact baseline+approved scope+owned fixture/auth success preconditions+command/exit/log+actual DB/IDB/file state+cleanup; document gates use attributable static review/approval artifacts,ENV_BLOCKED,RP13-T01,,,PROPOSED_ACCEPTANCE,Applicable conditional gates only; no execution authorization granted; before negative tests prove authorized success fixture and current candidate,Rejected operation: no unapproved durable changes; failed run retains recoverable copy/last safe state; rollback or containment must match current schema/protocol,TASK_GRAPH.json/RP13-T01,,execution/final-regression-2026-10-02/RP13/rp13-stable-pull-pagination/attempt-02/integration-suite.log; execution/RP13/RP13-T01/runs/2026-10-02-followup-validation/evidence/source-hash.json,UNASSIGNED,[],APPLICABLE_ACTIVATED_SCOPE_ONLY,DRAFT_NOT_APPROVED,HEAD 138cf2da1b63195cef7e884f69bdf8ded6ed3c21; final worktree file SHA-256 in execution/RP13/RP13-T01/runs/2026-10-02-followup-validation/evidence/source-hash.json,PLANNED_ONLY_NOT_EVIDENCE
TASK-RP13-T02,,RP13,SUBTASK_DELIVERY,OWNED_ISOLATED_RUNTIME_OR_TARGET_ENV,safe-watermark/事件revision/epoch ADR：design/implementation/evidence per approved scope；本任务和适用合同完成且证据通过；条件任务未获准不激活。,exact baseline+approved scope+owned fixture/auth success preconditions+command/exit/log+actual DB/IDB/file state+cleanup; document gates use attributable static review/approval artifacts,PASS,RP13-T02,T-RP-04;T-RP-10,S03-OI-01,PENDING_DECISION,Applicable conditional gates only; no execution authorization granted; before negative tests prove authorized success fixture and current candidate,Rejected operation: no unapproved durable changes; failed run retains recoverable copy/last safe state; rollback or containment must match current schema/protocol,TASK_GRAPH.json/RP13-T02,,execution/RP13/RP13-T02/runs/2026-10-02-continuous-rework/acceptance.json; execution/RP13/RP13-T02/runs/2026-10-02-continuous-rework/evidence/source-hash.json,UNASSIGNED,"[{""taskId"":""RP13-T02"",""ref"":""T-RP-04"",""before"":""VALIDATION"",""condition"":""always""},{""taskId"":""RP13-T02"",""ref"":""T-RP-10"",""before"":""VALIDATION"",""condition"":""always""},{""taskId"":""RP13-T02"",""ref"":""S03-OI-01"",""before"":""VALIDATION"",""condition"":""always""}]",APPLICABLE_ACTIVATED_SCOPE_ONLY,DRAFT_NOT_APPROVED,HEAD 138cf2da1b63195cef7e884f69bdf8ded6ed3c21; final worktree file SHA-256 in execution/RP13/RP13-T02/runs/2026-10-02-continuous-rework/evidence/source-hash.json,LOCAL_SCOPED_EVIDENCE_SEE_REFERENCED_LIMITS
TASK-RP13-T03,,RP13,SUBTASK_DELIVERY,OWNED_ISOLATED_RUNTIME_OR_TARGET_ENV,生产者coverage/bootstrap/ACL/过期重建：design/implementation/evidence per approved scope；本任务和适用合同完成且证据通过；条件任务未获准不激活。,exact baseline+approved scope+owned fixture/auth success preconditions+command/exit/log+actual DB/IDB/file state+cleanup; document gates use attributable static review/approval artifacts,PASS,RP13-T03,T-RP-04;T-RP-10;D-S01-08,S03-OI-04;D-S01-08,PENDING_DECISION,Applicable conditional gates only; no execution authorization granted; before negative tests prove authorized success fixture and current candidate,Rejected operation: no unapproved durable changes; failed run retains recoverable copy/last safe state; rollback or containment must match current schema/protocol,TASK_GRAPH.json/RP13-T03,,execution/RP13/RP13-T03/runs/2026-10-06-continuous-remediation-01/acceptance.json,Codex single executor,"[{""taskId"":""RP13-T03"",""ref"":""T-RP-04"",""before"":""IMPLEMENTATION"",""condition"":""always""},{""taskId"":""RP13-T03"",""ref"":""T-RP-10"",""before"":""IMPLEMENTATION"",""condition"":""always""},{""taskId"":""RP13-T03"",""ref"":""S03-OI-04"",""before"":""RELEASE"",""condition"":""always""},{""taskId"":""RP13-T03"",""ref"":""D-S01-08"",""before"":""IMPLEMENTATION"",""condition"":""only when approved delete/live-reference/tombstone semantics are changed""}]",APPLICABLE_ACTIVATED_SCOPE_ONLY,DRAFT_NOT_APPROVED,Current dirty-worktree hashes: execution/RP13/RP13-T03/runs/2026-10-06-continuous-remediation-01/evidence/source-hashes.json,CURRENT_LOCAL_OWNED_RUNTIME
TASK-RP14-T01,,RP14,SUBTASK_DELIVERY,OWNED_ISOLATED_RUNTIME_OR_TARGET_ENV,感染字节出口统一阻断：design/implementation/evidence per approved scope；本任务和适用合同完成且证据通过；条件任务未获准不激活。,exact baseline+approved scope+owned fixture/auth success preconditions+command/exit/log+actual DB/IDB/file state+cleanup; document gates use attributable static review/approval artifacts,PASS,RP14-T01,,,PROPOSED_ACCEPTANCE,Applicable conditional gates only; no execution authorization granted; before negative tests prove authorized success fixture and current candidate,Rejected operation: no unapproved durable changes; failed run retains recoverable copy/last safe state; rollback or containment must match current schema/protocol,TASK_GRAPH.json/RP14-T01,,execution/final-regression-2026-10-02/RP14/rp14-infected-file-read/attempt-01/integration-suite.log; execution/RP14/RP14-T01/runs/2026-10-02-followup-validation/evidence/source-hash.json,UNASSIGNED,[],APPLICABLE_ACTIVATED_SCOPE_ONLY,DRAFT_NOT_APPROVED,HEAD 138cf2da1b63195cef7e884f69bdf8ded6ed3c21; final worktree file SHA-256 in execution/RP14/RP14-T01/runs/2026-10-02-followup-validation/evidence/source-hash.json,LOCAL_SCOPED_EVIDENCE_SEE_REFERENCED_LIMITS
TASK-RP14-T02,,RP14,SUBTASK_DELIVERY,OWNED_ISOLATED_RUNTIME_OR_TARGET_ENV,elevated/其他scan状态/审计：design/implementation/evidence per approved scope；本任务和适用合同完成且证据通过；条件任务未获准不激活。,exact baseline+approved scope+owned fixture/auth success preconditions+command/exit/log+actual DB/IDB/file state+cleanup; document gates use attributable static review/approval artifacts,PASS,RP14-T02,T-RP-05,,APPROVED_SCOPED_ACCEPTANCE,Applicable conditional gates only; no execution authorization granted; before negative tests prove authorized success fixture and current candidate,Rejected operation: no unapproved durable changes; failed run retains recoverable copy/last safe state; rollback or containment must match current schema/protocol,TASK_GRAPH.json/RP14-T02,,execution/RP14/RP14-T02/runs/2026-10-05-approved-contracts-01/acceptance.json,Codex single executor,"[{""taskId"":""RP14-T02"",""ref"":""T-RP-05"",""before"":""IMPLEMENTATION"",""condition"":""always""}]",APPLICABLE_ACTIVATED_SCOPE_ONLY,EXECUTED_APPROVED_LOCAL_SCOPE,Current dirty-worktree hashes: execution/RP14/RP14-T02/runs/2026-10-05-approved-contracts-01/evidence/source-hashes.json,CURRENT_LOCAL_OWNED_RUNTIME
TASK-RP15-T01,,RP15,SUBTASK_DELIVERY,OWNED_ISOLATED_RUNTIME_OR_TARGET_ENV,实际schema与历史异常只读核查：design/implementation/evidence per approved scope；本任务和适用合同完成且证据通过；条件任务未获准不激活。,exact baseline+approved scope+owned fixture/auth success preconditions+command/exit/log+actual DB/IDB/file state+cleanup; document gates use attributable static review/approval artifacts,ENV_BLOCKED,RP15-T01,,S04-OI-01,PROPOSED_ACCEPTANCE,Applicable conditional gates only; no execution authorization granted; before negative tests prove authorized success fixture and current candidate,Rejected operation: no unapproved durable changes; failed run retains recoverable copy/last safe state; rollback or containment must match current schema/protocol,TASK_GRAPH.json/RP15-T01,,execution/RP15/RP15-T01/acceptance.json#TASK-RP15-T01,UNASSIGNED,"[{""taskId"":""RP15-T01"",""ref"":""S04-OI-01"",""before"":""VALIDATION"",""condition"":""always""}]",APPLICABLE_ACTIVATED_SCOPE_ONLY,DRAFT_NOT_APPROVED,TO_BE_RECORDED_ON_EXECUTION,PLANNED_ONLY_NOT_EVIDENCE
TASK-RP15-T02,,RP15,SUBTASK_DELIVERY,OWNED_ISOLATED_RUNTIME_OR_TARGET_ENV,获准异常处置与迁移锁/关系设计：design/implementation/evidence per approved scope；本任务和适用合同完成且证据通过；条件任务未获准不激活。,exact baseline+approved scope+owned fixture/auth success preconditions+command/exit/log+actual DB/IDB/file state+cleanup; document gates use attributable static review/approval artifacts,NOT_RUN,RP15-T02,D-S01-08;T-RP-11,D-S01-08,PENDING_DECISION,Applicable conditional gates only; no execution authorization granted; before negative tests prove authorized success fixture and current candidate,Rejected operation: no unapproved durable changes; failed run retains recoverable copy/last safe state; rollback or containment must match current schema/protocol,TASK_GRAPH.json/RP15-T02,,,UNASSIGNED,"[{""taskId"":""RP15-T02"",""ref"":""D-S01-08"",""before"":""IMPLEMENTATION"",""condition"":""always""},{""taskId"":""RP15-T02"",""ref"":""T-RP-11"",""before"":""IMPLEMENTATION"",""condition"":""always""}]",APPLICABLE_ACTIVATED_SCOPE_ONLY,DRAFT_NOT_APPROVED,TO_BE_RECORDED_ON_EXECUTION,PLANNED_ONLY_NOT_EVIDENCE
TASK-RP15-T03,,RP15,SUBTASK_DELIVERY,OWNED_ISOLATED_RUNTIME_OR_TARGET_ENV,expand/validate/contract隔离演练：design/implementation/evidence per approved scope；本任务和适用合同完成且证据通过；条件任务未获准不激活。,exact baseline+approved scope+owned fixture/auth success preconditions+command/exit/log+actual DB/IDB/file state+cleanup; document gates use attributable static review/approval artifacts,NOT_RUN,RP15-T03,D-S01-08;T-RP-11,D-S01-08,PENDING_DECISION,Applicable conditional gates only; no execution authorization granted; before negative tests prove authorized success fixture and current candidate,Rejected operation: no unapproved durable changes; failed run retains recoverable copy/last safe state; rollback or containment must match current schema/protocol,TASK_GRAPH.json/RP15-T03,,,UNASSIGNED,"[{""taskId"":""RP15-T03"",""ref"":""D-S01-08"",""before"":""IMPLEMENTATION"",""condition"":""always""},{""taskId"":""RP15-T03"",""ref"":""T-RP-11"",""before"":""VALIDATION"",""condition"":""always""}]",APPLICABLE_ACTIVATED_SCOPE_ONLY,DRAFT_NOT_APPROVED,TO_BE_RECORDED_ON_EXECUTION,PLANNED_ONLY_NOT_EVIDENCE
TASK-RP16-T01,,RP16,SUBTASK_DELIVERY,OWNED_ISOLATED_RUNTIME_OR_TARGET_ENV,支持模块完整unique/FK registry：design/implementation/evidence per approved scope；本任务和适用合同完成且证据通过；条件任务未获准不激活。,exact baseline+approved scope+owned fixture/auth success preconditions+command/exit/log+actual DB/IDB/file state+cleanup; document gates use attributable static review/approval artifacts,PASS,RP16-T01,T-RP-06,,PENDING_DECISION,Applicable conditional gates only; no execution authorization granted; before negative tests prove authorized success fixture and current candidate,Rejected operation: no unapproved durable changes; failed run retains recoverable copy/last safe state; rollback or containment must match current schema/protocol,TASK_GRAPH.json/RP16-T01,,execution/RP16/RP16-T01/runs/2026-10-06-continuous-remediation-01/acceptance.json,Codex single executor,"[{""taskId"":""RP16-T01"",""ref"":""T-RP-06"",""before"":""IMPLEMENTATION"",""condition"":""always""}]",APPLICABLE_ACTIVATED_SCOPE_ONLY,DRAFT_NOT_APPROVED,Current dirty-worktree hashes: execution/RP16/RP16-T01/runs/2026-10-06-continuous-remediation-01/evidence/source-hashes.json,CURRENT_LOCAL_OWNED_RUNTIME
TASK-RP16-T02,,RP16,SUBTASK_DELIVERY,OWNED_ISOLATED_RUNTIME_OR_TARGET_ENV,apply/真实计数/提交失败状态：design/implementation/evidence per approved scope；本任务和适用合同完成且证据通过；条件任务未获准不激活。,exact baseline+approved scope+owned fixture/auth success preconditions+command/exit/log+actual DB/IDB/file state+cleanup; document gates use attributable static review/approval artifacts,PASS,RP16-T02,T-RP-06,S05-OI-03,PENDING_DECISION,Applicable conditional gates only; no execution authorization granted; before negative tests prove authorized success fixture and current candidate,Rejected operation: no unapproved durable changes; failed run retains recoverable copy/last safe state; rollback or containment must match current schema/protocol,TASK_GRAPH.json/RP16-T02,,execution/RP16/RP16-T02/runs/2026-10-06-continuous-remediation-01/acceptance.json,Codex single executor,"[{""taskId"":""RP16-T02"",""ref"":""T-RP-06"",""before"":""IMPLEMENTATION"",""condition"":""always""},{""taskId"":""RP16-T02"",""ref"":""S05-OI-03"",""before"":""VALIDATION"",""condition"":""always""}]",APPLICABLE_ACTIVATED_SCOPE_ONLY,DRAFT_NOT_APPROVED,Current dirty-worktree hashes: execution/RP16/RP16-T02/runs/2026-10-06-continuous-remediation-01/evidence/source-hashes.json,CURRENT_LOCAL_OWNED_RUNTIME
TASK-RP16-T03,,RP16,SUBTASK_DELIVERY,OWNED_ISOLATED_RUNTIME_OR_TARGET_ENV,恢复epoch/session/receipt/sync写入影响：design/implementation/evidence per approved scope；本任务和适用合同完成且证据通过；条件任务未获准不激活。,exact baseline+approved scope+owned fixture/auth success preconditions+command/exit/log+actual DB/IDB/file state+cleanup; document gates use attributable static review/approval artifacts,PASS,RP16-T03,T-RP-10,,PENDING_DECISION,Applicable conditional gates only; no execution authorization granted; before negative tests prove authorized success fixture and current candidate,Rejected operation: no unapproved durable changes; failed run retains recoverable copy/last safe state; rollback or containment must match current schema/protocol,TASK_GRAPH.json/RP16-T03,,execution/RP16/RP16-T03/runs/2026-10-06-continuous-remediation-01/acceptance.json,Codex single executor,"[{""taskId"":""RP16-T03"",""ref"":""T-RP-10"",""before"":""IMPLEMENTATION"",""condition"":""always""}]",APPLICABLE_ACTIVATED_SCOPE_ONLY,DRAFT_NOT_APPROVED,Current dirty-worktree hashes: execution/RP16/RP16-T03/runs/2026-10-06-continuous-remediation-01/evidence/source-hashes.json,CURRENT_LOCAL_OWNED_RUNTIME
TASK-RP17-T01,,RP17,SUBTASK_DELIVERY,OWNED_ISOLATED_RUNTIME_OR_TARGET_ENV,实际目录staging与不可变发布：design/implementation/evidence per approved scope；本任务和适用合同完成且证据通过；条件任务未获准不激活。,exact baseline+approved scope+owned fixture/auth success preconditions+command/exit/log+actual DB/IDB/file state+cleanup; document gates use attributable static review/approval artifacts,ENV_BLOCKED,RP17-T01,,,PROPOSED_ACCEPTANCE,Applicable conditional gates only; no execution authorization granted; before negative tests prove authorized success fixture and current candidate,Rejected operation: no unapproved durable changes; failed run retains recoverable copy/last safe state; rollback or containment must match current schema/protocol,TASK_GRAPH.json/RP17-T01,,execution/RP17/RP17-T01/acceptance.json#TASK-RP17-T01,UNASSIGNED,[],APPLICABLE_ACTIVATED_SCOPE_ONLY,DRAFT_NOT_APPROVED,TO_BE_RECORDED_ON_EXECUTION,PLANNED_ONLY_NOT_EVIDENCE
TASK-RP17-T02,,RP17,SUBTASK_DELIVERY,OWNED_ISOLATED_RUNTIME_OR_TARGET_ENV,并发备份run锁/manifest/pair保留：design/implementation/evidence per approved scope；本任务和适用合同完成且证据通过；条件任务未获准不激活。,exact baseline+approved scope+owned fixture/auth success preconditions+command/exit/log+actual DB/IDB/file state+cleanup; document gates use attributable static review/approval artifacts,PASS,RP17-T02,T-RP-11,,PENDING_DECISION,Applicable conditional gates only; no execution authorization granted; before negative tests prove authorized success fixture and current candidate,Rejected operation: no unapproved durable changes; failed run retains recoverable copy/last safe state; rollback or containment must match current schema/protocol,TASK_GRAPH.json/RP17-T02,,execution/RP17/RP17-T02/runs/2026-10-06-continuous-remediation-01/acceptance.json,Codex single executor,"[{""taskId"":""RP17-T02"",""ref"":""T-RP-11"",""before"":""IMPLEMENTATION"",""condition"":""always""}]",APPLICABLE_ACTIVATED_SCOPE_ONLY,DRAFT_NOT_APPROVED,Current dirty-worktree hashes: execution/RP17/RP17-T02/runs/2026-10-06-continuous-remediation-01/evidence/source-hashes.json,CURRENT_LOCAL_OWNED_RUNTIME
TASK-RP17-T03,,RP17,SUBTASK_DELIVERY,OWNED_ISOLATED_RUNTIME_OR_TARGET_ENV,目标Linux/inode/metadata及失败验收：design/implementation/evidence per approved scope；本任务和适用合同完成且证据通过；条件任务未获准不激活。,exact baseline+approved scope+owned fixture/auth success preconditions+command/exit/log+actual DB/IDB/file state+cleanup; document gates use attributable static review/approval artifacts,ENV_BLOCKED,RP17-T03,,S05-OI-01,PROPOSED_ACCEPTANCE,Applicable conditional gates only; no execution authorization granted; before negative tests prove authorized success fixture and current candidate,Rejected operation: no unapproved durable changes; failed run retains recoverable copy/last safe state; rollback or containment must match current schema/protocol,TASK_GRAPH.json/RP17-T03,,execution/RP17/RP17-T03/runs/2026-10-06-continuous-remediation-01/acceptance.json,Codex single executor,"[{""taskId"":""RP17-T03"",""ref"":""S05-OI-01"",""before"":""VALIDATION"",""condition"":""always""}]",APPLICABLE_ACTIVATED_SCOPE_ONLY,DRAFT_NOT_APPROVED,TO_BE_RECORDED_ON_EXECUTION,CURRENT_LOCAL_RUNTIME_LIMIT
TASK-RP18-T01,,RP18,SUBTASK_DELIVERY,OWNED_ISOLATED_RUNTIME_OR_TARGET_ENV,先build candidate/config CLI后gate/DDL：design/implementation/evidence per approved scope；本任务和适用合同完成且证据通过；条件任务未获准不激活。,exact baseline+approved scope+owned fixture/auth success preconditions+command/exit/log+actual DB/IDB/file state+cleanup; document gates use attributable static review/approval artifacts,PASS,RP18-T01,T-RP-08;T-RP-09,,PENDING_DECISION,Applicable conditional gates only; no execution authorization granted; before negative tests prove authorized success fixture and current candidate,Rejected operation: no unapproved durable changes; failed run retains recoverable copy/last safe state; rollback or containment must match current schema/protocol,TASK_GRAPH.json/RP18-T01,,execution/RP18/RP18-T01/runs/2026-10-06-continuous-remediation-01/acceptance.json,Codex single executor,"[{""taskId"":""RP18-T01"",""ref"":""T-RP-08"",""before"":""IMPLEMENTATION"",""condition"":""always""},{""taskId"":""RP18-T01"",""ref"":""T-RP-09"",""before"":""IMPLEMENTATION"",""condition"":""always""}]",APPLICABLE_ACTIVATED_SCOPE_ONLY,DRAFT_NOT_APPROVED,Current dirty-worktree hashes: execution/RP18/RP18-T01/runs/2026-10-06-continuous-remediation-01/evidence/source-hashes.json,CURRENT_LOCAL_OWNED_RUNTIME
TASK-RP18-T02,,RP18,SUBTASK_DELIVERY,OWNED_ISOLATED_RUNTIME_OR_TARGET_ENV,部署锁/原子切流/first-safe rollback：design/implementation/evidence per approved scope；本任务和适用合同完成且证据通过；条件任务未获准不激活。,exact baseline+approved scope+owned fixture/auth success preconditions+command/exit/log+actual DB/IDB/file state+cleanup; document gates use attributable static review/approval artifacts,PASS,RP18-T02,T-RP-13,S05-OI-05,PENDING_DECISION,Applicable conditional gates only; no execution authorization granted; before negative tests prove authorized success fixture and current candidate,Rejected operation: no unapproved durable changes; failed run retains recoverable copy/last safe state; rollback or containment must match current schema/protocol,TASK_GRAPH.json/RP18-T02,,execution/RP18/RP18-T02/runs/2026-10-06-continuous-remediation-01/acceptance.json,Codex single executor,"[{""taskId"":""RP18-T02"",""ref"":""T-RP-13"",""before"":""IMPLEMENTATION"",""condition"":""always""},{""taskId"":""RP18-T02"",""ref"":""S05-OI-05"",""before"":""RELEASE"",""condition"":""always""}]",APPLICABLE_ACTIVATED_SCOPE_ONLY,DRAFT_NOT_APPROVED,Current dirty-worktree hashes: execution/RP18/RP18-T02/runs/2026-10-06-continuous-remediation-01/evidence/source-hashes.json,CURRENT_LOCAL_OWNED_RUNTIME
TASK-RP18-T03,,RP18,SUBTASK_DELIVERY,OWNED_ISOLATED_RUNTIME_OR_TARGET_ENV,目标运行配置/版本兼容验证：design/implementation/evidence per approved scope；本任务和适用合同完成且证据通过；条件任务未获准不激活。,exact baseline+approved scope+owned fixture/auth success preconditions+command/exit/log+actual DB/IDB/file state+cleanup; document gates use attributable static review/approval artifacts,ENV_BLOCKED,RP18-T03,T-RP-08,S05-OI-04,PENDING_DECISION,Applicable conditional gates only; no execution authorization granted; before negative tests prove authorized success fixture and current candidate,Rejected operation: no unapproved durable changes; failed run retains recoverable copy/last safe state; rollback or containment must match current schema/protocol,TASK_GRAPH.json/RP18-T03,,execution/RP18/RP18-T03/runs/2026-10-06-continuous-remediation-01/acceptance.json,Codex single executor,"[{""taskId"":""RP18-T03"",""ref"":""S05-OI-04"",""before"":""VALIDATION"",""condition"":""always""},{""taskId"":""RP18-T03"",""ref"":""T-RP-08"",""before"":""IMPLEMENTATION"",""condition"":""always""}]",APPLICABLE_ACTIVATED_SCOPE_ONLY,DRAFT_NOT_APPROVED,TO_BE_RECORDED_ON_EXECUTION,CURRENT_LOCAL_RUNTIME_LIMIT
TASK-RP19-T01,,RP19,SUBTASK_DELIVERY,OWNED_ISOLATED_RUNTIME_OR_TARGET_ENV,R12-N01候选外部协调证据裁定：design/implementation/evidence per approved scope；本任务和适用合同完成且证据通过；条件任务未获准不激活。,exact baseline+approved scope+owned fixture/auth success preconditions+command/exit/log+actual DB/IDB/file state+cleanup; document gates use attributable static review/approval artifacts,ENV_BLOCKED,RP19-T01,,S05-OI-02,PROPOSED_ACCEPTANCE,Applicable conditional gates only; no execution authorization granted; before negative tests prove authorized success fixture and current candidate,Rejected operation: no unapproved durable changes; failed run retains recoverable copy/last safe state; rollback or containment must match current schema/protocol,TASK_GRAPH.json/RP19-T01,,execution/RP19/RP19-T01/acceptance.json,UNASSIGNED,"[{""taskId"":""RP19-T01"",""ref"":""S05-OI-02"",""before"":""VALIDATION"",""condition"":""always""}]",APPLICABLE_ACTIVATED_SCOPE_ONLY,DRAFT_NOT_APPROVED,TO_BE_RECORDED_ON_EXECUTION,PLANNED_ONLY_NOT_EVIDENCE
TASK-RP19-T02,,RP19,SUBTASK_DELIVERY,OWNED_ISOLATED_RUNTIME_OR_TARGET_ENV,配对恢复/一致时点/epoch演练：design/implementation/evidence per approved scope；本任务和适用合同完成且证据通过；条件任务未获准不激活。,exact baseline+approved scope+owned fixture/auth success preconditions+command/exit/log+actual DB/IDB/file state+cleanup; document gates use attributable static review/approval artifacts,ENV_BLOCKED,RP19-T02,T-RP-10,S05-OI-02,PENDING_DECISION,Applicable conditional gates only; no execution authorization granted; before negative tests prove authorized success fixture and current candidate,Rejected operation: no unapproved durable changes; failed run retains recoverable copy/last safe state; rollback or containment must match current schema/protocol,TASK_GRAPH.json/RP19-T02,,execution/RP19/RP19-T02/runs/2026-10-06-continuous-remediation-01/acceptance.json,Codex single executor,"[{""taskId"":""RP19-T02"",""ref"":""T-RP-10"",""before"":""IMPLEMENTATION"",""condition"":""always""},{""taskId"":""RP19-T02"",""ref"":""S05-OI-02"",""before"":""VALIDATION"",""condition"":""always""}]",APPLICABLE_ACTIVATED_SCOPE_ONLY,DRAFT_NOT_APPROVED,TO_BE_RECORDED_ON_EXECUTION,CURRENT_LOCAL_RUNTIME_LIMIT
TASK-RP19-T03,,RP19,SUBTASK_DELIVERY,OWNED_ISOLATED_RUNTIME_OR_TARGET_ENV,按具体candidate范围计算release gates：design/implementation/evidence per approved scope；本任务和适用合同完成且证据通过；条件任务未获准不激活。,exact baseline+approved scope+owned fixture/auth success preconditions+command/exit/log+actual DB/IDB/file state+cleanup; document gates use attributable static review/approval artifacts,PASS,RP19-T03,T-RP-13,S05-OI-04;S05-OI-05,PENDING_DECISION,Applicable conditional gates only; no execution authorization granted; before negative tests prove authorized success fixture and current candidate,Rejected operation: no unapproved durable changes; failed run retains recoverable copy/last safe state; rollback or containment must match current schema/protocol,TASK_GRAPH.json/RP19-T03,,execution/RP19/RP19-T03/runs/2026-10-06-continuous-remediation-01/acceptance.json,Codex single executor,"[{""taskId"":""RP19-T03"",""ref"":""S05-OI-04"",""before"":""RELEASE"",""condition"":""always""},{""taskId"":""RP19-T03"",""ref"":""S05-OI-05"",""before"":""RELEASE"",""condition"":""always""},{""taskId"":""RP19-T03"",""ref"":""T-RP-13"",""before"":""IMPLEMENTATION"",""condition"":""always""}]",APPLICABLE_ACTIVATED_SCOPE_ONLY,DRAFT_NOT_APPROVED,Current dirty-worktree hashes: execution/RP19/RP19-T03/runs/2026-10-06-continuous-remediation-01/evidence/source-hashes.json,CURRENT_LOCAL_OWNED_RUNTIME
TASK-RP19-T04,,RP19,SUBTASK_DELIVERY,OWNED_ISOLATED_RUNTIME_OR_TARGET_ENV,"32confirmed+candidate总体处置对账：programme closure checks all confirmed, supporting data tasks and candidate outcome; accepted risk != FIXED；本任务和适用合同完成且证据通过；条件任务未获准不激活。",exact baseline+approved scope+owned fixture/auth success preconditions+command/exit/log+actual DB/IDB/file state+cleanup; document gates use attributable static review/approval artifacts,ENV_BLOCKED,RP19-T04,,,PROPOSED_ACCEPTANCE,Applicable conditional gates only; no execution authorization granted; before negative tests prove authorized success fixture and current candidate,Rejected operation: no unapproved durable changes; failed run retains recoverable copy/last safe state; rollback or containment must match current schema/protocol,TASK_GRAPH.json/RP19-T04,,execution/RP19/RP19-T04/runs/2026-10-06-continuous-remediation-01/acceptance.json,Codex single executor,[],APPLICABLE_ACTIVATED_SCOPE_ONLY,DRAFT_NOT_APPROVED,TO_BE_RECORDED_ON_EXECUTION,CURRENT_LOCAL_RUNTIME_LIMIT
INT-PC01-01,,"RP01,RP02,RP03,RP11,RP18",CROSS_PACKAGE_CONTRACT,OWNED_ISOLATED_BARRIER_BROWSER_DB_FILES,屏障控制双tab同family刷新、旧失败、旧成功、退出/切换B及原请求重放；核对双方token generation、DB会话、实际request actor，日志不记录token。,exact baseline+approved scope+owned fixture/auth success preconditions+command/exit/log+actual DB/IDB/file state+cleanup; document gates use attributable static review/approval artifacts,NOT_RUN,RP00-T04;RP02-T02;RP03-T01;RP03-T02;RP11-T01;RP18-T01,T-RP-09;D-S01-04;T-RP-12;T-RP-08,D-S01-04;S02-OPEN-05;S03-OI-06;S02-OPEN-01;S02-OPEN-02,PENDING_DECISION,Applicable conditional gates only; no execution authorization granted; before negative tests prove authorized success fixture and current candidate,Rejected operation: no unapproved durable changes; failed run retains recoverable copy/last safe state; rollback or containment must match current schema/protocol,CROSS_PACKAGE_CONTRACTS.json/PC01,,execution/RP00/RP00-T04/acceptance.json,UNASSIGNED,"[{""taskId"":""RP00-T04"",""ref"":""T-RP-09"",""before"":""VALIDATION"",""condition"":""always""},{""taskId"":""RP02-T02"",""ref"":""T-RP-09"",""before"":""IMPLEMENTATION"",""condition"":""always""},{""taskId"":""RP03-T01"",""ref"":""T-RP-09"",""before"":""IMPLEMENTATION"",""condition"":""always""},{""taskId"":""RP03-T01"",""ref"":""S02-OPEN-05"",""before"":""VALIDATION"",""condition"":""always""},{""taskId"":""RP03-T02"",""ref"":""D-S01-04"",""before"":""IMPLEMENTATION"",""condition"":""always""},{""taskId"":""RP03-T02"",""ref"":""T-RP-09"",""before"":""IMPLEMENTATION"",""condition"":""always""},{""taskId"":""RP03-T02"",""ref"":""S03-OI-06"",""before"":""IMPLEMENTATION"",""condition"":""same D-S01-04 approval; no second approval required""},{""taskId"":""RP11-T01"",""ref"":""T-RP-09"",""before"":""IMPLEMENTATION"",""condition"":""always""},{""taskId"":""RP11-T01"",""ref"":""T-RP-12"",""before"":""IMPLEMENTATION"",""condition"":""always""},{""taskId"":""RP11-T01"",""ref"":""S02-OPEN-01"",""before"":""VALIDATION"",""condition"":""always""},{""taskId"":""RP11-T01"",""ref"":""S02-OPEN-02"",""before"":""VALIDATION"",""condition"":""always""},{""taskId"":""RP18-T01"",""ref"":""T-RP-08"",""before"":""IMPLEMENTATION"",""condition"":""always""},{""taskId"":""RP18-T01"",""ref"":""T-RP-09"",""before"":""IMPLEMENTATION"",""condition"":""always""}]",APPLICABLE_ACTIVATED_SCOPE_ONLY,DRAFT_NOT_APPROVED,TO_BE_RECORDED_ON_EXECUTION,PLANNED_ONLY_NOT_EVIDENCE
INT-PC02-01,,"RP01,RP06,RP07,RP08,RP09,RP14",CROSS_PACKAGE_CONTRACT,OWNED_ISOLATED_BARRIER_BROWSER_DB_FILES,合法成功夹具后分别撤权/降级，覆盖HTTP、sync、registration、文件别名；比较返回字段及DB副作用，不能用401或不存在夹具证明授权隔离。,exact baseline+approved scope+owned fixture/auth success preconditions+command/exit/log+actual DB/IDB/file state+cleanup; document gates use attributable static review/approval artifacts,NOT_RUN,RP01-T02;RP06-T01;RP07-T02;RP08-T01;RP09-T01;RP14-T02,D-S01-01;D-S01-05;D-S01-06;T-RP-05;D-S01-02;T-RP-02;T-RP-07,D-S01-01;D-S01-05;D-S01-06;D-S01-02;S03-OI-07;S03-OI-05,PENDING_DECISION,Applicable conditional gates only; no execution authorization granted; before negative tests prove authorized success fixture and current candidate,Rejected operation: no unapproved durable changes; failed run retains recoverable copy/last safe state; rollback or containment must match current schema/protocol,CROSS_PACKAGE_CONTRACTS.json/PC02,,,UNASSIGNED,"[{""taskId"":""RP01-T02"",""ref"":""D-S01-01"",""before"":""IMPLEMENTATION"",""condition"":""always""},{""taskId"":""RP01-T02"",""ref"":""D-S01-02"",""before"":""IMPLEMENTATION"",""condition"":""only forced-password-change/business allowlist sub-scope; rank/reset protection uses D-S01-01 independently""},{""taskId"":""RP06-T01"",""ref"":""D-S01-05"",""before"":""IMPLEMENTATION"",""condition"":""always""},{""taskId"":""RP07-T02"",""ref"":""D-S01-06"",""before"":""IMPLEMENTATION"",""condition"":""always""},{""taskId"":""RP07-T02"",""ref"":""S03-OI-07"",""before"":""IMPLEMENTATION"",""condition"":""same D-S01-06 approval; no second approval required""},{""taskId"":""RP08-T01"",""ref"":""D-S01-05"",""before"":""IMPLEMENTATION"",""condition"":""only if registration global exception is requested""},{""taskId"":""RP09-T01"",""ref"":""T-RP-02"",""before"":""IMPLEMENTATION"",""condition"":""always""},{""taskId"":""RP09-T01"",""ref"":""T-RP-07"",""before"":""IMPLEMENTATION"",""condition"":""delete command adapter modified""},{""taskId"":""RP09-T01"",""ref"":""S03-OI-05"",""before"":""IMPLEMENTATION"",""condition"":""only if stale/delete command adapter is changed; no gate on unrelated task fields or report snapshot""},{""taskId"":""RP14-T02"",""ref"":""T-RP-05"",""before"":""IMPLEMENTATION"",""condition"":""always""}]",APPLICABLE_ACTIVATED_SCOPE_ONLY,DRAFT_NOT_APPROVED,HEAD 138cf2da1b63195cef7e884f69bdf8ded6ed3c21; exact current dirty-worktree hashes execution/reviews/2026-10-03-codebuddy-followup/evidence/start-baseline.json; local scope only,PLANNED_ONLY_NOT_EVIDENCE
INT-PC03-01,,"RP04,RP05,RP07,RP09,RP10,RP12",CROSS_PACKAGE_CONTRACT,OWNED_ISOLATED_BARRIER_BROWSER_DB_FILES,业务写后/receipt前/提交后响应丢失等屏障和同key竞争；查DB业务/审计/receipt及客户端最后副本。同key异hash/异actor拒绝且无副作用，提交一次。,exact baseline+approved scope+owned fixture/auth success preconditions+command/exit/log+actual DB/IDB/file state+cleanup; document gates use attributable static review/approval artifacts,NOT_RUN,RP00-T02;RP04-T02;RP05-T02;RP07-T01;RP09-T01;RP09-T02;RP10-T02;RP12-T02,T-RP-02;T-RP-07;D-S01-08;D-S01-07;T-RP-12,S03-OI-03;S03-OI-04;D-S01-08;S03-OI-05;S03-OI-02;D-S01-07,PENDING_DECISION,Applicable conditional gates only; no execution authorization granted; before negative tests prove authorized success fixture and current candidate,Rejected operation: no unapproved durable changes; failed run retains recoverable copy/last safe state; rollback or containment must match current schema/protocol,CROSS_PACKAGE_CONTRACTS.json/PC03,,execution/final-regression-2026-10-02/RP07/rp07-project-status-shared/attempt-01/integration-suite.log,UNASSIGNED,"[{""taskId"":""RP00-T02"",""ref"":""S03-OI-03"",""before"":""VALIDATION"",""condition"":""always""},{""taskId"":""RP05-T02"",""ref"":""D-S01-08"",""before"":""IMPLEMENTATION"",""condition"":""always""},{""taskId"":""RP05-T02"",""ref"":""T-RP-07"",""before"":""IMPLEMENTATION"",""condition"":""always""},{""taskId"":""RP05-T02"",""ref"":""S03-OI-05"",""before"":""IMPLEMENTATION"",""condition"":""only if stale/delete command adapter is changed; no gate on unrelated task fields or report snapshot""},{""taskId"":""RP09-T01"",""ref"":""T-RP-02"",""before"":""IMPLEMENTATION"",""condition"":""always""},{""taskId"":""RP09-T01"",""ref"":""T-RP-07"",""before"":""IMPLEMENTATION"",""condition"":""delete command adapter modified""},{""taskId"":""RP09-T01"",""ref"":""S03-OI-05"",""before"":""IMPLEMENTATION"",""condition"":""only if stale/delete command adapter is changed; no gate on unrelated task fields or report snapshot""},{""taskId"":""RP09-T02"",""ref"":""S03-OI-02"",""before"":""VALIDATION"",""condition"":""always""},{""taskId"":""RP09-T02"",""ref"":""S03-OI-04"",""before"":""RELEASE"",""condition"":""always""},{""taskId"":""RP09-T02"",""ref"":""T-RP-02"",""before"":""IMPLEMENTATION"",""condition"":""always""},{""taskId"":""RP10-T02"",""ref"":""D-S01-07"",""before"":""IMPLEMENTATION"",""condition"":""source-state behavior changed""},{""taskId"":""RP12-T02"",""ref"":""T-RP-02"",""before"":""IMPLEMENTATION"",""condition"":""always""},{""taskId"":""RP12-T02"",""ref"":""T-RP-12"",""before"":""IMPLEMENTATION"",""condition"":""always""}]",APPLICABLE_ACTIVATED_SCOPE_ONLY,DRAFT_NOT_APPROVED,HEAD 138cf2da1b63195cef7e884f69bdf8ded6ed3c21; exact current dirty-worktree hashes execution/reviews/2026-10-03-codebuddy-followup/evidence/start-baseline.json; local scope only,PLANNED_ONLY_NOT_EVIDENCE
INT-PC04-01,,"RP03,RP08,RP11,RP12,RP13",CROSS_PACKAGE_CONTRACT,OWNED_ISOLATED_BARRIER_BROWSER_DB_FILES,真实浏览器两tab持旧连接、v1/v2夹具升级、abort/关闭重开、quota和事务失活故障；比较owner、条数、内容hash及可恢复副本，不仅fake-indexeddb通过。,exact baseline+approved scope+owned fixture/auth success preconditions+command/exit/log+actual DB/IDB/file state+cleanup; document gates use attributable static review/approval artifacts,ENV_BLOCKED,RP11-T01;RP11-T02;RP11-T03;RP12-T01;RP13-T03,T-RP-01;T-RP-09;T-RP-12;T-RP-11;T-RP-04;T-RP-10;D-S01-08,S02-OPEN-06;S02-OPEN-07;S02-OPEN-01;S02-OPEN-02;S02-OPEN-03;S02-OPEN-04;S03-OI-04;D-S01-08,PENDING_DECISION,Applicable conditional gates only; no execution authorization granted; before negative tests prove authorized success fixture and current candidate,Rejected operation: no unapproved durable changes; failed run retains recoverable copy/last safe state; rollback or containment must match current schema/protocol,CROSS_PACKAGE_CONTRACTS.json/PC04,,execution/RP11/RP11-T03/runs/2026-10-06-continuous-remediation-01/acceptance.json,Codex single executor,"[{""taskId"":""RP11-T01"",""ref"":""T-RP-09"",""before"":""IMPLEMENTATION"",""condition"":""always""},{""taskId"":""RP11-T01"",""ref"":""T-RP-12"",""before"":""IMPLEMENTATION"",""condition"":""always""},{""taskId"":""RP11-T01"",""ref"":""S02-OPEN-01"",""before"":""VALIDATION"",""condition"":""always""},{""taskId"":""RP11-T01"",""ref"":""S02-OPEN-02"",""before"":""VALIDATION"",""condition"":""always""},{""taskId"":""RP11-T02"",""ref"":""T-RP-01"",""before"":""IMPLEMENTATION"",""condition"":""always""},{""taskId"":""RP11-T02"",""ref"":""S02-OPEN-06"",""before"":""VALIDATION"",""condition"":""always""},{""taskId"":""RP11-T02"",""ref"":""S02-OPEN-07"",""before"":""VALIDATION"",""condition"":""always""},{""taskId"":""RP11-T03"",""ref"":""T-RP-12"",""before"":""IMPLEMENTATION"",""condition"":""always""},{""taskId"":""RP11-T03"",""ref"":""S02-OPEN-03"",""before"":""VALIDATION"",""condition"":""always""},{""taskId"":""RP12-T01"",""ref"":""S02-OPEN-04"",""before"":""VALIDATION"",""condition"":""always""},{""taskId"":""RP12-T01"",""ref"":""T-RP-11"",""before"":""IMPLEMENTATION"",""condition"":""always""},{""taskId"":""RP13-T03"",""ref"":""T-RP-04"",""before"":""IMPLEMENTATION"",""condition"":""always""},{""taskId"":""RP13-T03"",""ref"":""T-RP-10"",""before"":""IMPLEMENTATION"",""condition"":""always""},{""taskId"":""RP13-T03"",""ref"":""S03-OI-04"",""before"":""RELEASE"",""condition"":""always""},{""taskId"":""RP13-T03"",""ref"":""D-S01-08"",""before"":""IMPLEMENTATION"",""condition"":""only when approved delete/live-reference/tombstone semantics are changed""}]",APPLICABLE_ACTIVATED_SCOPE_ONLY,DRAFT_NOT_APPROVED,TO_BE_RECORDED_ON_EXECUTION,CURRENT_LOCAL_RUNTIME_LIMIT
INT-PC05-01,,"RP08,RP09,RP11,RP13,RP15",CROSS_PACKAGE_CONTRACT,OWNED_ISOLATED_BARRIER_BROWSER_DB_FILES,屏障乱序提交与同资源旧revision迟发布、大分页、snapshot中写入/撤权、TTL到期重建；以权威DB合法集合比较客户端最终state，确认不能倒退revision、越权或丢本地待同步修改。,exact baseline+approved scope+owned fixture/auth success preconditions+command/exit/log+actual DB/IDB/file state+cleanup; document gates use attributable static review/approval artifacts,NOT_RUN,RP08-T02;RP09-T01;RP13-T02;RP13-T03,T-RP-04;T-RP-10;T-RP-12;T-RP-02;T-RP-07;D-S01-08,S03-OI-01;S03-OI-04;S02-OPEN-02;S03-OI-05;D-S01-08,PENDING_DECISION,Applicable conditional gates only; no execution authorization granted; before negative tests prove authorized success fixture and current candidate,Rejected operation: no unapproved durable changes; failed run retains recoverable copy/last safe state; rollback or containment must match current schema/protocol,CROSS_PACKAGE_CONTRACTS.json/PC05,,,UNASSIGNED,"[{""taskId"":""RP08-T02"",""ref"":""T-RP-04"",""before"":""IMPLEMENTATION"",""condition"":""always""},{""taskId"":""RP08-T02"",""ref"":""T-RP-12"",""before"":""IMPLEMENTATION"",""condition"":""always""},{""taskId"":""RP08-T02"",""ref"":""S02-OPEN-02"",""before"":""VALIDATION"",""condition"":""joint authorized cache/page fallback acceptance""},{""taskId"":""RP09-T01"",""ref"":""T-RP-02"",""before"":""IMPLEMENTATION"",""condition"":""always""},{""taskId"":""RP09-T01"",""ref"":""T-RP-07"",""before"":""IMPLEMENTATION"",""condition"":""delete command adapter modified""},{""taskId"":""RP09-T01"",""ref"":""S03-OI-05"",""before"":""IMPLEMENTATION"",""condition"":""only if stale/delete command adapter is changed; no gate on unrelated task fields or report snapshot""},{""taskId"":""RP13-T02"",""ref"":""T-RP-04"",""before"":""VALIDATION"",""condition"":""always""},{""taskId"":""RP13-T02"",""ref"":""T-RP-10"",""before"":""VALIDATION"",""condition"":""always""},{""taskId"":""RP13-T02"",""ref"":""S03-OI-01"",""before"":""VALIDATION"",""condition"":""always""},{""taskId"":""RP13-T03"",""ref"":""T-RP-04"",""before"":""IMPLEMENTATION"",""condition"":""always""},{""taskId"":""RP13-T03"",""ref"":""T-RP-10"",""before"":""IMPLEMENTATION"",""condition"":""always""},{""taskId"":""RP13-T03"",""ref"":""S03-OI-04"",""before"":""RELEASE"",""condition"":""always""},{""taskId"":""RP13-T03"",""ref"":""D-S01-08"",""before"":""IMPLEMENTATION"",""condition"":""only when approved delete/live-reference/tombstone semantics are changed""}]",APPLICABLE_ACTIVATED_SCOPE_ONLY,DRAFT_NOT_APPROVED,TO_BE_RECORDED_ON_EXECUTION,PLANNED_ONLY_NOT_EVIDENCE
INT-PC06-01,,"RP03,RP09,RP11,RP13,RP16,RP19",CROSS_PACKAGE_CONTRACT,OWNED_ISOLATED_BARRIER_BROWSER_DB_FILES,恢复到旧时点后重放旧JWT/refresh/key/cursor及本地草稿，确认获准撤销/隔离效果；注入commit前和后故障，核对真实数据count/epoch/status，恢复后写屏障解除有明确证据。,exact baseline+approved scope+owned fixture/auth success preconditions+command/exit/log+actual DB/IDB/file state+cleanup; document gates use attributable static review/approval artifacts,NOT_RUN,RP03-T02;RP09-T02;RP11-T03;RP13-T03;RP16-T03;RP19-T02,T-RP-06;T-RP-10;D-S01-04;T-RP-09;T-RP-02;T-RP-12;T-RP-04;D-S01-08,D-S01-04;S03-OI-06;S03-OI-02;S03-OI-04;S02-OPEN-03;D-S01-08;S05-OI-02,PENDING_DECISION,Applicable conditional gates only; no execution authorization granted; before negative tests prove authorized success fixture and current candidate,Rejected operation: no unapproved durable changes; failed run retains recoverable copy/last safe state; rollback or containment must match current schema/protocol,CROSS_PACKAGE_CONTRACTS.json/PC06,,,UNASSIGNED,"[{""taskId"":""RP03-T02"",""ref"":""D-S01-04"",""before"":""IMPLEMENTATION"",""condition"":""always""},{""taskId"":""RP03-T02"",""ref"":""T-RP-09"",""before"":""IMPLEMENTATION"",""condition"":""always""},{""taskId"":""RP03-T02"",""ref"":""S03-OI-06"",""before"":""IMPLEMENTATION"",""condition"":""same D-S01-04 approval; no second approval required""},{""taskId"":""RP09-T02"",""ref"":""S03-OI-02"",""before"":""VALIDATION"",""condition"":""always""},{""taskId"":""RP09-T02"",""ref"":""S03-OI-04"",""before"":""RELEASE"",""condition"":""always""},{""taskId"":""RP09-T02"",""ref"":""T-RP-02"",""before"":""IMPLEMENTATION"",""condition"":""always""},{""taskId"":""RP11-T03"",""ref"":""T-RP-12"",""before"":""IMPLEMENTATION"",""condition"":""always""},{""taskId"":""RP11-T03"",""ref"":""S02-OPEN-03"",""before"":""VALIDATION"",""condition"":""always""},{""taskId"":""RP13-T03"",""ref"":""T-RP-04"",""before"":""IMPLEMENTATION"",""condition"":""always""},{""taskId"":""RP13-T03"",""ref"":""T-RP-10"",""before"":""IMPLEMENTATION"",""condition"":""always""},{""taskId"":""RP13-T03"",""ref"":""S03-OI-04"",""before"":""RELEASE"",""condition"":""always""},{""taskId"":""RP13-T03"",""ref"":""D-S01-08"",""before"":""IMPLEMENTATION"",""condition"":""only when approved delete/live-reference/tombstone semantics are changed""},{""taskId"":""RP16-T03"",""ref"":""T-RP-10"",""before"":""IMPLEMENTATION"",""condition"":""always""},{""taskId"":""RP19-T02"",""ref"":""T-RP-10"",""before"":""IMPLEMENTATION"",""condition"":""always""},{""taskId"":""RP19-T02"",""ref"":""S05-OI-02"",""before"":""VALIDATION"",""condition"":""always""}]",APPLICABLE_ACTIVATED_SCOPE_ONLY,DRAFT_NOT_APPROVED,TO_BE_RECORDED_ON_EXECUTION,PLANNED_ONLY_NOT_EVIDENCE
INT-PC07-01,,"RP04,RP05,RP07,RP15,RP16",CROSS_PACKAGE_CONTRACT,OWNED_ISOLATED_BARRIER_BROWSER_DB_FILES,合成异常和相反边屏障、迁移中断/恢复、并发HTTP/sync/restore；核对全unique/FK/live关系与有界锁/查询资源。真实异常统计只能在另行获准只读副本做。,exact baseline+approved scope+owned fixture/auth success preconditions+command/exit/log+actual DB/IDB/file state+cleanup; document gates use attributable static review/approval artifacts,NOT_RUN,RP05-T01;RP05-T03;RP15-T01;RP15-T02;RP15-T03;RP16-T02,D-S01-06;D-S01-08;T-RP-06;T-RP-11,D-S01-06;D-S01-08;S04-OI-01;S05-OI-03,PENDING_DECISION,Applicable conditional gates only; no execution authorization granted; before negative tests prove authorized success fixture and current candidate,Rejected operation: no unapproved durable changes; failed run retains recoverable copy/last safe state; rollback or containment must match current schema/protocol,CROSS_PACKAGE_CONTRACTS.json/PC07,,execution/RP15/RP15-T01/acceptance.json#INT-PC07-01,UNASSIGNED,"[{""taskId"":""RP05-T03"",""ref"":""D-S01-08"",""before"":""IMPLEMENTATION"",""condition"":""DAG/live policy approved""},{""taskId"":""RP05-T03"",""ref"":""T-RP-11"",""before"":""VALIDATION"",""condition"":""always""},{""taskId"":""RP15-T01"",""ref"":""S04-OI-01"",""before"":""VALIDATION"",""condition"":""always""},{""taskId"":""RP15-T02"",""ref"":""D-S01-08"",""before"":""IMPLEMENTATION"",""condition"":""always""},{""taskId"":""RP15-T02"",""ref"":""T-RP-11"",""before"":""IMPLEMENTATION"",""condition"":""always""},{""taskId"":""RP15-T03"",""ref"":""D-S01-08"",""before"":""IMPLEMENTATION"",""condition"":""always""},{""taskId"":""RP15-T03"",""ref"":""T-RP-11"",""before"":""VALIDATION"",""condition"":""always""},{""taskId"":""RP16-T02"",""ref"":""T-RP-06"",""before"":""IMPLEMENTATION"",""condition"":""always""},{""taskId"":""RP16-T02"",""ref"":""S05-OI-03"",""before"":""VALIDATION"",""condition"":""always""}]",APPLICABLE_ACTIVATED_SCOPE_ONLY,DRAFT_NOT_APPROVED,TO_BE_RECORDED_ON_EXECUTION,PLANNED_ONLY_NOT_EVIDENCE
INT-PC08-01,,"RP17,RP19",CROSS_PACKAGE_CONTRACT,OWNED_ISOLATED_BARRIER_BROWSER_DB_FILES,目标Linux/同FS跨FS、两并发备份、同时间戳、内容/metadata变化与失败清理；两轮hash/inode/stat/pair manifest和实际恢复完整性核对。R12-N01没有共同恢复点证据前保持候选。,exact baseline+approved scope+owned fixture/auth success preconditions+command/exit/log+actual DB/IDB/file state+cleanup; document gates use attributable static review/approval artifacts,NOT_RUN,RP17-T01;RP17-T02;RP17-T03;RP19-T02,T-RP-10;T-RP-11,S05-OI-01;S05-OI-02,PENDING_DECISION,Applicable conditional gates only; no execution authorization granted; before negative tests prove authorized success fixture and current candidate,Rejected operation: no unapproved durable changes; failed run retains recoverable copy/last safe state; rollback or containment must match current schema/protocol,CROSS_PACKAGE_CONTRACTS.json/PC08,,,UNASSIGNED,"[{""taskId"":""RP17-T02"",""ref"":""T-RP-11"",""before"":""IMPLEMENTATION"",""condition"":""always""},{""taskId"":""RP17-T03"",""ref"":""S05-OI-01"",""before"":""VALIDATION"",""condition"":""always""},{""taskId"":""RP19-T02"",""ref"":""T-RP-10"",""before"":""IMPLEMENTATION"",""condition"":""always""},{""taskId"":""RP19-T02"",""ref"":""S05-OI-02"",""before"":""VALIDATION"",""condition"":""always""}]",APPLICABLE_ACTIVATED_SCOPE_ONLY,DRAFT_NOT_APPROVED,TO_BE_RECORDED_ON_EXECUTION,PLANNED_ONLY_NOT_EVIDENCE
INT-PC09-01,,"RP00,RP18,RP19",CROSS_PACKAGE_CONTRACT,OWNED_ISOLATED_BARRIER_BROWSER_DB_FILES,只启动临时candidate，证明dist CLI与start实际配置一致；build/config失败不执行DDL/切流；真实auth模式/CORS/export行为用合法夹具验收，保留artifact hash。,exact baseline+approved scope+owned fixture/auth success preconditions+command/exit/log+actual DB/IDB/file state+cleanup; document gates use attributable static review/approval artifacts,ENV_BLOCKED,RP00-T01;RP18-T01;RP18-T03;RP19-T03,T-RP-08;T-RP-09;T-RP-13,S05-OI-04;S00-OI-01;S05-OI-05,PENDING_DECISION,Applicable conditional gates only; no execution authorization granted; before negative tests prove authorized success fixture and current candidate,Rejected operation: no unapproved durable changes; failed run retains recoverable copy/last safe state; rollback or containment must match current schema/protocol,CROSS_PACKAGE_CONTRACTS.json/PC09,,execution/RP01/RP01-T01/evidence/build.log,Codex executor,"[{""taskId"":""RP00-T01"",""ref"":""S00-OI-01"",""before"":""VALIDATION"",""condition"":""archive disposition only; missing historic startHead does not block any business task""},{""taskId"":""RP18-T01"",""ref"":""T-RP-08"",""before"":""IMPLEMENTATION"",""condition"":""always""},{""taskId"":""RP18-T01"",""ref"":""T-RP-09"",""before"":""IMPLEMENTATION"",""condition"":""always""},{""taskId"":""RP18-T03"",""ref"":""S05-OI-04"",""before"":""VALIDATION"",""condition"":""always""},{""taskId"":""RP18-T03"",""ref"":""T-RP-08"",""before"":""IMPLEMENTATION"",""condition"":""always""},{""taskId"":""RP19-T03"",""ref"":""S05-OI-04"",""before"":""RELEASE"",""condition"":""always""},{""taskId"":""RP19-T03"",""ref"":""S05-OI-05"",""before"":""RELEASE"",""condition"":""always""},{""taskId"":""RP19-T03"",""ref"":""T-RP-13"",""before"":""IMPLEMENTATION"",""condition"":""always""}]",APPLICABLE_ACTIVATED_SCOPE_ONLY,DRAFT_NOT_APPROVED,HEAD 138cf2da1b63195cef7e884f69bdf8ded6ed3c21,PLANNED_ONLY_NOT_EVIDENCE
INT-PC10-01,,"RP18,RP19",CROSS_PACKAGE_CONTRACT,OWNED_ISOLATED_BARRIER_BROWSER_DB_FILES,批准candidate includedTaskIds、schema/protocol兼容和安全rollback目标；build/迁移/健康/切流失败屏障证明旧或维护状态安全，禁止恢复已知危险旧路径。,exact baseline+approved scope+owned fixture/auth success preconditions+command/exit/log+actual DB/IDB/file state+cleanup; document gates use attributable static review/approval artifacts,NOT_RUN,RP18-T02;RP19-T03,T-RP-13,S05-OI-04;S05-OI-05,PENDING_DECISION,Applicable conditional gates only; no execution authorization granted; before negative tests prove authorized success fixture and current candidate,Rejected operation: no unapproved durable changes; failed run retains recoverable copy/last safe state; rollback or containment must match current schema/protocol,CROSS_PACKAGE_CONTRACTS.json/PC10,,,UNASSIGNED,"[{""taskId"":""RP18-T02"",""ref"":""T-RP-13"",""before"":""IMPLEMENTATION"",""condition"":""always""},{""taskId"":""RP18-T02"",""ref"":""S05-OI-05"",""before"":""RELEASE"",""condition"":""always""},{""taskId"":""RP19-T03"",""ref"":""S05-OI-04"",""before"":""RELEASE"",""condition"":""always""},{""taskId"":""RP19-T03"",""ref"":""S05-OI-05"",""before"":""RELEASE"",""condition"":""always""},{""taskId"":""RP19-T03"",""ref"":""T-RP-13"",""before"":""IMPLEMENTATION"",""condition"":""always""}]",APPLICABLE_ACTIVATED_SCOPE_ONLY,DRAFT_NOT_APPROVED,TO_BE_RECORDED_ON_EXECUTION,PLANNED_ONLY_NOT_EVIDENCE
INT-PC11-01,,"RP00,RP02,RP04,RP09,RP10,RP11,RP12,RP13,RP15,RP16,RP17,RP18,RP19",CROSS_PACKAGE_CONTRACT,OWNED_ISOLATED_BARRIER_BROWSER_DB_FILES,批准环境预算后受控压力及故障注入，记录baseline/阈值/计时/资源、锁/队列/发布和恢复点指标；缺数据ENV_BLOCKED，无动态运行NOT_RUN，结构检查不冒充产品验收。,exact baseline+approved scope+owned fixture/auth success preconditions+command/exit/log+actual DB/IDB/file state+cleanup; document gates use attributable static review/approval artifacts,NOT_RUN,RP00-T01;RP00-T05;RP19-T03,T-RP-11;T-RP-13,S00-OI-01;S05-OI-04;S05-OI-05,PENDING_DECISION,Applicable conditional gates only; no execution authorization granted; before negative tests prove authorized success fixture and current candidate,Rejected operation: no unapproved durable changes; failed run retains recoverable copy/last safe state; rollback or containment must match current schema/protocol,CROSS_PACKAGE_CONTRACTS.json/PC11,,execution/RP00/RP00-T05/acceptance.json,UNASSIGNED,"[{""taskId"":""RP00-T01"",""ref"":""S00-OI-01"",""before"":""VALIDATION"",""condition"":""archive disposition only; missing historic startHead does not block any business task""},{""taskId"":""RP00-T05"",""ref"":""T-RP-11"",""before"":""VALIDATION"",""condition"":""always""},{""taskId"":""RP00-T05"",""ref"":""T-RP-13"",""before"":""VALIDATION"",""condition"":""always""},{""taskId"":""RP19-T03"",""ref"":""S05-OI-04"",""before"":""RELEASE"",""condition"":""always""},{""taskId"":""RP19-T03"",""ref"":""S05-OI-05"",""before"":""RELEASE"",""condition"":""always""},{""taskId"":""RP19-T03"",""ref"":""T-RP-13"",""before"":""IMPLEMENTATION"",""condition"":""always""}]",APPLICABLE_ACTIVATED_SCOPE_ONLY,DRAFT_NOT_APPROVED,TO_BE_RECORDED_ON_EXECUTION,PLANNED_ONLY_NOT_EVIDENCE
INT-PC12-01,,"RP03,RP08,RP11,RP12,RP13,RP19",CROSS_PACKAGE_CONTRACT,OWNED_ISOLATED_BARRIER_BROWSER_DB_FILES,实际用户页面经历A到B、撤权、unknown receipt、oversize/quota、恢复和主动放弃；验证界面状态、持久payload和服务端副作用，审计导出/丢弃决定且不泄露其他owner数据。,exact baseline+approved scope+owned fixture/auth success preconditions+command/exit/log+actual DB/IDB/file state+cleanup; document gates use attributable static review/approval artifacts,NOT_RUN,RP11-T03;RP12-T02;RP13-T03;RP19-T03,T-RP-01;T-RP-12;T-RP-02;T-RP-04;T-RP-10;D-S01-08;T-RP-13,S02-OPEN-03;S03-OI-04;D-S01-08;S05-OI-04;S05-OI-05,PENDING_DECISION,Applicable conditional gates only; no execution authorization granted; before negative tests prove authorized success fixture and current candidate,Rejected operation: no unapproved durable changes; failed run retains recoverable copy/last safe state; rollback or containment must match current schema/protocol,CROSS_PACKAGE_CONTRACTS.json/PC12,,,UNASSIGNED,"[{""taskId"":""RP11-T03"",""ref"":""T-RP-12"",""before"":""IMPLEMENTATION"",""condition"":""always""},{""taskId"":""RP11-T03"",""ref"":""S02-OPEN-03"",""before"":""VALIDATION"",""condition"":""always""},{""taskId"":""RP12-T02"",""ref"":""T-RP-02"",""before"":""IMPLEMENTATION"",""condition"":""always""},{""taskId"":""RP12-T02"",""ref"":""T-RP-12"",""before"":""IMPLEMENTATION"",""condition"":""always""},{""taskId"":""RP13-T03"",""ref"":""T-RP-04"",""before"":""IMPLEMENTATION"",""condition"":""always""},{""taskId"":""RP13-T03"",""ref"":""T-RP-10"",""before"":""IMPLEMENTATION"",""condition"":""always""},{""taskId"":""RP13-T03"",""ref"":""S03-OI-04"",""before"":""RELEASE"",""condition"":""always""},{""taskId"":""RP13-T03"",""ref"":""D-S01-08"",""before"":""IMPLEMENTATION"",""condition"":""only when approved delete/live-reference/tombstone semantics are changed""},{""taskId"":""RP19-T03"",""ref"":""S05-OI-04"",""before"":""RELEASE"",""condition"":""always""},{""taskId"":""RP19-T03"",""ref"":""S05-OI-05"",""before"":""RELEASE"",""condition"":""always""},{""taskId"":""RP19-T03"",""ref"":""T-RP-13"",""before"":""IMPLEMENTATION"",""condition"":""always""}]",APPLICABLE_ACTIVATED_SCOPE_ONLY,DRAFT_NOT_APPROVED,TO_BE_RECORDED_ON_EXECUTION,PLANNED_ONLY_NOT_EVIDENCE
GATE-S00-OI-01,,RP00,OPEN_ITEM_GATE_EVIDENCE,STATIC_APPROVAL_OR_OWNED_TARGET_EVIDENCE,有界查找留存日志，仍无值则记录不可恢复；不能推断旧startHead。；证据不能以计划编写替代。,exact baseline+approved scope+owned fixture/auth success preconditions+command/exit/log+actual DB/IDB/file state+cleanup; document gates use attributable static review/approval artifacts,PASS,RP00-T01,,S00-OI-01,PROPOSED_ACCEPTANCE,Applicable conditional gates only; no execution authorization granted; before negative tests prove authorized success fixture and current candidate,Rejected operation: no unapproved durable changes; failed run retains recoverable copy/last safe state; rollback or containment must match current schema/protocol,OPEN_ITEM_GATES.json/S00-OI-01,,execution/RP00/RP00-T01/evidence/S00-OI-01-disposition.json,Codex executor,"[{""taskId"":""RP00-T01"",""ref"":""S00-OI-01"",""before"":""VALIDATION"",""condition"":""archive disposition only; missing historic startHead does not block any business task""}]",APPLICABLE_ACTIVATED_SCOPE_ONLY,DRAFT_NOT_APPROVED,HEAD 138cf2da1b63195cef7e884f69bdf8ded6ed3c21,LOCAL_SCOPED_EVIDENCE_SEE_REFERENCED_LIMITS
GATE-D-S01-01,,RP01,OPEN_ITEM_GATE_EVIDENCE,STATIC_APPROVAL_OR_OWNED_TARGET_EVIDENCE,批准actor-target等级与紧急恢复流程。；证据不能以计划编写替代。,exact baseline+approved scope+owned fixture/auth success preconditions+command/exit/log+actual DB/IDB/file state+cleanup; document gates use attributable static review/approval artifacts,PASS,RP01-T02,D-S01-01;D-S01-02,D-S01-01;D-S01-02,PENDING_DECISION,Applicable conditional gates only; no execution authorization granted; before negative tests prove authorized success fixture and current candidate,Rejected operation: no unapproved durable changes; failed run retains recoverable copy/last safe state; rollback or containment must match current schema/protocol,OPEN_ITEM_GATES.json/D-S01-01,,execution/RP01/RP01-T02/runs/2026-10-06-continuous-remediation-01/acceptance.json,Codex single executor,"[{""taskId"":""RP01-T02"",""ref"":""D-S01-01"",""before"":""IMPLEMENTATION"",""condition"":""always""},{""taskId"":""RP01-T02"",""ref"":""D-S01-02"",""before"":""IMPLEMENTATION"",""condition"":""only forced-password-change/business allowlist sub-scope; rank/reset protection uses D-S01-01 independently""}]",APPLICABLE_ACTIVATED_SCOPE_ONLY,DRAFT_NOT_APPROVED,Current dirty-worktree hashes: execution/RP01/RP01-T02/runs/2026-10-06-continuous-remediation-01/evidence/source-hashes.json,NAMED_APPROVAL_ARTIFACT
GATE-D-S01-02,,RP01,OPEN_ITEM_GATE_EVIDENCE,STATIC_APPROVAL_OR_OWNED_TARGET_EVIDENCE,批准mustChangePassword端点allowlist。；证据不能以计划编写替代。,exact baseline+approved scope+owned fixture/auth success preconditions+command/exit/log+actual DB/IDB/file state+cleanup; document gates use attributable static review/approval artifacts,PASS,RP01-T02,D-S01-02;D-S01-01,D-S01-02;D-S01-01,PENDING_DECISION,Applicable conditional gates only; no execution authorization granted; before negative tests prove authorized success fixture and current candidate,Rejected operation: no unapproved durable changes; failed run retains recoverable copy/last safe state; rollback or containment must match current schema/protocol,OPEN_ITEM_GATES.json/D-S01-02,,execution/RP01/RP01-T02/runs/2026-10-06-continuous-remediation-01/acceptance.json,Codex single executor,"[{""taskId"":""RP01-T02"",""ref"":""D-S01-01"",""before"":""IMPLEMENTATION"",""condition"":""always""},{""taskId"":""RP01-T02"",""ref"":""D-S01-02"",""before"":""IMPLEMENTATION"",""condition"":""only forced-password-change/business allowlist sub-scope; rank/reset protection uses D-S01-01 independently""}]",APPLICABLE_ACTIVATED_SCOPE_ONLY,DRAFT_NOT_APPROVED,Current dirty-worktree hashes: execution/RP01/RP01-T02/runs/2026-10-06-continuous-remediation-01/evidence/source-hashes.json,NAMED_APPROVAL_ARTIFACT
GATE-D-S01-03,,RP01,OPEN_ITEM_GATE_EVIDENCE,STATIC_APPROVAL_OR_OWNED_TARGET_EVIDENCE,批准custom role绑定与授权生命周期。；证据不能以计划编写替代。,exact baseline+approved scope+owned fixture/auth success preconditions+command/exit/log+actual DB/IDB/file state+cleanup; document gates use attributable static review/approval artifacts,NOT_RUN,RP01-T03,D-S01-03,D-S01-03,PENDING_DECISION,Applicable conditional gates only; no execution authorization granted; before negative tests prove authorized success fixture and current candidate,Rejected operation: no unapproved durable changes; failed run retains recoverable copy/last safe state; rollback or containment must match current schema/protocol,OPEN_ITEM_GATES.json/D-S01-03,,,UNASSIGNED,"[{""taskId"":""RP01-T03"",""ref"":""D-S01-03"",""before"":""IMPLEMENTATION"",""condition"":""always""}]",OPTIONAL_APPROVAL_REQUIRED,DRAFT_NOT_APPROVED,TO_BE_RECORDED_ON_EXECUTION,PLANNED_ONLY_NOT_EVIDENCE
GATE-D-S01-04,,RP03,OPEN_ITEM_GATE_EVIDENCE,STATIC_APPROVAL_OR_OWNED_TARGET_EVIDENCE,批准按事件区分的access/refresh失效时限。；证据不能以计划编写替代。,exact baseline+approved scope+owned fixture/auth success preconditions+command/exit/log+actual DB/IDB/file state+cleanup; document gates use attributable static review/approval artifacts,PASS,RP03-T02,D-S01-04;T-RP-09,D-S01-04;S03-OI-06,PENDING_DECISION,Applicable conditional gates only; no execution authorization granted; before negative tests prove authorized success fixture and current candidate,Rejected operation: no unapproved durable changes; failed run retains recoverable copy/last safe state; rollback or containment must match current schema/protocol,OPEN_ITEM_GATES.json/D-S01-04,,execution/RP03/RP03-T02/runs/2026-10-06-continuous-remediation-01/acceptance.json,Codex single executor,"[{""taskId"":""RP03-T02"",""ref"":""D-S01-04"",""before"":""IMPLEMENTATION"",""condition"":""always""},{""taskId"":""RP03-T02"",""ref"":""T-RP-09"",""before"":""IMPLEMENTATION"",""condition"":""always""},{""taskId"":""RP03-T02"",""ref"":""S03-OI-06"",""before"":""IMPLEMENTATION"",""condition"":""same D-S01-04 approval; no second approval required""}]",APPLICABLE_ACTIVATED_SCOPE_ONLY,DRAFT_NOT_APPROVED,Current dirty-worktree hashes: execution/RP03/RP03-T02/runs/2026-10-06-continuous-remediation-01/evidence/source-hashes.json,NAMED_APPROVAL_ARTIFACT
GATE-D-S01-05,,"RP06,RP08",OPEN_ITEM_GATE_EVIDENCE,STATIC_APPROVAL_OR_OWNED_TARGET_EVIDENCE,批准registration全局例外的角色/字段/操作范围。；证据不能以计划编写替代。,exact baseline+approved scope+owned fixture/auth success preconditions+command/exit/log+actual DB/IDB/file state+cleanup; document gates use attributable static review/approval artifacts,PASS,RP06-T01;RP08-T01,D-S01-05,D-S01-05,PENDING_DECISION,Applicable conditional gates only; no execution authorization granted; before negative tests prove authorized success fixture and current candidate,Rejected operation: no unapproved durable changes; failed run retains recoverable copy/last safe state; rollback or containment must match current schema/protocol,OPEN_ITEM_GATES.json/D-S01-05,,execution/RP06/RP06-T01/runs/2026-10-06-continuous-remediation-01/acceptance.json,Codex single executor,"[{""taskId"":""RP06-T01"",""ref"":""D-S01-05"",""before"":""IMPLEMENTATION"",""condition"":""always""},{""taskId"":""RP08-T01"",""ref"":""D-S01-05"",""before"":""IMPLEMENTATION"",""condition"":""only if registration global exception is requested""}]",APPLICABLE_ACTIVATED_SCOPE_ONLY,DRAFT_NOT_APPROVED,Current dirty-worktree hashes: execution/RP06/RP06-T01/runs/2026-10-06-continuous-remediation-01/evidence/source-hashes.json,NAMED_APPROVAL_ARTIFACT
GATE-D-S01-06,,"RP06,RP07",OPEN_ITEM_GATE_EVIDENCE,STATIC_APPROVAL_OR_OWNED_TARGET_EVIDENCE,批准manager与活跃MANAGER成员的一致性/转移合同。；证据不能以计划编写替代。,exact baseline+approved scope+owned fixture/auth success preconditions+command/exit/log+actual DB/IDB/file state+cleanup; document gates use attributable static review/approval artifacts,PASS,RP06-T02;RP07-T02,D-S01-06,D-S01-06;S03-OI-07,PENDING_DECISION,Applicable conditional gates only; no execution authorization granted; before negative tests prove authorized success fixture and current candidate,Rejected operation: no unapproved durable changes; failed run retains recoverable copy/last safe state; rollback or containment must match current schema/protocol,OPEN_ITEM_GATES.json/D-S01-06,,execution/RP07/RP07-T02/runs/2026-10-06-continuous-remediation-01/acceptance.json,Codex single executor,"[{""taskId"":""RP06-T02"",""ref"":""D-S01-06"",""before"":""IMPLEMENTATION"",""condition"":""always""},{""taskId"":""RP07-T02"",""ref"":""D-S01-06"",""before"":""IMPLEMENTATION"",""condition"":""always""},{""taskId"":""RP07-T02"",""ref"":""S03-OI-07"",""before"":""IMPLEMENTATION"",""condition"":""same D-S01-06 approval; no second approval required""}]",APPLICABLE_ACTIVATED_SCOPE_ONLY,DRAFT_NOT_APPROVED,Current dirty-worktree hashes: execution/RP07/RP07-T02/runs/2026-10-06-continuous-remediation-01/evidence/source-hashes.json,NAMED_APPROVAL_ARTIFACT
GATE-D-S01-07,,RP10,OPEN_ITEM_GATE_EVIDENCE,STATIC_APPROVAL_OR_OWNED_TARGET_EVIDENCE,批准submit/resubmit来源状态及同key/newkey区分。；证据不能以计划编写替代。,exact baseline+approved scope+owned fixture/auth success preconditions+command/exit/log+actual DB/IDB/file state+cleanup; document gates use attributable static review/approval artifacts,PASS,RP10-T02;RP10-T03,D-S01-07,D-S01-07;S03-OI-08,APPROVED_SCOPED_ACCEPTANCE,Applicable conditional gates only; no execution authorization granted; before negative tests prove authorized success fixture and current candidate,Rejected operation: no unapproved durable changes; failed run retains recoverable copy/last safe state; rollback or containment must match current schema/protocol,OPEN_ITEM_GATES.json/D-S01-07,,execution/RP10/RP10-T03/runs/2026-10-05-approved-contracts-01/acceptance.json,Codex single executor,"[{""taskId"":""RP10-T02"",""ref"":""D-S01-07"",""before"":""IMPLEMENTATION"",""condition"":""source-state behavior changed""},{""taskId"":""RP10-T03"",""ref"":""D-S01-07"",""before"":""IMPLEMENTATION"",""condition"":""always""},{""taskId"":""RP10-T03"",""ref"":""S03-OI-08"",""before"":""VALIDATION"",""condition"":""always""}]",APPLICABLE_ACTIVATED_SCOPE_ONLY,EXECUTED_NAMED_APPROVAL,Current dirty-worktree hashes: execution/RP10/RP10-T03/runs/2026-10-05-approved-contracts-01/evidence/source-hashes.json,NAMED_APPROVAL_ARTIFACT
GATE-D-S01-08,,"RP05,RP13,RP15",OPEN_ITEM_GATE_EVIDENCE,STATIC_APPROVAL_OR_OWNED_TARGET_EVIDENCE,批准DAG/live references、软删恢复与tombstone合同。；证据不能以计划编写替代。,exact baseline+approved scope+owned fixture/auth success preconditions+command/exit/log+actual DB/IDB/file state+cleanup; document gates use attributable static review/approval artifacts,PASS,RP05-T02;RP05-T03;RP13-T03;RP15-T02;RP15-T03,D-S01-08;T-RP-07;T-RP-11;T-RP-04;T-RP-10,D-S01-08;S03-OI-05;S03-OI-04,PENDING_DECISION,Applicable conditional gates only; no execution authorization granted; before negative tests prove authorized success fixture and current candidate,Rejected operation: no unapproved durable changes; failed run retains recoverable copy/last safe state; rollback or containment must match current schema/protocol,OPEN_ITEM_GATES.json/D-S01-08,,execution/RP05/RP05-T02/runs/2026-10-06-continuous-remediation-01/acceptance.json,Codex single executor,"[{""taskId"":""RP05-T02"",""ref"":""D-S01-08"",""before"":""IMPLEMENTATION"",""condition"":""always""},{""taskId"":""RP05-T02"",""ref"":""T-RP-07"",""before"":""IMPLEMENTATION"",""condition"":""always""},{""taskId"":""RP05-T02"",""ref"":""S03-OI-05"",""before"":""IMPLEMENTATION"",""condition"":""only if stale/delete command adapter is changed; no gate on unrelated task fields or report snapshot""},{""taskId"":""RP05-T03"",""ref"":""D-S01-08"",""before"":""IMPLEMENTATION"",""condition"":""DAG/live policy approved""},{""taskId"":""RP05-T03"",""ref"":""T-RP-11"",""before"":""VALIDATION"",""condition"":""always""},{""taskId"":""RP13-T03"",""ref"":""T-RP-04"",""before"":""IMPLEMENTATION"",""condition"":""always""},{""taskId"":""RP13-T03"",""ref"":""T-RP-10"",""before"":""IMPLEMENTATION"",""condition"":""always""},{""taskId"":""RP13-T03"",""ref"":""S03-OI-04"",""before"":""RELEASE"",""condition"":""always""},{""taskId"":""RP13-T03"",""ref"":""D-S01-08"",""before"":""IMPLEMENTATION"",""condition"":""only when approved delete/live-reference/tombstone semantics are changed""},{""taskId"":""RP15-T02"",""ref"":""D-S01-08"",""before"":""IMPLEMENTATION"",""condition"":""always""},{""taskId"":""RP15-T02"",""ref"":""T-RP-11"",""before"":""IMPLEMENTATION"",""condition"":""always""},{""taskId"":""RP15-T03"",""ref"":""D-S01-08"",""before"":""IMPLEMENTATION"",""condition"":""always""},{""taskId"":""RP15-T03"",""ref"":""T-RP-11"",""before"":""VALIDATION"",""condition"":""always""}]",APPLICABLE_ACTIVATED_SCOPE_ONLY,DRAFT_NOT_APPROVED,Current dirty-worktree hashes: execution/RP05/RP05-T02/runs/2026-10-06-continuous-remediation-01/evidence/source-hashes.json,NAMED_APPROVAL_ARTIFACT
GATE-S02-OPEN-01,,RP11,OPEN_ITEM_GATE_EVIDENCE,STATIC_APPROVAL_OR_OWNED_TARGET_EVIDENCE,临时浏览器慢/me及离线刷新测试证明payload不丢。；证据不能以计划编写替代。,exact baseline+approved scope+owned fixture/auth success preconditions+command/exit/log+actual DB/IDB/file state+cleanup; document gates use attributable static review/approval artifacts,PASS,RP11-T01,T-RP-09;T-RP-12,S02-OPEN-01;S02-OPEN-02,PENDING_DECISION,Applicable conditional gates only; no execution authorization granted; before negative tests prove authorized success fixture and current candidate,Rejected operation: no unapproved durable changes; failed run retains recoverable copy/last safe state; rollback or containment must match current schema/protocol,OPEN_ITEM_GATES.json/S02-OPEN-01,,execution/RP11/RP11-T01/runs/2026-10-06-continuous-remediation-01/acceptance.json,Codex single executor,"[{""taskId"":""RP11-T01"",""ref"":""T-RP-09"",""before"":""IMPLEMENTATION"",""condition"":""always""},{""taskId"":""RP11-T01"",""ref"":""T-RP-12"",""before"":""IMPLEMENTATION"",""condition"":""always""},{""taskId"":""RP11-T01"",""ref"":""S02-OPEN-01"",""before"":""VALIDATION"",""condition"":""always""},{""taskId"":""RP11-T01"",""ref"":""S02-OPEN-02"",""before"":""VALIDATION"",""condition"":""always""}]",APPLICABLE_ACTIVATED_SCOPE_ONLY,DRAFT_NOT_APPROVED,Current dirty-worktree hashes: execution/RP11/RP11-T01/runs/2026-10-06-continuous-remediation-01/evidence/source-hashes.json,CURRENT_LOCAL_OWNED_RUNTIME
GATE-S02-OPEN-02,,"RP08,RP11",OPEN_ITEM_GATE_EVIDENCE,STATIC_APPROVAL_OR_OWNED_TARGET_EVIDENCE,实际Tasks fallback A/B共享项目页面只显示当前授权owner缓存。；证据不能以计划编写替代。,exact baseline+approved scope+owned fixture/auth success preconditions+command/exit/log+actual DB/IDB/file state+cleanup; document gates use attributable static review/approval artifacts,PASS,RP08-T02;RP11-T01,T-RP-04;T-RP-12;T-RP-09,S02-OPEN-02;S02-OPEN-01,PENDING_DECISION,Applicable conditional gates only; no execution authorization granted; before negative tests prove authorized success fixture and current candidate,Rejected operation: no unapproved durable changes; failed run retains recoverable copy/last safe state; rollback or containment must match current schema/protocol,OPEN_ITEM_GATES.json/S02-OPEN-02,,execution/RP08/RP08-T02/runs/2026-10-06-continuous-remediation-01/acceptance.json,Codex single executor,"[{""taskId"":""RP08-T02"",""ref"":""T-RP-04"",""before"":""IMPLEMENTATION"",""condition"":""always""},{""taskId"":""RP08-T02"",""ref"":""T-RP-12"",""before"":""IMPLEMENTATION"",""condition"":""always""},{""taskId"":""RP08-T02"",""ref"":""S02-OPEN-02"",""before"":""VALIDATION"",""condition"":""joint authorized cache/page fallback acceptance""},{""taskId"":""RP11-T01"",""ref"":""T-RP-09"",""before"":""IMPLEMENTATION"",""condition"":""always""},{""taskId"":""RP11-T01"",""ref"":""T-RP-12"",""before"":""IMPLEMENTATION"",""condition"":""always""},{""taskId"":""RP11-T01"",""ref"":""S02-OPEN-01"",""before"":""VALIDATION"",""condition"":""always""},{""taskId"":""RP11-T01"",""ref"":""S02-OPEN-02"",""before"":""VALIDATION"",""condition"":""always""}]",APPLICABLE_ACTIVATED_SCOPE_ONLY,DRAFT_NOT_APPROVED,Current dirty-worktree hashes: execution/RP08/RP08-T02/runs/2026-10-06-continuous-remediation-01/evidence/source-hashes.json,CURRENT_LOCAL_OWNED_RUNTIME
GATE-S02-OPEN-03,,RP11,OPEN_ITEM_GATE_EVIDENCE,STATIC_APPROVAL_OR_OWNED_TARGET_EVIDENCE,真实IDB故障/中止/重开证明最后副本仍可恢复。；证据不能以计划编写替代。,exact baseline+approved scope+owned fixture/auth success preconditions+command/exit/log+actual DB/IDB/file state+cleanup; document gates use attributable static review/approval artifacts,PASS,RP11-T03,T-RP-12,S02-OPEN-03,PENDING_DECISION,Applicable conditional gates only; no execution authorization granted; before negative tests prove authorized success fixture and current candidate,Rejected operation: no unapproved durable changes; failed run retains recoverable copy/last safe state; rollback or containment must match current schema/protocol,OPEN_ITEM_GATES.json/S02-OPEN-03,,execution/RP11/RP11-T03/runs/2026-10-06-continuous-remediation-01/acceptance.json,Codex single executor,"[{""taskId"":""RP11-T03"",""ref"":""T-RP-12"",""before"":""IMPLEMENTATION"",""condition"":""always""},{""taskId"":""RP11-T03"",""ref"":""S02-OPEN-03"",""before"":""VALIDATION"",""condition"":""always""}]",APPLICABLE_ACTIVATED_SCOPE_ONLY,DRAFT_NOT_APPROVED,Current dirty-worktree hashes: execution/RP11/RP11-T03/runs/2026-10-06-continuous-remediation-01/evidence/source-hashes.json,CURRENT_LOCAL_OWNED_RUNTIME
GATE-S02-OPEN-04,,RP12,OPEN_ITEM_GATE_EVIDENCE,STATIC_APPROVAL_OR_OWNED_TARGET_EVIDENCE,取得应用/代理body有效上限及版本，设置可证明预算。；证据不能以计划编写替代。,exact baseline+approved scope+owned fixture/auth success preconditions+command/exit/log+actual DB/IDB/file state+cleanup; document gates use attributable static review/approval artifacts,ENV_BLOCKED,RP12-T01,T-RP-11,S02-OPEN-04,PENDING_DECISION,Applicable conditional gates only; no execution authorization granted; before negative tests prove authorized success fixture and current candidate,Rejected operation: no unapproved durable changes; failed run retains recoverable copy/last safe state; rollback or containment must match current schema/protocol,OPEN_ITEM_GATES.json/S02-OPEN-04,,execution/RP12/RP12-T01/runs/2026-10-06-continuous-remediation-01/acceptance.json,Codex single executor,"[{""taskId"":""RP12-T01"",""ref"":""S02-OPEN-04"",""before"":""VALIDATION"",""condition"":""always""},{""taskId"":""RP12-T01"",""ref"":""T-RP-11"",""before"":""IMPLEMENTATION"",""condition"":""always""}]",APPLICABLE_ACTIVATED_SCOPE_ONLY,DRAFT_NOT_APPROVED,TO_BE_RECORDED_ON_EXECUTION,CURRENT_LOCAL_RUNTIME_LIMIT
GATE-S02-OPEN-05,,RP03,OPEN_ITEM_GATE_EVIDENCE,STATIC_APPROVAL_OR_OWNED_TARGET_EVIDENCE,同origin/storage双tab控制旧失败响应晚到。；证据不能以计划编写替代。,exact baseline+approved scope+owned fixture/auth success preconditions+command/exit/log+actual DB/IDB/file state+cleanup; document gates use attributable static review/approval artifacts,PASS,RP03-T01,T-RP-09,S02-OPEN-05,PENDING_DECISION,Applicable conditional gates only; no execution authorization granted; before negative tests prove authorized success fixture and current candidate,Rejected operation: no unapproved durable changes; failed run retains recoverable copy/last safe state; rollback or containment must match current schema/protocol,OPEN_ITEM_GATES.json/S02-OPEN-05,,execution/RP03/RP03-T01/runs/2026-10-05-auth-lineage-01/acceptance.json,Codex single executor,"[{""taskId"":""RP03-T01"",""ref"":""T-RP-09"",""before"":""IMPLEMENTATION"",""condition"":""always""},{""taskId"":""RP03-T01"",""ref"":""S02-OPEN-05"",""before"":""VALIDATION"",""condition"":""always""}]",APPLICABLE_ACTIVATED_SCOPE_ONLY,DRAFT_NOT_APPROVED,Current dirty-worktree hashes: execution/RP03/RP03-T01/runs/2026-10-05-auth-lineage-01/evidence/source-hashes.json,CURRENT_LOCAL_OWNED_RUNTIME
GATE-S02-OPEN-06,,RP11,OPEN_ITEM_GATE_EVIDENCE,STATIC_APPROVAL_OR_OWNED_TARGET_EVIDENCE,v1/旧v2无owner夹具升级后B绝不代发，保留源payload。；证据不能以计划编写替代。,exact baseline+approved scope+owned fixture/auth success preconditions+command/exit/log+actual DB/IDB/file state+cleanup; document gates use attributable static review/approval artifacts,PASS,RP11-T02,T-RP-01,S02-OPEN-06;S02-OPEN-07,PENDING_DECISION,Applicable conditional gates only; no execution authorization granted; before negative tests prove authorized success fixture and current candidate,Rejected operation: no unapproved durable changes; failed run retains recoverable copy/last safe state; rollback or containment must match current schema/protocol,OPEN_ITEM_GATES.json/S02-OPEN-06,,execution/RP11/RP11-T02/runs/2026-10-06-continuous-remediation-01/acceptance.json,Codex single executor,"[{""taskId"":""RP11-T02"",""ref"":""T-RP-01"",""before"":""IMPLEMENTATION"",""condition"":""always""},{""taskId"":""RP11-T02"",""ref"":""S02-OPEN-06"",""before"":""VALIDATION"",""condition"":""always""},{""taskId"":""RP11-T02"",""ref"":""S02-OPEN-07"",""before"":""VALIDATION"",""condition"":""always""}]",APPLICABLE_ACTIVATED_SCOPE_ONLY,DRAFT_NOT_APPROVED,Current dirty-worktree hashes: execution/RP11/RP11-T02/runs/2026-10-06-continuous-remediation-01/evidence/source-hashes.json,CURRENT_LOCAL_OWNED_RUNTIME
GATE-S02-OPEN-07,,RP11,OPEN_ITEM_GATE_EVIDENCE,STATIC_APPROVAL_OR_OWNED_TARGET_EVIDENCE,upgrade abort/页面关闭后旧库仍可读取与重入。；证据不能以计划编写替代。,exact baseline+approved scope+owned fixture/auth success preconditions+command/exit/log+actual DB/IDB/file state+cleanup; document gates use attributable static review/approval artifacts,PASS,RP11-T02,T-RP-01,S02-OPEN-07;S02-OPEN-06,PENDING_DECISION,Applicable conditional gates only; no execution authorization granted; before negative tests prove authorized success fixture and current candidate,Rejected operation: no unapproved durable changes; failed run retains recoverable copy/last safe state; rollback or containment must match current schema/protocol,OPEN_ITEM_GATES.json/S02-OPEN-07,,execution/RP11/RP11-T02/runs/2026-10-06-continuous-remediation-01/acceptance.json,Codex single executor,"[{""taskId"":""RP11-T02"",""ref"":""T-RP-01"",""before"":""IMPLEMENTATION"",""condition"":""always""},{""taskId"":""RP11-T02"",""ref"":""S02-OPEN-06"",""before"":""VALIDATION"",""condition"":""always""},{""taskId"":""RP11-T02"",""ref"":""S02-OPEN-07"",""before"":""VALIDATION"",""condition"":""always""}]",APPLICABLE_ACTIVATED_SCOPE_ONLY,DRAFT_NOT_APPROVED,Current dirty-worktree hashes: execution/RP11/RP11-T02/runs/2026-10-06-continuous-remediation-01/evidence/source-hashes.json,CURRENT_LOCAL_OWNED_RUNTIME
GATE-S03-OI-01,,RP13,OPEN_ITEM_GATE_EVIDENCE,STATIC_APPROVAL_OR_OWNED_TARGET_EVIDENCE,自有PG屏障测试提交可见次序并批准safe-watermark ADR。；证据不能以计划编写替代。,exact baseline+approved scope+owned fixture/auth success preconditions+command/exit/log+actual DB/IDB/file state+cleanup; document gates use attributable static review/approval artifacts,NOT_RUN,RP13-T02,T-RP-04;T-RP-10,S03-OI-01,PENDING_DECISION,Applicable conditional gates only; no execution authorization granted; before negative tests prove authorized success fixture and current candidate,Rejected operation: no unapproved durable changes; failed run retains recoverable copy/last safe state; rollback or containment must match current schema/protocol,OPEN_ITEM_GATES.json/S03-OI-01,,,UNASSIGNED,"[{""taskId"":""RP13-T02"",""ref"":""T-RP-04"",""before"":""VALIDATION"",""condition"":""always""},{""taskId"":""RP13-T02"",""ref"":""T-RP-10"",""before"":""VALIDATION"",""condition"":""always""},{""taskId"":""RP13-T02"",""ref"":""S03-OI-01"",""before"":""VALIDATION"",""condition"":""always""}]",APPLICABLE_ACTIVATED_SCOPE_ONLY,DRAFT_NOT_APPROVED,TO_BE_RECORDED_ON_EXECUTION,PLANNED_ONLY_NOT_EVIDENCE
GATE-S03-OI-02,,RP09,OPEN_ITEM_GATE_EVIDENCE,STATIC_APPROVAL_OR_OWNED_TARGET_EVIDENCE,确定性同key竞争核对业务/receipt/两个响应。；证据不能以计划编写替代。,exact baseline+approved scope+owned fixture/auth success preconditions+command/exit/log+actual DB/IDB/file state+cleanup; document gates use attributable static review/approval artifacts,PASS,RP09-T02,T-RP-02,S03-OI-02;S03-OI-04,PENDING_DECISION,Applicable conditional gates only; no execution authorization granted; before negative tests prove authorized success fixture and current candidate,Rejected operation: no unapproved durable changes; failed run retains recoverable copy/last safe state; rollback or containment must match current schema/protocol,OPEN_ITEM_GATES.json/S03-OI-02,,execution/RP09/RP09-T02/runs/2026-10-05-sync-receipts-01/acceptance.json,Codex single executor,"[{""taskId"":""RP09-T02"",""ref"":""S03-OI-02"",""before"":""VALIDATION"",""condition"":""always""},{""taskId"":""RP09-T02"",""ref"":""S03-OI-04"",""before"":""RELEASE"",""condition"":""always""},{""taskId"":""RP09-T02"",""ref"":""T-RP-02"",""before"":""IMPLEMENTATION"",""condition"":""always""}]",APPLICABLE_ACTIVATED_SCOPE_ONLY,DRAFT_NOT_APPROVED,Current dirty-worktree hashes: execution/RP09/RP09-T02/runs/2026-10-05-sync-receipts-01/evidence/source-hashes.json,CURRENT_LOCAL_OWNED_RUNTIME
GATE-S03-OI-03,,"RP00,RP09,RP12",OPEN_ITEM_GATE_EVIDENCE,STATIC_APPROVAL_OR_OWNED_TARGET_EVIDENCE,完成每个500故障点到原key重试/结果查询/持久副本的完整静态合同。；证据不能以计划编写替代。,exact baseline+approved scope+owned fixture/auth success preconditions+command/exit/log+actual DB/IDB/file state+cleanup; document gates use attributable static review/approval artifacts,PASS,RP00-T02,,S03-OI-03,PROPOSED_ACCEPTANCE,Applicable conditional gates only; no execution authorization granted; before negative tests prove authorized success fixture and current candidate,Rejected operation: no unapproved durable changes; failed run retains recoverable copy/last safe state; rollback or containment must match current schema/protocol,OPEN_ITEM_GATES.json/S03-OI-03,,execution/RP00/RP00-T02/evidence/failure-point-matrix.json,Codex executor,"[{""taskId"":""RP00-T02"",""ref"":""S03-OI-03"",""before"":""VALIDATION"",""condition"":""always""}]",APPLICABLE_ACTIVATED_SCOPE_ONLY,EXECUTED_STATIC_EVIDENCE,138cf2da1b63195cef7e884f69bdf8ded6ed3c21,LOCAL_SCOPED_EVIDENCE_SEE_REFERENCED_LIMITS
GATE-S03-OI-04,,"RP09,RP13",OPEN_ITEM_GATE_EVIDENCE,STATIC_APPROVAL_OR_OWNED_TARGET_EVIDENCE,取得实际receipt/change保留作业与最长离线窗并批准策略。；证据不能以计划编写替代。,exact baseline+approved scope+owned fixture/auth success preconditions+command/exit/log+actual DB/IDB/file state+cleanup; document gates use attributable static review/approval artifacts,NOT_RUN,RP09-T02;RP13-T03,T-RP-02;T-RP-04;T-RP-10;D-S01-08,S03-OI-04;S03-OI-02;D-S01-08,PENDING_DECISION,Applicable conditional gates only; no execution authorization granted; before negative tests prove authorized success fixture and current candidate,Rejected operation: no unapproved durable changes; failed run retains recoverable copy/last safe state; rollback or containment must match current schema/protocol,OPEN_ITEM_GATES.json/S03-OI-04,,,UNASSIGNED,"[{""taskId"":""RP09-T02"",""ref"":""S03-OI-02"",""before"":""VALIDATION"",""condition"":""always""},{""taskId"":""RP09-T02"",""ref"":""S03-OI-04"",""before"":""RELEASE"",""condition"":""always""},{""taskId"":""RP09-T02"",""ref"":""T-RP-02"",""before"":""IMPLEMENTATION"",""condition"":""always""},{""taskId"":""RP13-T03"",""ref"":""T-RP-04"",""before"":""IMPLEMENTATION"",""condition"":""always""},{""taskId"":""RP13-T03"",""ref"":""T-RP-10"",""before"":""IMPLEMENTATION"",""condition"":""always""},{""taskId"":""RP13-T03"",""ref"":""S03-OI-04"",""before"":""RELEASE"",""condition"":""always""},{""taskId"":""RP13-T03"",""ref"":""D-S01-08"",""before"":""IMPLEMENTATION"",""condition"":""only when approved delete/live-reference/tombstone semantics are changed""}]",APPLICABLE_ACTIVATED_SCOPE_ONLY,DRAFT_NOT_APPROVED,TO_BE_RECORDED_ON_EXECUTION,PLANNED_ONLY_NOT_EVIDENCE
GATE-S03-OI-05,,"RP05,RP09,RP10",OPEN_ITEM_GATE_EVIDENCE,STATIC_APPROVAL_OR_OWNED_TARGET_EVIDENCE,批准stale delete冲突或delete-wins与重复tombstone结果。；证据不能以计划编写替代。,exact baseline+approved scope+owned fixture/auth success preconditions+command/exit/log+actual DB/IDB/file state+cleanup; document gates use attributable static review/approval artifacts,PASS,RP05-T02;RP09-T01;RP10-T01,D-S01-08;T-RP-07;T-RP-02;T-RP-03,S03-OI-05;D-S01-08,PENDING_DECISION,Applicable conditional gates only; no execution authorization granted; before negative tests prove authorized success fixture and current candidate,Rejected operation: no unapproved durable changes; failed run retains recoverable copy/last safe state; rollback or containment must match current schema/protocol,OPEN_ITEM_GATES.json/S03-OI-05,,execution/RP05/RP05-T02/runs/2026-10-06-continuous-remediation-01/acceptance.json,Codex single executor,"[{""taskId"":""RP05-T02"",""ref"":""D-S01-08"",""before"":""IMPLEMENTATION"",""condition"":""always""},{""taskId"":""RP05-T02"",""ref"":""T-RP-07"",""before"":""IMPLEMENTATION"",""condition"":""always""},{""taskId"":""RP05-T02"",""ref"":""S03-OI-05"",""before"":""IMPLEMENTATION"",""condition"":""only if stale/delete command adapter is changed; no gate on unrelated task fields or report snapshot""},{""taskId"":""RP09-T01"",""ref"":""T-RP-02"",""before"":""IMPLEMENTATION"",""condition"":""always""},{""taskId"":""RP09-T01"",""ref"":""T-RP-07"",""before"":""IMPLEMENTATION"",""condition"":""delete command adapter modified""},{""taskId"":""RP09-T01"",""ref"":""S03-OI-05"",""before"":""IMPLEMENTATION"",""condition"":""only if stale/delete command adapter is changed; no gate on unrelated task fields or report snapshot""},{""taskId"":""RP10-T01"",""ref"":""T-RP-03"",""before"":""IMPLEMENTATION"",""condition"":""always""},{""taskId"":""RP10-T01"",""ref"":""S03-OI-05"",""before"":""IMPLEMENTATION"",""condition"":""only if stale/delete command adapter is changed; no gate on unrelated task fields or report snapshot""}]",APPLICABLE_ACTIVATED_SCOPE_ONLY,DRAFT_NOT_APPROVED,Current dirty-worktree hashes: execution/RP05/RP05-T02/runs/2026-10-06-continuous-remediation-01/evidence/source-hashes.json,CURRENT_LOCAL_OWNED_RUNTIME
GATE-S03-OI-06,,RP03,OPEN_ITEM_GATE_EVIDENCE,STATIC_APPROVAL_OR_OWNED_TARGET_EVIDENCE,按D-S01-04同一批准失效时限处理。；证据不能以计划编写替代。,exact baseline+approved scope+owned fixture/auth success preconditions+command/exit/log+actual DB/IDB/file state+cleanup; document gates use attributable static review/approval artifacts,PASS,RP03-T02,D-S01-04;T-RP-09,S03-OI-06;D-S01-04,PENDING_DECISION,Applicable conditional gates only; no execution authorization granted; before negative tests prove authorized success fixture and current candidate,Rejected operation: no unapproved durable changes; failed run retains recoverable copy/last safe state; rollback or containment must match current schema/protocol,OPEN_ITEM_GATES.json/S03-OI-06,,execution/RP03/RP03-T02/runs/2026-10-06-continuous-remediation-01/acceptance.json,Codex single executor,"[{""taskId"":""RP03-T02"",""ref"":""D-S01-04"",""before"":""IMPLEMENTATION"",""condition"":""always""},{""taskId"":""RP03-T02"",""ref"":""T-RP-09"",""before"":""IMPLEMENTATION"",""condition"":""always""},{""taskId"":""RP03-T02"",""ref"":""S03-OI-06"",""before"":""IMPLEMENTATION"",""condition"":""same D-S01-04 approval; no second approval required""}]",APPLICABLE_ACTIVATED_SCOPE_ONLY,DRAFT_NOT_APPROVED,Current dirty-worktree hashes: execution/RP03/RP03-T02/runs/2026-10-06-continuous-remediation-01/evidence/source-hashes.json,CURRENT_LOCAL_OWNED_RUNTIME
GATE-S03-OI-07,,RP07,OPEN_ITEM_GATE_EVIDENCE,STATIC_APPROVAL_OR_OWNED_TARGET_EVIDENCE,按D-S01-06同一manager规则处理。；证据不能以计划编写替代。,exact baseline+approved scope+owned fixture/auth success preconditions+command/exit/log+actual DB/IDB/file state+cleanup; document gates use attributable static review/approval artifacts,PASS,RP07-T02,D-S01-06,S03-OI-07;D-S01-06,PENDING_DECISION,Applicable conditional gates only; no execution authorization granted; before negative tests prove authorized success fixture and current candidate,Rejected operation: no unapproved durable changes; failed run retains recoverable copy/last safe state; rollback or containment must match current schema/protocol,OPEN_ITEM_GATES.json/S03-OI-07,,execution/RP07/RP07-T02/runs/2026-10-06-continuous-remediation-01/acceptance.json,Codex single executor,"[{""taskId"":""RP07-T02"",""ref"":""D-S01-06"",""before"":""IMPLEMENTATION"",""condition"":""always""},{""taskId"":""RP07-T02"",""ref"":""S03-OI-07"",""before"":""IMPLEMENTATION"",""condition"":""same D-S01-06 approval; no second approval required""}]",APPLICABLE_ACTIVATED_SCOPE_ONLY,DRAFT_NOT_APPROVED,Current dirty-worktree hashes: execution/RP07/RP07-T02/runs/2026-10-06-continuous-remediation-01/evidence/source-hashes.json,CURRENT_LOCAL_OWNED_RUNTIME
GATE-S03-OI-08,,RP10,OPEN_ITEM_GATE_EVIDENCE,STATIC_APPROVAL_OR_OWNED_TARGET_EVIDENCE,并发version屏障证明正确性；来源状态复用D-S01-07裁定。；证据不能以计划编写替代。,exact baseline+approved scope+owned fixture/auth success preconditions+command/exit/log+actual DB/IDB/file state+cleanup; document gates use attributable static review/approval artifacts,PASS,RP10-T03,D-S01-07,S03-OI-08;D-S01-07,APPROVED_SCOPED_ACCEPTANCE,Applicable conditional gates only; no execution authorization granted; before negative tests prove authorized success fixture and current candidate,Rejected operation: no unapproved durable changes; failed run retains recoverable copy/last safe state; rollback or containment must match current schema/protocol,OPEN_ITEM_GATES.json/S03-OI-08,,execution/RP10/RP10-T03/runs/2026-10-05-approved-contracts-01/acceptance.json,Codex single executor,"[{""taskId"":""RP10-T03"",""ref"":""D-S01-07"",""before"":""IMPLEMENTATION"",""condition"":""always""},{""taskId"":""RP10-T03"",""ref"":""S03-OI-08"",""before"":""VALIDATION"",""condition"":""always""}]",APPLICABLE_ACTIVATED_SCOPE_ONLY,EXECUTED_APPROVED_LOCAL_SCOPE,Current dirty-worktree hashes: execution/RP10/RP10-T03/runs/2026-10-05-approved-contracts-01/evidence/source-hashes.json,CURRENT_LOCAL_OWNED_RUNTIME
GATE-S03-OI-09,,"RP00,RP10",OPEN_ITEM_GATE_EVIDENCE,STATIC_APPROVAL_OR_OWNED_TARGET_EVIDENCE,完成所有受支持客户端字段/status/assignee revision全链矩阵。；证据不能以计划编写替代。,exact baseline+approved scope+owned fixture/auth success preconditions+command/exit/log+actual DB/IDB/file state+cleanup; document gates use attributable static review/approval artifacts,NOT_RUN,RP00-T03,,S03-OI-09,PROPOSED_ACCEPTANCE,Applicable conditional gates only; no execution authorization granted; before negative tests prove authorized success fixture and current candidate,Rejected operation: no unapproved durable changes; failed run retains recoverable copy/last safe state; rollback or containment must match current schema/protocol,OPEN_ITEM_GATES.json/S03-OI-09,,execution/RP00/RP00-T03/evidence/revision-support-matrix.json,Codex executor,"[{""taskId"":""RP00-T03"",""ref"":""S03-OI-09"",""before"":""VALIDATION"",""condition"":""always""}]",APPLICABLE_ACTIVATED_SCOPE_ONLY,EXECUTED_STATIC_ARTIFACT_WITH_GATE_PENDING,138cf2da1b63195cef7e884f69bdf8ded6ed3c21,No supported-client inventory/legacy window and no full dynamic B16 matrix; S03-OI-09 stays OPEN.
GATE-S04-OI-01,,RP15,OPEN_ITEM_GATE_EVIDENCE,STATIC_APPROVAL_OR_OWNED_TARGET_EVIDENCE,获准只读副本统计实际异常并签署处置/锁兼容方案。；证据不能以计划编写替代。,exact baseline+approved scope+owned fixture/auth success preconditions+command/exit/log+actual DB/IDB/file state+cleanup; document gates use attributable static review/approval artifacts,ENV_BLOCKED,RP15-T01,,S04-OI-01,PROPOSED_ACCEPTANCE,Applicable conditional gates only; no execution authorization granted; before negative tests prove authorized success fixture and current candidate,Rejected operation: no unapproved durable changes; failed run retains recoverable copy/last safe state; rollback or containment must match current schema/protocol,OPEN_ITEM_GATES.json/S04-OI-01,,execution/RP15/RP15-T01/acceptance.json#GATE-S04-OI-01,UNASSIGNED,"[{""taskId"":""RP15-T01"",""ref"":""S04-OI-01"",""before"":""VALIDATION"",""condition"":""always""}]",APPLICABLE_ACTIVATED_SCOPE_ONLY,DRAFT_NOT_APPROVED,TO_BE_RECORDED_ON_EXECUTION,PLANNED_ONLY_NOT_EVIDENCE
GATE-S05-OI-01,,RP17,OPEN_ITEM_GATE_EVIDENCE,STATIC_APPROVAL_OR_OWNED_TARGET_EVIDENCE,目标Linux/文件系统/cp/rsync两轮manifest与failure演练。；证据不能以计划编写替代。,exact baseline+approved scope+owned fixture/auth success preconditions+command/exit/log+actual DB/IDB/file state+cleanup; document gates use attributable static review/approval artifacts,ENV_BLOCKED,RP17-T03,,S05-OI-01,PROPOSED_ACCEPTANCE,Applicable conditional gates only; no execution authorization granted; before negative tests prove authorized success fixture and current candidate,Rejected operation: no unapproved durable changes; failed run retains recoverable copy/last safe state; rollback or containment must match current schema/protocol,OPEN_ITEM_GATES.json/S05-OI-01,,execution/RP17/RP17-T03/runs/2026-10-06-continuous-remediation-01/acceptance.json,Codex single executor,"[{""taskId"":""RP17-T03"",""ref"":""S05-OI-01"",""before"":""VALIDATION"",""condition"":""always""}]",APPLICABLE_ACTIVATED_SCOPE_ONLY,DRAFT_NOT_APPROVED,TO_BE_RECORDED_ON_EXECUTION,CURRENT_LOCAL_RUNTIME_LIMIT
GATE-S05-OI-02,,RP19,OPEN_ITEM_GATE_EVIDENCE,STATIC_APPROVAL_OR_OWNED_TARGET_EVIDENCE,查外部写屏障/快照，再做合成DB/files配对恢复；保持候选属性。；证据不能以计划编写替代。,exact baseline+approved scope+owned fixture/auth success preconditions+command/exit/log+actual DB/IDB/file state+cleanup; document gates use attributable static review/approval artifacts,ENV_BLOCKED,RP19-T01;RP19-T02,T-RP-10,S05-OI-02,PENDING_DECISION,Applicable conditional gates only; no execution authorization granted; before negative tests prove authorized success fixture and current candidate,Rejected operation: no unapproved durable changes; failed run retains recoverable copy/last safe state; rollback or containment must match current schema/protocol,OPEN_ITEM_GATES.json/S05-OI-02,,execution/RP19/RP19-T02/runs/2026-10-06-continuous-remediation-01/acceptance.json,Codex single executor,"[{""taskId"":""RP19-T01"",""ref"":""S05-OI-02"",""before"":""VALIDATION"",""condition"":""always""},{""taskId"":""RP19-T02"",""ref"":""T-RP-10"",""before"":""IMPLEMENTATION"",""condition"":""always""},{""taskId"":""RP19-T02"",""ref"":""S05-OI-02"",""before"":""VALIDATION"",""condition"":""always""}]",APPLICABLE_ACTIVATED_SCOPE_ONLY,DRAFT_NOT_APPROVED,TO_BE_RECORDED_ON_EXECUTION,CURRENT_LOCAL_RUNTIME_LIMIT
GATE-S05-OI-03,,RP16,OPEN_ITEM_GATE_EVIDENCE,STATIC_APPROVAL_OR_OWNED_TARGET_EVIDENCE,隔离DB真实count/全unique/FK/preview-apply竞争验收。；证据不能以计划编写替代。,exact baseline+approved scope+owned fixture/auth success preconditions+command/exit/log+actual DB/IDB/file state+cleanup; document gates use attributable static review/approval artifacts,PASS,RP16-T02,T-RP-06,S05-OI-03,PENDING_DECISION,Applicable conditional gates only; no execution authorization granted; before negative tests prove authorized success fixture and current candidate,Rejected operation: no unapproved durable changes; failed run retains recoverable copy/last safe state; rollback or containment must match current schema/protocol,OPEN_ITEM_GATES.json/S05-OI-03,,execution/RP16/RP16-T02/runs/2026-10-06-continuous-remediation-01/acceptance.json,Codex single executor,"[{""taskId"":""RP16-T02"",""ref"":""T-RP-06"",""before"":""IMPLEMENTATION"",""condition"":""always""},{""taskId"":""RP16-T02"",""ref"":""S05-OI-03"",""before"":""VALIDATION"",""condition"":""always""}]",APPLICABLE_ACTIVATED_SCOPE_ONLY,DRAFT_NOT_APPROVED,Current dirty-worktree hashes: execution/RP16/RP16-T02/runs/2026-10-06-continuous-remediation-01/evidence/source-hashes.json,CURRENT_LOCAL_OWNED_RUNTIME
GATE-S05-OI-04,,"RP18,RP19",OPEN_ITEM_GATE_EVIDENCE,STATIC_APPROVAL_OR_OWNED_TARGET_EVIDENCE,隔离candidate/config/rollback目标环境，保存build/log/schema。；证据不能以计划编写替代。,exact baseline+approved scope+owned fixture/auth success preconditions+command/exit/log+actual DB/IDB/file state+cleanup; document gates use attributable static review/approval artifacts,ENV_BLOCKED,RP18-T03;RP19-T03,T-RP-08;T-RP-13,S05-OI-04;S05-OI-05,PENDING_DECISION,Applicable conditional gates only; no execution authorization granted; before negative tests prove authorized success fixture and current candidate,Rejected operation: no unapproved durable changes; failed run retains recoverable copy/last safe state; rollback or containment must match current schema/protocol,OPEN_ITEM_GATES.json/S05-OI-04,,execution/RP19/RP19-T03/runs/2026-10-06-continuous-remediation-01/acceptance.json,Codex single executor,"[{""taskId"":""RP18-T03"",""ref"":""S05-OI-04"",""before"":""VALIDATION"",""condition"":""always""},{""taskId"":""RP18-T03"",""ref"":""T-RP-08"",""before"":""IMPLEMENTATION"",""condition"":""always""},{""taskId"":""RP19-T03"",""ref"":""S05-OI-04"",""before"":""RELEASE"",""condition"":""always""},{""taskId"":""RP19-T03"",""ref"":""S05-OI-05"",""before"":""RELEASE"",""condition"":""always""},{""taskId"":""RP19-T03"",""ref"":""T-RP-13"",""before"":""IMPLEMENTATION"",""condition"":""always""}]",APPLICABLE_ACTIVATED_SCOPE_ONLY,DRAFT_NOT_APPROVED,TO_BE_RECORDED_ON_EXECUTION,CURRENT_LOCAL_RUNTIME_LIMIT
GATE-S05-OI-05,,"RP18,RP19",OPEN_ITEM_GATE_EVIDENCE,STATIC_APPROVAL_OR_OWNED_TARGET_EVIDENCE,取得/批准非敏感当前§13 runbook与schema兼容步骤。；证据不能以计划编写替代。,exact baseline+approved scope+owned fixture/auth success preconditions+command/exit/log+actual DB/IDB/file state+cleanup; document gates use attributable static review/approval artifacts,ENV_BLOCKED,RP18-T02;RP19-T03,T-RP-13,S05-OI-05;S05-OI-04,PENDING_DECISION,Applicable conditional gates only; no execution authorization granted; before negative tests prove authorized success fixture and current candidate,Rejected operation: no unapproved durable changes; failed run retains recoverable copy/last safe state; rollback or containment must match current schema/protocol,OPEN_ITEM_GATES.json/S05-OI-05,,execution/RP19/RP19-T03/runs/2026-10-06-continuous-remediation-01/acceptance.json,Codex single executor,"[{""taskId"":""RP18-T02"",""ref"":""T-RP-13"",""before"":""IMPLEMENTATION"",""condition"":""always""},{""taskId"":""RP18-T02"",""ref"":""S05-OI-05"",""before"":""RELEASE"",""condition"":""always""},{""taskId"":""RP19-T03"",""ref"":""S05-OI-04"",""before"":""RELEASE"",""condition"":""always""},{""taskId"":""RP19-T03"",""ref"":""S05-OI-05"",""before"":""RELEASE"",""condition"":""always""},{""taskId"":""RP19-T03"",""ref"":""T-RP-13"",""before"":""IMPLEMENTATION"",""condition"":""always""}]",APPLICABLE_ACTIVATED_SCOPE_ONLY,DRAFT_NOT_APPROVED,TO_BE_RECORDED_ON_EXECUTION,CURRENT_LOCAL_RUNTIME_LIMIT
DECISION-D-S01-01,,RP01,DESIGN_APPROVAL,NAMED_APPROVAL_ARTIFACT,决策批准含精确范围、选择、责任人/日期/证据和兼容窗；risk acceptance另登记，不关闭未修问题。,exact baseline+approved scope+owned fixture/auth success preconditions+command/exit/log+actual DB/IDB/file state+cleanup; document gates use attributable static review/approval artifacts,PASS,RP01-T02,D-S01-01;D-S01-02,D-S01-01;D-S01-02,PENDING_DECISION,Applicable conditional gates only; no execution authorization granted; before negative tests prove authorized success fixture and current candidate,Rejected operation: no unapproved durable changes; failed run retains recoverable copy/last safe state; rollback or containment must match current schema/protocol,DECISION_REGISTER.json/D-S01-01,,execution/RP01/RP01-T02/runs/2026-10-06-continuous-remediation-01/acceptance.json,Codex single executor,"[{""taskId"":""RP01-T02"",""ref"":""D-S01-01"",""before"":""IMPLEMENTATION"",""condition"":""always""},{""taskId"":""RP01-T02"",""ref"":""D-S01-02"",""before"":""IMPLEMENTATION"",""condition"":""only forced-password-change/business allowlist sub-scope; rank/reset protection uses D-S01-01 independently""}]",APPLICABLE_ACTIVATED_SCOPE_ONLY,DRAFT_NOT_APPROVED,Current dirty-worktree hashes: execution/RP01/RP01-T02/runs/2026-10-06-continuous-remediation-01/evidence/source-hashes.json,NAMED_APPROVAL_ARTIFACT
DECISION-D-S01-02,,RP01,DESIGN_APPROVAL,NAMED_APPROVAL_ARTIFACT,决策批准含精确范围、选择、责任人/日期/证据和兼容窗；risk acceptance另登记，不关闭未修问题。,exact baseline+approved scope+owned fixture/auth success preconditions+command/exit/log+actual DB/IDB/file state+cleanup; document gates use attributable static review/approval artifacts,PASS,RP01-T02,D-S01-02;D-S01-01,D-S01-02;D-S01-01,PENDING_DECISION,Applicable conditional gates only; no execution authorization granted; before negative tests prove authorized success fixture and current candidate,Rejected operation: no unapproved durable changes; failed run retains recoverable copy/last safe state; rollback or containment must match current schema/protocol,DECISION_REGISTER.json/D-S01-02,,execution/RP01/RP01-T02/runs/2026-10-06-continuous-remediation-01/acceptance.json,Codex single executor,"[{""taskId"":""RP01-T02"",""ref"":""D-S01-01"",""before"":""IMPLEMENTATION"",""condition"":""always""},{""taskId"":""RP01-T02"",""ref"":""D-S01-02"",""before"":""IMPLEMENTATION"",""condition"":""only forced-password-change/business allowlist sub-scope; rank/reset protection uses D-S01-01 independently""}]",APPLICABLE_ACTIVATED_SCOPE_ONLY,DRAFT_NOT_APPROVED,Current dirty-worktree hashes: execution/RP01/RP01-T02/runs/2026-10-06-continuous-remediation-01/evidence/source-hashes.json,NAMED_APPROVAL_ARTIFACT
DECISION-D-S01-03,,RP01,DESIGN_APPROVAL,NAMED_APPROVAL_ARTIFACT,决策批准含精确范围、选择、责任人/日期/证据和兼容窗；risk acceptance另登记，不关闭未修问题。,exact baseline+approved scope+owned fixture/auth success preconditions+command/exit/log+actual DB/IDB/file state+cleanup; document gates use attributable static review/approval artifacts,NOT_RUN,RP01-T03,D-S01-03,D-S01-03,PENDING_DECISION,Applicable conditional gates only; no execution authorization granted; before negative tests prove authorized success fixture and current candidate,Rejected operation: no unapproved durable changes; failed run retains recoverable copy/last safe state; rollback or containment must match current schema/protocol,DECISION_REGISTER.json/D-S01-03,,,UNASSIGNED,"[{""taskId"":""RP01-T03"",""ref"":""D-S01-03"",""before"":""IMPLEMENTATION"",""condition"":""always""}]",OPTIONAL_APPROVAL_REQUIRED,DRAFT_NOT_APPROVED,TO_BE_RECORDED_ON_EXECUTION,PLANNED_ONLY_NOT_EVIDENCE
DECISION-D-S01-04,,RP03,DESIGN_APPROVAL,NAMED_APPROVAL_ARTIFACT,决策批准含精确范围、选择、责任人/日期/证据和兼容窗；risk acceptance另登记，不关闭未修问题。,exact baseline+approved scope+owned fixture/auth success preconditions+command/exit/log+actual DB/IDB/file state+cleanup; document gates use attributable static review/approval artifacts,PASS,RP03-T02,D-S01-04;T-RP-09,D-S01-04;S03-OI-06,PENDING_DECISION,Applicable conditional gates only; no execution authorization granted; before negative tests prove authorized success fixture and current candidate,Rejected operation: no unapproved durable changes; failed run retains recoverable copy/last safe state; rollback or containment must match current schema/protocol,DECISION_REGISTER.json/D-S01-04,,execution/RP03/RP03-T02/runs/2026-10-06-continuous-remediation-01/acceptance.json,Codex single executor,"[{""taskId"":""RP03-T02"",""ref"":""D-S01-04"",""before"":""IMPLEMENTATION"",""condition"":""always""},{""taskId"":""RP03-T02"",""ref"":""T-RP-09"",""before"":""IMPLEMENTATION"",""condition"":""always""},{""taskId"":""RP03-T02"",""ref"":""S03-OI-06"",""before"":""IMPLEMENTATION"",""condition"":""same D-S01-04 approval; no second approval required""}]",APPLICABLE_ACTIVATED_SCOPE_ONLY,DRAFT_NOT_APPROVED,Current dirty-worktree hashes: execution/RP03/RP03-T02/runs/2026-10-06-continuous-remediation-01/evidence/source-hashes.json,NAMED_APPROVAL_ARTIFACT
DECISION-D-S01-05,,"RP06,RP08",DESIGN_APPROVAL,NAMED_APPROVAL_ARTIFACT,决策批准含精确范围、选择、责任人/日期/证据和兼容窗；risk acceptance另登记，不关闭未修问题。,exact baseline+approved scope+owned fixture/auth success preconditions+command/exit/log+actual DB/IDB/file state+cleanup; document gates use attributable static review/approval artifacts,PASS,RP06-T01;RP08-T01,D-S01-05,D-S01-05,PENDING_DECISION,Applicable conditional gates only; no execution authorization granted; before negative tests prove authorized success fixture and current candidate,Rejected operation: no unapproved durable changes; failed run retains recoverable copy/last safe state; rollback or containment must match current schema/protocol,DECISION_REGISTER.json/D-S01-05,,execution/RP06/RP06-T01/runs/2026-10-06-continuous-remediation-01/acceptance.json,Codex single executor,"[{""taskId"":""RP06-T01"",""ref"":""D-S01-05"",""before"":""IMPLEMENTATION"",""condition"":""always""},{""taskId"":""RP08-T01"",""ref"":""D-S01-05"",""before"":""IMPLEMENTATION"",""condition"":""only if registration global exception is requested""}]",APPLICABLE_ACTIVATED_SCOPE_ONLY,DRAFT_NOT_APPROVED,Current dirty-worktree hashes: execution/RP06/RP06-T01/runs/2026-10-06-continuous-remediation-01/evidence/source-hashes.json,NAMED_APPROVAL_ARTIFACT
DECISION-D-S01-06,,"RP06,RP07",DESIGN_APPROVAL,NAMED_APPROVAL_ARTIFACT,决策批准含精确范围、选择、责任人/日期/证据和兼容窗；risk acceptance另登记，不关闭未修问题。,exact baseline+approved scope+owned fixture/auth success preconditions+command/exit/log+actual DB/IDB/file state+cleanup; document gates use attributable static review/approval artifacts,PASS,RP06-T02;RP07-T02,D-S01-06,D-S01-06;S03-OI-07,PENDING_DECISION,Applicable conditional gates only; no execution authorization granted; before negative tests prove authorized success fixture and current candidate,Rejected operation: no unapproved durable changes; failed run retains recoverable copy/last safe state; rollback or containment must match current schema/protocol,DECISION_REGISTER.json/D-S01-06,,execution/RP07/RP07-T02/runs/2026-10-06-continuous-remediation-01/acceptance.json,Codex single executor,"[{""taskId"":""RP06-T02"",""ref"":""D-S01-06"",""before"":""IMPLEMENTATION"",""condition"":""always""},{""taskId"":""RP07-T02"",""ref"":""D-S01-06"",""before"":""IMPLEMENTATION"",""condition"":""always""},{""taskId"":""RP07-T02"",""ref"":""S03-OI-07"",""before"":""IMPLEMENTATION"",""condition"":""same D-S01-06 approval; no second approval required""}]",APPLICABLE_ACTIVATED_SCOPE_ONLY,DRAFT_NOT_APPROVED,Current dirty-worktree hashes: execution/RP07/RP07-T02/runs/2026-10-06-continuous-remediation-01/evidence/source-hashes.json,NAMED_APPROVAL_ARTIFACT
DECISION-D-S01-07,,RP10,DESIGN_APPROVAL,NAMED_APPROVAL_ARTIFACT,决策批准含精确范围、选择、责任人/日期/证据和兼容窗；risk acceptance另登记，不关闭未修问题。,exact baseline+approved scope+owned fixture/auth success preconditions+command/exit/log+actual DB/IDB/file state+cleanup; document gates use attributable static review/approval artifacts,PASS,RP10-T02;RP10-T03,D-S01-07,D-S01-07;S03-OI-08,APPROVED_SCOPED_ACCEPTANCE,Applicable conditional gates only; no execution authorization granted; before negative tests prove authorized success fixture and current candidate,Rejected operation: no unapproved durable changes; failed run retains recoverable copy/last safe state; rollback or containment must match current schema/protocol,DECISION_REGISTER.json/D-S01-07,,execution/RP10/RP10-T03/runs/2026-10-05-approved-contracts-01/acceptance.json,Codex single executor,"[{""taskId"":""RP10-T02"",""ref"":""D-S01-07"",""before"":""IMPLEMENTATION"",""condition"":""source-state behavior changed""},{""taskId"":""RP10-T03"",""ref"":""D-S01-07"",""before"":""IMPLEMENTATION"",""condition"":""always""},{""taskId"":""RP10-T03"",""ref"":""S03-OI-08"",""before"":""VALIDATION"",""condition"":""always""}]",APPLICABLE_ACTIVATED_SCOPE_ONLY,EXECUTED_NAMED_APPROVAL,Current dirty-worktree hashes: execution/RP10/RP10-T03/runs/2026-10-05-approved-contracts-01/evidence/source-hashes.json,NAMED_APPROVAL_ARTIFACT
DECISION-D-S01-08,,"RP05,RP13,RP15",DESIGN_APPROVAL,NAMED_APPROVAL_ARTIFACT,决策批准含精确范围、选择、责任人/日期/证据和兼容窗；risk acceptance另登记，不关闭未修问题。,exact baseline+approved scope+owned fixture/auth success preconditions+command/exit/log+actual DB/IDB/file state+cleanup; document gates use attributable static review/approval artifacts,PASS,RP05-T02;RP05-T03;RP13-T03;RP15-T02;RP15-T03,D-S01-08;T-RP-07;T-RP-11;T-RP-04;T-RP-10,D-S01-08;S03-OI-05;S03-OI-04,PENDING_DECISION,Applicable conditional gates only; no execution authorization granted; before negative tests prove authorized success fixture and current candidate,Rejected operation: no unapproved durable changes; failed run retains recoverable copy/last safe state; rollback or containment must match current schema/protocol,DECISION_REGISTER.json/D-S01-08,,execution/RP05/RP05-T02/runs/2026-10-06-continuous-remediation-01/acceptance.json,Codex single executor,"[{""taskId"":""RP05-T02"",""ref"":""D-S01-08"",""before"":""IMPLEMENTATION"",""condition"":""always""},{""taskId"":""RP05-T02"",""ref"":""T-RP-07"",""before"":""IMPLEMENTATION"",""condition"":""always""},{""taskId"":""RP05-T02"",""ref"":""S03-OI-05"",""before"":""IMPLEMENTATION"",""condition"":""only if stale/delete command adapter is changed; no gate on unrelated task fields or report snapshot""},{""taskId"":""RP05-T03"",""ref"":""D-S01-08"",""before"":""IMPLEMENTATION"",""condition"":""DAG/live policy approved""},{""taskId"":""RP05-T03"",""ref"":""T-RP-11"",""before"":""VALIDATION"",""condition"":""always""},{""taskId"":""RP13-T03"",""ref"":""T-RP-04"",""before"":""IMPLEMENTATION"",""condition"":""always""},{""taskId"":""RP13-T03"",""ref"":""T-RP-10"",""before"":""IMPLEMENTATION"",""condition"":""always""},{""taskId"":""RP13-T03"",""ref"":""S03-OI-04"",""before"":""RELEASE"",""condition"":""always""},{""taskId"":""RP13-T03"",""ref"":""D-S01-08"",""before"":""IMPLEMENTATION"",""condition"":""only when approved delete/live-reference/tombstone semantics are changed""},{""taskId"":""RP15-T02"",""ref"":""D-S01-08"",""before"":""IMPLEMENTATION"",""condition"":""always""},{""taskId"":""RP15-T02"",""ref"":""T-RP-11"",""before"":""IMPLEMENTATION"",""condition"":""always""},{""taskId"":""RP15-T03"",""ref"":""D-S01-08"",""before"":""IMPLEMENTATION"",""condition"":""always""},{""taskId"":""RP15-T03"",""ref"":""T-RP-11"",""before"":""VALIDATION"",""condition"":""always""}]",APPLICABLE_ACTIVATED_SCOPE_ONLY,DRAFT_NOT_APPROVED,Current dirty-worktree hashes: execution/RP05/RP05-T02/runs/2026-10-06-continuous-remediation-01/evidence/source-hashes.json,NAMED_APPROVAL_ARTIFACT
DECISION-T-RP-01,,RP11,DESIGN_APPROVAL,NAMED_APPROVAL_ARTIFACT,决策批准含精确范围、选择、责任人/日期/证据和兼容窗；risk acceptance另登记，不关闭未修问题。,exact baseline+approved scope+owned fixture/auth success preconditions+command/exit/log+actual DB/IDB/file state+cleanup; document gates use attributable static review/approval artifacts,PASS,RP11-T02,T-RP-01,S02-OPEN-06;S02-OPEN-07,PENDING_DECISION,Applicable conditional gates only; no execution authorization granted; before negative tests prove authorized success fixture and current candidate,Rejected operation: no unapproved durable changes; failed run retains recoverable copy/last safe state; rollback or containment must match current schema/protocol,DECISION_REGISTER.json/T-RP-01,,execution/RP11/RP11-T02/runs/2026-10-06-continuous-remediation-01/acceptance.json,Codex single executor,"[{""taskId"":""RP11-T02"",""ref"":""T-RP-01"",""before"":""IMPLEMENTATION"",""condition"":""always""},{""taskId"":""RP11-T02"",""ref"":""S02-OPEN-06"",""before"":""VALIDATION"",""condition"":""always""},{""taskId"":""RP11-T02"",""ref"":""S02-OPEN-07"",""before"":""VALIDATION"",""condition"":""always""}]",APPLICABLE_ACTIVATED_SCOPE_ONLY,DRAFT_NOT_APPROVED,Current dirty-worktree hashes: execution/RP11/RP11-T02/runs/2026-10-06-continuous-remediation-01/evidence/source-hashes.json,NAMED_APPROVAL_ARTIFACT
DECISION-T-RP-02,,"RP09,RP12",DESIGN_APPROVAL,NAMED_APPROVAL_ARTIFACT,决策批准含精确范围、选择、责任人/日期/证据和兼容窗；risk acceptance另登记，不关闭未修问题。,exact baseline+approved scope+owned fixture/auth success preconditions+command/exit/log+actual DB/IDB/file state+cleanup; document gates use attributable static review/approval artifacts,PASS,RP09-T01;RP09-T02;RP12-T02,T-RP-02;T-RP-07;T-RP-12,S03-OI-05;S03-OI-02;S03-OI-04,PENDING_DECISION,Applicable conditional gates only; no execution authorization granted; before negative tests prove authorized success fixture and current candidate,Rejected operation: no unapproved durable changes; failed run retains recoverable copy/last safe state; rollback or containment must match current schema/protocol,DECISION_REGISTER.json/T-RP-02,,execution/RP09/RP09-T01/runs/2026-10-05-sync-receipts-01/acceptance.json,Codex single executor,"[{""taskId"":""RP09-T01"",""ref"":""T-RP-02"",""before"":""IMPLEMENTATION"",""condition"":""always""},{""taskId"":""RP09-T01"",""ref"":""T-RP-07"",""before"":""IMPLEMENTATION"",""condition"":""delete command adapter modified""},{""taskId"":""RP09-T01"",""ref"":""S03-OI-05"",""before"":""IMPLEMENTATION"",""condition"":""only if stale/delete command adapter is changed; no gate on unrelated task fields or report snapshot""},{""taskId"":""RP09-T02"",""ref"":""S03-OI-02"",""before"":""VALIDATION"",""condition"":""always""},{""taskId"":""RP09-T02"",""ref"":""S03-OI-04"",""before"":""RELEASE"",""condition"":""always""},{""taskId"":""RP09-T02"",""ref"":""T-RP-02"",""before"":""IMPLEMENTATION"",""condition"":""always""},{""taskId"":""RP12-T02"",""ref"":""T-RP-02"",""before"":""IMPLEMENTATION"",""condition"":""always""},{""taskId"":""RP12-T02"",""ref"":""T-RP-12"",""before"":""IMPLEMENTATION"",""condition"":""always""}]",APPLICABLE_ACTIVATED_SCOPE_ONLY,DRAFT_NOT_APPROVED,Current dirty-worktree hashes: execution/RP09/RP09-T01/runs/2026-10-05-sync-receipts-01/evidence/source-hashes.json,NAMED_APPROVAL_ARTIFACT
DECISION-T-RP-03,,RP10,DESIGN_APPROVAL,NAMED_APPROVAL_ARTIFACT,决策批准含精确范围、选择、责任人/日期/证据和兼容窗；risk acceptance另登记，不关闭未修问题。,exact baseline+approved scope+owned fixture/auth success preconditions+command/exit/log+actual DB/IDB/file state+cleanup; document gates use attributable static review/approval artifacts,NOT_RUN,RP10-T01,T-RP-03,S03-OI-05,PENDING_DECISION,Applicable conditional gates only; no execution authorization granted; before negative tests prove authorized success fixture and current candidate,Rejected operation: no unapproved durable changes; failed run retains recoverable copy/last safe state; rollback or containment must match current schema/protocol,DECISION_REGISTER.json/T-RP-03,,,UNASSIGNED,"[{""taskId"":""RP10-T01"",""ref"":""T-RP-03"",""before"":""IMPLEMENTATION"",""condition"":""always""},{""taskId"":""RP10-T01"",""ref"":""S03-OI-05"",""before"":""IMPLEMENTATION"",""condition"":""only if stale/delete command adapter is changed; no gate on unrelated task fields or report snapshot""}]",APPLICABLE_ACTIVATED_SCOPE_ONLY,DRAFT_NOT_APPROVED,TO_BE_RECORDED_ON_EXECUTION,PLANNED_ONLY_NOT_EVIDENCE
DECISION-T-RP-04,,"RP08,RP13",DESIGN_APPROVAL,NAMED_APPROVAL_ARTIFACT,决策批准含精确范围、选择、责任人/日期/证据和兼容窗；risk acceptance另登记，不关闭未修问题。,exact baseline+approved scope+owned fixture/auth success preconditions+command/exit/log+actual DB/IDB/file state+cleanup; document gates use attributable static review/approval artifacts,PASS,RP08-T02;RP13-T02;RP13-T03,T-RP-04;T-RP-12;T-RP-10;D-S01-08,S02-OPEN-02;S03-OI-01;S03-OI-04;D-S01-08,PENDING_DECISION,Applicable conditional gates only; no execution authorization granted; before negative tests prove authorized success fixture and current candidate,Rejected operation: no unapproved durable changes; failed run retains recoverable copy/last safe state; rollback or containment must match current schema/protocol,DECISION_REGISTER.json/T-RP-04,,execution/RP13/RP13-T03/runs/2026-10-06-continuous-remediation-01/acceptance.json,Codex single executor,"[{""taskId"":""RP08-T02"",""ref"":""T-RP-04"",""before"":""IMPLEMENTATION"",""condition"":""always""},{""taskId"":""RP08-T02"",""ref"":""T-RP-12"",""before"":""IMPLEMENTATION"",""condition"":""always""},{""taskId"":""RP08-T02"",""ref"":""S02-OPEN-02"",""before"":""VALIDATION"",""condition"":""joint authorized cache/page fallback acceptance""},{""taskId"":""RP13-T02"",""ref"":""T-RP-04"",""before"":""VALIDATION"",""condition"":""always""},{""taskId"":""RP13-T02"",""ref"":""T-RP-10"",""before"":""VALIDATION"",""condition"":""always""},{""taskId"":""RP13-T02"",""ref"":""S03-OI-01"",""before"":""VALIDATION"",""condition"":""always""},{""taskId"":""RP13-T03"",""ref"":""T-RP-04"",""before"":""IMPLEMENTATION"",""condition"":""always""},{""taskId"":""RP13-T03"",""ref"":""T-RP-10"",""before"":""IMPLEMENTATION"",""condition"":""always""},{""taskId"":""RP13-T03"",""ref"":""S03-OI-04"",""before"":""RELEASE"",""condition"":""always""},{""taskId"":""RP13-T03"",""ref"":""D-S01-08"",""before"":""IMPLEMENTATION"",""condition"":""only when approved delete/live-reference/tombstone semantics are changed""}]",APPLICABLE_ACTIVATED_SCOPE_ONLY,DRAFT_NOT_APPROVED,Current dirty-worktree hashes: execution/RP13/RP13-T03/runs/2026-10-06-continuous-remediation-01/evidence/source-hashes.json,NAMED_APPROVAL_ARTIFACT
DECISION-T-RP-05,,RP14,DESIGN_APPROVAL,NAMED_APPROVAL_ARTIFACT,决策批准含精确范围、选择、责任人/日期/证据和兼容窗；risk acceptance另登记，不关闭未修问题。,exact baseline+approved scope+owned fixture/auth success preconditions+command/exit/log+actual DB/IDB/file state+cleanup; document gates use attributable static review/approval artifacts,PASS,RP14-T02,T-RP-05,,APPROVED_SCOPED_ACCEPTANCE,Applicable conditional gates only; no execution authorization granted; before negative tests prove authorized success fixture and current candidate,Rejected operation: no unapproved durable changes; failed run retains recoverable copy/last safe state; rollback or containment must match current schema/protocol,DECISION_REGISTER.json/T-RP-05,,execution/RP14/RP14-T02/runs/2026-10-05-approved-contracts-01/acceptance.json,Codex single executor,"[{""taskId"":""RP14-T02"",""ref"":""T-RP-05"",""before"":""IMPLEMENTATION"",""condition"":""always""}]",APPLICABLE_ACTIVATED_SCOPE_ONLY,EXECUTED_NAMED_APPROVAL,Current dirty-worktree hashes: execution/RP14/RP14-T02/runs/2026-10-05-approved-contracts-01/evidence/source-hashes.json,NAMED_APPROVAL_ARTIFACT
DECISION-T-RP-06,,RP16,DESIGN_APPROVAL,NAMED_APPROVAL_ARTIFACT,决策批准含精确范围、选择、责任人/日期/证据和兼容窗；risk acceptance另登记，不关闭未修问题。,exact baseline+approved scope+owned fixture/auth success preconditions+command/exit/log+actual DB/IDB/file state+cleanup; document gates use attributable static review/approval artifacts,PASS,RP16-T01;RP16-T02,T-RP-06,S05-OI-03,PENDING_DECISION,Applicable conditional gates only; no execution authorization granted; before negative tests prove authorized success fixture and current candidate,Rejected operation: no unapproved durable changes; failed run retains recoverable copy/last safe state; rollback or containment must match current schema/protocol,DECISION_REGISTER.json/T-RP-06,,execution/RP16/RP16-T02/runs/2026-10-06-continuous-remediation-01/acceptance.json,Codex single executor,"[{""taskId"":""RP16-T01"",""ref"":""T-RP-06"",""before"":""IMPLEMENTATION"",""condition"":""always""},{""taskId"":""RP16-T02"",""ref"":""T-RP-06"",""before"":""IMPLEMENTATION"",""condition"":""always""},{""taskId"":""RP16-T02"",""ref"":""S05-OI-03"",""before"":""VALIDATION"",""condition"":""always""}]",APPLICABLE_ACTIVATED_SCOPE_ONLY,DRAFT_NOT_APPROVED,Current dirty-worktree hashes: execution/RP16/RP16-T02/runs/2026-10-06-continuous-remediation-01/evidence/source-hashes.json,NAMED_APPROVAL_ARTIFACT
DECISION-T-RP-07,,"RP05,RP09",DESIGN_APPROVAL,NAMED_APPROVAL_ARTIFACT,决策批准含精确范围、选择、责任人/日期/证据和兼容窗；risk acceptance另登记，不关闭未修问题。,exact baseline+approved scope+owned fixture/auth success preconditions+command/exit/log+actual DB/IDB/file state+cleanup; document gates use attributable static review/approval artifacts,PASS,RP05-T02;RP09-T01,T-RP-07;D-S01-08;T-RP-02,D-S01-08;S03-OI-05,PENDING_DECISION,Applicable conditional gates only; no execution authorization granted; before negative tests prove authorized success fixture and current candidate,Rejected operation: no unapproved durable changes; failed run retains recoverable copy/last safe state; rollback or containment must match current schema/protocol,DECISION_REGISTER.json/T-RP-07,,execution/RP05/RP05-T02/runs/2026-10-06-continuous-remediation-01/acceptance.json,Codex single executor,"[{""taskId"":""RP05-T02"",""ref"":""D-S01-08"",""before"":""IMPLEMENTATION"",""condition"":""always""},{""taskId"":""RP05-T02"",""ref"":""T-RP-07"",""before"":""IMPLEMENTATION"",""condition"":""always""},{""taskId"":""RP05-T02"",""ref"":""S03-OI-05"",""before"":""IMPLEMENTATION"",""condition"":""only if stale/delete command adapter is changed; no gate on unrelated task fields or report snapshot""},{""taskId"":""RP09-T01"",""ref"":""T-RP-02"",""before"":""IMPLEMENTATION"",""condition"":""always""},{""taskId"":""RP09-T01"",""ref"":""T-RP-07"",""before"":""IMPLEMENTATION"",""condition"":""delete command adapter modified""},{""taskId"":""RP09-T01"",""ref"":""S03-OI-05"",""before"":""IMPLEMENTATION"",""condition"":""only if stale/delete command adapter is changed; no gate on unrelated task fields or report snapshot""}]",APPLICABLE_ACTIVATED_SCOPE_ONLY,DRAFT_NOT_APPROVED,Current dirty-worktree hashes: execution/RP05/RP05-T02/runs/2026-10-06-continuous-remediation-01/evidence/source-hashes.json,NAMED_APPROVAL_ARTIFACT
DECISION-T-RP-08,,RP18,DESIGN_APPROVAL,NAMED_APPROVAL_ARTIFACT,决策批准含精确范围、选择、责任人/日期/证据和兼容窗；risk acceptance另登记，不关闭未修问题。,exact baseline+approved scope+owned fixture/auth success preconditions+command/exit/log+actual DB/IDB/file state+cleanup; document gates use attributable static review/approval artifacts,PASS,RP18-T01;RP18-T03,T-RP-08;T-RP-09,S05-OI-04,PENDING_DECISION,Applicable conditional gates only; no execution authorization granted; before negative tests prove authorized success fixture and current candidate,Rejected operation: no unapproved durable changes; failed run retains recoverable copy/last safe state; rollback or containment must match current schema/protocol,DECISION_REGISTER.json/T-RP-08,,execution/RP18/RP18-T01/runs/2026-10-06-continuous-remediation-01/acceptance.json,Codex single executor,"[{""taskId"":""RP18-T01"",""ref"":""T-RP-08"",""before"":""IMPLEMENTATION"",""condition"":""always""},{""taskId"":""RP18-T01"",""ref"":""T-RP-09"",""before"":""IMPLEMENTATION"",""condition"":""always""},{""taskId"":""RP18-T03"",""ref"":""S05-OI-04"",""before"":""VALIDATION"",""condition"":""always""},{""taskId"":""RP18-T03"",""ref"":""T-RP-08"",""before"":""IMPLEMENTATION"",""condition"":""always""}]",APPLICABLE_ACTIVATED_SCOPE_ONLY,DRAFT_NOT_APPROVED,Current dirty-worktree hashes: execution/RP18/RP18-T01/runs/2026-10-06-continuous-remediation-01/evidence/source-hashes.json,NAMED_APPROVAL_ARTIFACT
DECISION-T-RP-09,,"RP00,RP02,RP03,RP11,RP18",DESIGN_APPROVAL,NAMED_APPROVAL_ARTIFACT,决策批准含精确范围、选择、责任人/日期/证据和兼容窗；risk acceptance另登记，不关闭未修问题。,exact baseline+approved scope+owned fixture/auth success preconditions+command/exit/log+actual DB/IDB/file state+cleanup; document gates use attributable static review/approval artifacts,PASS,RP00-T04;RP02-T02;RP03-T01;RP03-T02;RP11-T01;RP18-T01,T-RP-09;D-S01-04;T-RP-12;T-RP-08,S02-OPEN-05;D-S01-04;S03-OI-06;S02-OPEN-01;S02-OPEN-02,PENDING_DECISION,Applicable conditional gates only; no execution authorization granted; before negative tests prove authorized success fixture and current candidate,Rejected operation: no unapproved durable changes; failed run retains recoverable copy/last safe state; rollback or containment must match current schema/protocol,DECISION_REGISTER.json/T-RP-09,,execution/RP18/RP18-T01/runs/2026-10-06-continuous-remediation-01/acceptance.json,Codex single executor,"[{""taskId"":""RP00-T04"",""ref"":""T-RP-09"",""before"":""VALIDATION"",""condition"":""always""},{""taskId"":""RP02-T02"",""ref"":""T-RP-09"",""before"":""IMPLEMENTATION"",""condition"":""always""},{""taskId"":""RP03-T01"",""ref"":""T-RP-09"",""before"":""IMPLEMENTATION"",""condition"":""always""},{""taskId"":""RP03-T01"",""ref"":""S02-OPEN-05"",""before"":""VALIDATION"",""condition"":""always""},{""taskId"":""RP03-T02"",""ref"":""D-S01-04"",""before"":""IMPLEMENTATION"",""condition"":""always""},{""taskId"":""RP03-T02"",""ref"":""T-RP-09"",""before"":""IMPLEMENTATION"",""condition"":""always""},{""taskId"":""RP03-T02"",""ref"":""S03-OI-06"",""before"":""IMPLEMENTATION"",""condition"":""same D-S01-04 approval; no second approval required""},{""taskId"":""RP11-T01"",""ref"":""T-RP-09"",""before"":""IMPLEMENTATION"",""condition"":""always""},{""taskId"":""RP11-T01"",""ref"":""T-RP-12"",""before"":""IMPLEMENTATION"",""condition"":""always""},{""taskId"":""RP11-T01"",""ref"":""S02-OPEN-01"",""before"":""VALIDATION"",""condition"":""always""},{""taskId"":""RP11-T01"",""ref"":""S02-OPEN-02"",""before"":""VALIDATION"",""condition"":""always""},{""taskId"":""RP18-T01"",""ref"":""T-RP-08"",""before"":""IMPLEMENTATION"",""condition"":""always""},{""taskId"":""RP18-T01"",""ref"":""T-RP-09"",""before"":""IMPLEMENTATION"",""condition"":""always""}]",APPLICABLE_ACTIVATED_SCOPE_ONLY,DRAFT_NOT_APPROVED,Current dirty-worktree hashes: execution/RP18/RP18-T01/runs/2026-10-06-continuous-remediation-01/evidence/source-hashes.json,NAMED_APPROVAL_ARTIFACT
DECISION-T-RP-10,,"RP13,RP16,RP19",DESIGN_APPROVAL,NAMED_APPROVAL_ARTIFACT,决策批准含精确范围、选择、责任人/日期/证据和兼容窗；risk acceptance另登记，不关闭未修问题。,exact baseline+approved scope+owned fixture/auth success preconditions+command/exit/log+actual DB/IDB/file state+cleanup; document gates use attributable static review/approval artifacts,PASS,RP13-T02;RP13-T03;RP16-T03;RP19-T02,T-RP-10;T-RP-04;D-S01-08,S03-OI-01;S03-OI-04;D-S01-08;S05-OI-02,PENDING_DECISION,Applicable conditional gates only; no execution authorization granted; before negative tests prove authorized success fixture and current candidate,Rejected operation: no unapproved durable changes; failed run retains recoverable copy/last safe state; rollback or containment must match current schema/protocol,DECISION_REGISTER.json/T-RP-10,,execution/RP16/RP16-T03/runs/2026-10-06-continuous-remediation-01/acceptance.json,Codex single executor,"[{""taskId"":""RP13-T02"",""ref"":""T-RP-04"",""before"":""VALIDATION"",""condition"":""always""},{""taskId"":""RP13-T02"",""ref"":""T-RP-10"",""before"":""VALIDATION"",""condition"":""always""},{""taskId"":""RP13-T02"",""ref"":""S03-OI-01"",""before"":""VALIDATION"",""condition"":""always""},{""taskId"":""RP13-T03"",""ref"":""T-RP-04"",""before"":""IMPLEMENTATION"",""condition"":""always""},{""taskId"":""RP13-T03"",""ref"":""T-RP-10"",""before"":""IMPLEMENTATION"",""condition"":""always""},{""taskId"":""RP13-T03"",""ref"":""S03-OI-04"",""before"":""RELEASE"",""condition"":""always""},{""taskId"":""RP13-T03"",""ref"":""D-S01-08"",""before"":""IMPLEMENTATION"",""condition"":""only when approved delete/live-reference/tombstone semantics are changed""},{""taskId"":""RP16-T03"",""ref"":""T-RP-10"",""before"":""IMPLEMENTATION"",""condition"":""always""},{""taskId"":""RP19-T02"",""ref"":""T-RP-10"",""before"":""IMPLEMENTATION"",""condition"":""always""},{""taskId"":""RP19-T02"",""ref"":""S05-OI-02"",""before"":""VALIDATION"",""condition"":""always""}]",APPLICABLE_ACTIVATED_SCOPE_ONLY,DRAFT_NOT_APPROVED,Current dirty-worktree hashes: execution/RP16/RP16-T03/runs/2026-10-06-continuous-remediation-01/evidence/source-hashes.json,NAMED_APPROVAL_ARTIFACT
DECISION-T-RP-11,,"RP00,RP05,RP12,RP15,RP17",DESIGN_APPROVAL,NAMED_APPROVAL_ARTIFACT,决策批准含精确范围、选择、责任人/日期/证据和兼容窗；risk acceptance另登记，不关闭未修问题。,exact baseline+approved scope+owned fixture/auth success preconditions+command/exit/log+actual DB/IDB/file state+cleanup; document gates use attributable static review/approval artifacts,PASS,RP00-T05;RP05-T03;RP12-T01;RP15-T02;RP15-T03;RP17-T02,T-RP-11;T-RP-13;D-S01-08,D-S01-08;S02-OPEN-04,PENDING_DECISION,Applicable conditional gates only; no execution authorization granted; before negative tests prove authorized success fixture and current candidate,Rejected operation: no unapproved durable changes; failed run retains recoverable copy/last safe state; rollback or containment must match current schema/protocol,DECISION_REGISTER.json/T-RP-11,,execution/RP17/RP17-T02/runs/2026-10-06-continuous-remediation-01/acceptance.json,Codex single executor,"[{""taskId"":""RP00-T05"",""ref"":""T-RP-11"",""before"":""VALIDATION"",""condition"":""always""},{""taskId"":""RP00-T05"",""ref"":""T-RP-13"",""before"":""VALIDATION"",""condition"":""always""},{""taskId"":""RP05-T03"",""ref"":""D-S01-08"",""before"":""IMPLEMENTATION"",""condition"":""DAG/live policy approved""},{""taskId"":""RP05-T03"",""ref"":""T-RP-11"",""before"":""VALIDATION"",""condition"":""always""},{""taskId"":""RP12-T01"",""ref"":""S02-OPEN-04"",""before"":""VALIDATION"",""condition"":""always""},{""taskId"":""RP12-T01"",""ref"":""T-RP-11"",""before"":""IMPLEMENTATION"",""condition"":""always""},{""taskId"":""RP15-T02"",""ref"":""D-S01-08"",""before"":""IMPLEMENTATION"",""condition"":""always""},{""taskId"":""RP15-T02"",""ref"":""T-RP-11"",""before"":""IMPLEMENTATION"",""condition"":""always""},{""taskId"":""RP15-T03"",""ref"":""D-S01-08"",""before"":""IMPLEMENTATION"",""condition"":""always""},{""taskId"":""RP15-T03"",""ref"":""T-RP-11"",""before"":""VALIDATION"",""condition"":""always""},{""taskId"":""RP17-T02"",""ref"":""T-RP-11"",""before"":""IMPLEMENTATION"",""condition"":""always""}]",APPLICABLE_ACTIVATED_SCOPE_ONLY,DRAFT_NOT_APPROVED,Current dirty-worktree hashes: execution/RP17/RP17-T02/runs/2026-10-06-continuous-remediation-01/evidence/source-hashes.json,NAMED_APPROVAL_ARTIFACT
DECISION-T-RP-12,,"RP08,RP11,RP12",DESIGN_APPROVAL,NAMED_APPROVAL_ARTIFACT,决策批准含精确范围、选择、责任人/日期/证据和兼容窗；risk acceptance另登记，不关闭未修问题。,exact baseline+approved scope+owned fixture/auth success preconditions+command/exit/log+actual DB/IDB/file state+cleanup; document gates use attributable static review/approval artifacts,PASS,RP08-T02;RP11-T01;RP11-T03;RP12-T02,T-RP-12;T-RP-04;T-RP-09;T-RP-02,S02-OPEN-02;S02-OPEN-01;S02-OPEN-03,PENDING_DECISION,Applicable conditional gates only; no execution authorization granted; before negative tests prove authorized success fixture and current candidate,Rejected operation: no unapproved durable changes; failed run retains recoverable copy/last safe state; rollback or containment must match current schema/protocol,DECISION_REGISTER.json/T-RP-12,,execution/RP11/RP11-T03/runs/2026-10-06-continuous-remediation-01/acceptance.json,Codex single executor,"[{""taskId"":""RP08-T02"",""ref"":""T-RP-04"",""before"":""IMPLEMENTATION"",""condition"":""always""},{""taskId"":""RP08-T02"",""ref"":""T-RP-12"",""before"":""IMPLEMENTATION"",""condition"":""always""},{""taskId"":""RP08-T02"",""ref"":""S02-OPEN-02"",""before"":""VALIDATION"",""condition"":""joint authorized cache/page fallback acceptance""},{""taskId"":""RP11-T01"",""ref"":""T-RP-09"",""before"":""IMPLEMENTATION"",""condition"":""always""},{""taskId"":""RP11-T01"",""ref"":""T-RP-12"",""before"":""IMPLEMENTATION"",""condition"":""always""},{""taskId"":""RP11-T01"",""ref"":""S02-OPEN-01"",""before"":""VALIDATION"",""condition"":""always""},{""taskId"":""RP11-T01"",""ref"":""S02-OPEN-02"",""before"":""VALIDATION"",""condition"":""always""},{""taskId"":""RP11-T03"",""ref"":""T-RP-12"",""before"":""IMPLEMENTATION"",""condition"":""always""},{""taskId"":""RP11-T03"",""ref"":""S02-OPEN-03"",""before"":""VALIDATION"",""condition"":""always""},{""taskId"":""RP12-T02"",""ref"":""T-RP-02"",""before"":""IMPLEMENTATION"",""condition"":""always""},{""taskId"":""RP12-T02"",""ref"":""T-RP-12"",""before"":""IMPLEMENTATION"",""condition"":""always""}]",APPLICABLE_ACTIVATED_SCOPE_ONLY,DRAFT_NOT_APPROVED,Current dirty-worktree hashes: execution/RP11/RP11-T03/runs/2026-10-06-continuous-remediation-01/evidence/source-hashes.json,NAMED_APPROVAL_ARTIFACT
DECISION-T-RP-13,,"RP00,RP18,RP19",DESIGN_APPROVAL,NAMED_APPROVAL_ARTIFACT,决策批准含精确范围、选择、责任人/日期/证据和兼容窗；risk acceptance另登记，不关闭未修问题。,exact baseline+approved scope+owned fixture/auth success preconditions+command/exit/log+actual DB/IDB/file state+cleanup; document gates use attributable static review/approval artifacts,PASS,RP00-T05;RP18-T02;RP19-T03,T-RP-13;T-RP-11,S05-OI-05;S05-OI-04,PENDING_DECISION,Applicable conditional gates only; no execution authorization granted; before negative tests prove authorized success fixture and current candidate,Rejected operation: no unapproved durable changes; failed run retains recoverable copy/last safe state; rollback or containment must match current schema/protocol,DECISION_REGISTER.json/T-RP-13,,execution/RP18/RP18-T02/runs/2026-10-06-continuous-remediation-01/acceptance.json,Codex single executor,"[{""taskId"":""RP00-T05"",""ref"":""T-RP-11"",""before"":""VALIDATION"",""condition"":""always""},{""taskId"":""RP00-T05"",""ref"":""T-RP-13"",""before"":""VALIDATION"",""condition"":""always""},{""taskId"":""RP18-T02"",""ref"":""T-RP-13"",""before"":""IMPLEMENTATION"",""condition"":""always""},{""taskId"":""RP18-T02"",""ref"":""S05-OI-05"",""before"":""RELEASE"",""condition"":""always""},{""taskId"":""RP19-T03"",""ref"":""S05-OI-04"",""before"":""RELEASE"",""condition"":""always""},{""taskId"":""RP19-T03"",""ref"":""S05-OI-05"",""before"":""RELEASE"",""condition"":""always""},{""taskId"":""RP19-T03"",""ref"":""T-RP-13"",""before"":""IMPLEMENTATION"",""condition"":""always""}]",APPLICABLE_ACTIVATED_SCOPE_ONLY,DRAFT_NOT_APPROVED,Current dirty-worktree hashes: execution/RP18/RP18-T02/runs/2026-10-06-continuous-remediation-01/evidence/source-hashes.json,NAMED_APPROVAL_ARTIFACT
